date,Precipitation,Runoff,SW_In,SW_Out,SW_Diversions,SW_Returns,GW_Diversions,GW_Returns,Recharge,GW_In,SW_to_GW,GW_Out,ET_Land_Surface,ET_SW,ET_Human_Use,ET_GW,ET_Total,Cumulative_Storage_Change_Human_Use,Cumulative_Storage_Change_GW,Monthly_Storage_Change_Human_Use,Monthly_Storage_Change_GW
Jan 1975,214.95,0.0,1.57,2.3,2.53,0.12,0.08,0.02,1.25,0,-3.23,0,213.7,0.09,0.86,0.0,214.65,129.58,0.0,0.0,0.0
Feb 1975,373.73,0.0,2.14,2.1,2.61,0.12,0.08,0.02,1.0,0,-2.59,0,372.73,0.13,1.1,0.0,373.96,131.18,-2.04,1.5999999999999899,-2.04
Mar 1975,501.73,1.4,1.44,5.09,1.25,0.12,0.08,0.02,1.94,0,-3.62,0,498.39,0.23,1.74,0.0,500.36,132.63,-3.68,1.44999999999999,-1.64
Apr 1975,349.67,0.0,1.98,11.18,0.24,9.4,0.08,0.02,0.18,0,-0.46,0,349.49,0.42,2.13,0.0,352.04,132.08,-5.41,-0.549999999999983,-1.73
May 1975,162.56,25.67,2.01,36.88,1.52,7.62,0.1,0.02,12.44,0,-3.58,0,124.45,0.49,3.16,1.12,129.21,120.85,-5.76,-11.23,-0.35
Jun 1975,18.65,19.76,4.8,25.57,10.56,8.53,0.23,0.02,17.36,0,-3.64,0,-18.47,0.62,7.34,8.31,-2.21,111.67,1.91,-9.17999999999999,7.67
Jul 1975,645.13,9.98,5.44,16.4,7.24,5.08,0.18,0.02,13.19,0,-3.69,0,621.95,0.55,5.71,7.9,636.12,106.56,7.12,-5.11,5.21
Aug 1975,268.54,4.94,1.15,14.07,7.7,12.28,0.19,0.02,10.79,0,-3.7,0,252.81,0.29,5.5,7.45,266.05,103.16,8.56,-3.4000000000000097,1.44
Sep 1975,675.18,3.84,4.48,16.72,3.19,8.22,0.12,0.02,8.16,0,-3.7,0,663.19,0.33,2.99,5.24,671.74,93.26,8.04,-9.89999999999999,-0.520000000000001
Oct 1975,46.02,1.63,1.08,8.27,0.24,2.29,0.08,0.02,2.06,0,-3.69,0,42.34,0.18,1.4,0.0,43.91,85.34,7.16,-7.92,-0.879999999999999
Nov 1975,234.16,0.0,0.78,1.67,0.69,0.12,0.08,0.02,0.61,0,-1.57,0,233.55,0.1,0.94,0.0,234.59,81.95,5.46,-3.39,-1.7
Dec 1975,154.9,0.0,1.06,1.46,1.48,0.12,0.08,0.02,0.71,0,-1.85,0,154.18,0.08,0.75,0.0,155.02,81.64,4.45,-0.310000000000002,-1.01
Jan 1976,59.88,0.0,1.6,1.6,1.94,0.13,0.09,0.02,0.74,0,-1.91,0,59.14,0.1,0.78,0.0,60.02,82.3,3.26,0.6599999999999971,-1.19
Feb 1976,326.64,0.0,1.14,0.82,0.75,0.13,0.09,0.02,0.17,0,-0.43,0,326.47,0.13,1.12,0.0,327.72,83.4,2.02,1.10000000000001,-1.24
Mar 1976,66.72,0.0,0.35,0.48,0.25,0.32,0.09,0.02,0.07,0,-0.19,0,66.64,0.13,1.46,0.0,68.23,82.96,1.7,-0.440000000000012,-0.32
Apr 1976,123.18,0.0,0.22,1.29,1.04,0.13,0.09,0.02,0.84,0,-2.16,0,122.34,0.18,1.81,0.0,124.33,81.51,1.52,-1.44999999999999,-0.18
May 1976,348.82,9.22,0.41,7.6,9.72,4.46,0.18,0.02,11.61,0,-3.52,0,327.99,0.3,5.3,6.68,340.26,80.67,0.13,-0.840000000000003,-1.39
Jun 1976,52.61,16.66,0.43,8.07,18.35,6.15,0.21,0.02,16.35,0,-3.53,0,19.6,0.36,6.86,8.54,35.36,80.78,1.38,0.10999999999999902,1.25
Jul 1976,384.46,9.41,4.77,7.34,14.24,4.64,0.18,0.02,13.33,0,-3.57,0,361.72,0.8,5.79,8.31,376.62,86.31,5.47,5.53,4.09
Aug 1976,498.68,10.74,3.99,22.1,6.41,10.75,0.16,0.02,12.8,0,-3.58,0,475.14,0.55,4.71,7.26,487.67,90.28,6.76,3.97,1.29
Sep 1976,509.29,9.28,2.26,8.05,10.39,3.63,0.16,0.02,10.39,0,-3.6,0,489.61,0.32,4.2,5.41,499.54,81.36,8.59,-8.92,1.83
Oct 1976,96.33,0.0,0.86,0.82,0.58,0.13,0.09,0.02,0.21,0,-0.56,0,96.11,0.14,1.26,0.0,97.5,84.07,9.84,2.7099999999999906,1.25
Nov 1976,85.77,0.0,0.4,1.15,0.58,0.13,0.09,0.02,0.5,0,-1.28,0,85.28,0.08,0.94,0.0,86.29,83.33,9.43,-0.7399999999999949,-0.41
Dec 1976,2.93,0.0,0.54,1.31,0.99,0.13,0.09,0.02,0.66,0,-1.7,0,2.27,0.06,0.72,0.0,3.05,82.91,8.58,-0.42000000000000204,-0.85
Jan 1977,355.36,0.0,0.87,1.04,1.23,0.13,0.09,0.02,0.52,0,-1.33,0,354.84,0.06,0.67,0.0,355.57,83.12,7.47,0.210000000000008,-1.11
Feb 1977,81.4,0.0,0.83,0.31,0.57,0.13,0.09,0.02,0.01,0,-0.03,0,81.39,0.09,1.01,0.0,82.49,83.63,6.59,0.509999999999991,-0.88
Mar 1977,36.88,0.0,0.66,0.26,1.22,0.13,0.09,0.02,0.32,0,-0.82,0,36.57,0.12,1.33,0.0,38.02,83.13,6.51,-0.5,-0.0800000000000001
Apr 1977,110.85,5.7,0.64,2.26,7.46,0.19,0.09,0.02,3.72,0,-3.44,0,101.44,0.24,1.87,0.18,103.73,82.96,5.94,-0.17000000000000198,-0.5699999999999991
May 1977,200.62,3.21,5.19,6.99,8.94,4.63,0.18,0.02,9.21,0,-3.44,0,188.19,0.54,5.52,6.64,200.88,88.42,5.97,5.46000000000001,0.0299999999999994
Jun 1977,57.07,11.31,1.01,12.18,10.85,7.65,0.22,0.02,14.31,0,-3.43,0,31.46,0.37,7.13,8.61,47.56,87.38,4.95,-1.04000000000001,-1.02
Jul 1977,732.76,22.27,6.93,16.57,19.33,3.88,0.17,0.02,18.25,0,-3.45,0,692.24,0.63,5.19,8.29,706.35,83.64,7.03,-3.7399999999999904,2.08
Aug 1977,660.34,21.24,20.62,10.66,37.07,3.2,0.15,0.02,16.95,0,-3.5,0,622.15,0.83,4.41,7.37,634.76,94.05,13.39,10.41,6.36
Sep 1977,358.53,2.31,4.84,17.08,6.51,13.21,0.16,0.02,8.0,0,-3.55,0,348.23,0.32,4.88,5.73,359.16,123.63,19.34,29.58,5.95
Oct 1977,164.1,0.0,0.2,3.87,1.24,1.61,0.1,0.02,2.04,0,-3.41,0,162.06,0.1,2.07,0.72,164.95,112.19,17.91,-11.44,-1.43
Nov 1977,289.76,0.0,0.36,1.81,0.25,0.45,0.09,0.02,0.52,0,-1.35,0,289.24,0.09,1.14,0.0,290.47,109.83,15.75,-2.36,-2.16
Dec 1977,160.93,0.0,0.31,0.86,0.25,0.35,0.09,0.02,0.2,0,-0.53,0,160.72,0.06,0.95,0.0,161.74,108.56,14.86,-1.27,-0.890000000000001
Jan 1978,524.26,0.0,0.67,0.87,0.92,0.13,0.09,0.02,0.41,0,-1.07,0,523.85,0.06,0.86,0.0,524.77,107.59,14.47,-0.969999999999999,-0.38999999999999896
Feb 1978,534.04,0.0,0.7,0.53,0.88,0.13,0.09,0.02,0.26,0,-0.67,0,533.78,0.08,1.07,0.0,534.93,107.59,13.75,0.0,-0.7200000000000011
Mar 1978,662.99,0.0,0.42,0.6,0.25,3.53,0.09,0.02,0.0,0,2.97,0,662.99,0.13,1.69,0.0,664.81,107.35,13.28,-0.24000000000000898,-0.47000000000000103
Apr 1978,199.15,2.69,0.09,12.16,0.46,6.67,0.09,0.02,2.53,0,-3.38,0,193.93,0.21,2.27,0.18,196.59,102.44,16.18,-4.91,2.9
May 1978,593.75,16.82,1.23,15.85,8.09,2.9,0.14,0.02,14.11,0,-3.37,0,562.83,0.37,4.24,6.29,573.73,94.03,15.09,-8.41,-1.09
Jun 1978,49.93,33.83,5.86,19.15,28.66,5.26,0.19,0.02,23.02,0,-3.4,0,-6.92,0.53,6.49,8.61,8.71,95.11,19.41,1.08,4.32
Jul 1978,114.29,4.38,3.36,16.32,10.48,16.04,0.21,0.02,11.84,0,-3.49,0,98.07,0.47,7.47,8.79,114.8,112.19,30.24,17.08,10.83
Aug 1978,195.02,0.81,2.6,13.41,7.74,14.59,0.18,0.02,9.19,0,-3.49,0,185.03,0.33,5.48,7.53,198.37,99.36,29.61,-12.83,-0.629999999999999
Sep 1978,386.76,4.4,0.48,9.19,7.22,8.22,0.17,0.02,8.8,0,-3.47,0,373.55,0.16,4.78,5.76,384.24,87.18,27.63,-12.18,-1.98
Oct 1978,474.84,6.11,0.06,0.27,9.89,0.61,0.1,0.02,4.67,0,-3.46,0,464.06,0.09,1.73,0.97,466.84,81.55,27.06,-5.63000000000001,-0.57
Nov 1978,927.1,4.65,1.87,7.51,2.43,0.13,0.09,0.02,3.14,0,-3.46,0,919.31,0.17,0.89,0.0,920.38,89.18,27.23,7.63000000000001,0.17000000000000198
Dec 1978,660.91,0.0,0.74,2.52,1.21,0.13,0.09,0.02,1.13,0,-2.93,0,659.78,0.07,0.69,0.0,660.54,90.65,26.84,1.47,-0.39000000000000107
Jan 1979,653.19,0.0,0.92,2.47,1.46,0.13,0.09,0.02,1.15,0,-2.97,0,652.04,0.07,0.66,0.0,652.77,91.11,24.97,0.45999999999999397,-1.87
Feb 1979,218.22,0.18,1.2,3.16,1.63,0.13,0.09,0.02,1.39,0,-3.42,0,216.65,0.13,0.97,0.0,217.76,91.85,23.09,0.7399999999999949,-1.88
Mar 1979,399.17,3.44,0.7,6.73,0.76,0.13,0.09,0.02,2.65,0,-3.4,0,393.09,0.18,1.43,0.0,394.69,92.44,21.0,0.5900000000000029,-2.09
Apr 1979,148.01,28.82,0.43,25.91,6.6,0.13,0.09,0.02,12.48,0,-3.39,0,106.71,0.27,1.87,0.01,108.86,91.7,20.19,-0.7399999999999949,-0.8099999999999989
May 1979,587.63,83.84,37.82,58.84,68.18,2.69,0.14,0.02,39.88,0,-3.46,0,463.91,0.8,4.05,6.1,474.86,96.36,29.2,4.66,9.01
Jun 1979,148.61,24.46,62.71,68.21,26.23,4.63,0.18,0.02,18.9,0,-3.71,0,105.26,1.07,6.82,8.0,121.15,157.91,59.41,61.55,30.21
Jul 1979,273.54,19.33,11.95,22.06,17.81,5.45,0.2,0.02,17.72,0,-3.77,0,236.49,0.63,8.02,8.78,253.92,172.84,66.44,14.93,7.03
Aug 1979,379.44,10.04,14.07,26.88,6.22,5.99,0.16,0.02,12.67,0,-3.82,0,356.74,0.82,5.8,7.3,370.66,177.36,71.43,4.520000000000009,4.990000000000009
Sep 1979,32.06,1.27,3.71,17.56,7.83,16.9,0.18,0.02,8.02,0,-3.83,0,22.77,0.31,6.14,6.05,35.27,171.93,72.84,-5.4300000000000095,1.41
Oct 1979,438.05,7.24,0.14,14.93,1.5,5.35,0.1,0.02,5.37,0,-3.82,0,425.43,0.12,2.67,1.09,429.31,156.88,70.82,-15.05,-2.0200000000000102
Nov 1979,472.94,0.0,0.19,0.37,0.95,0.13,0.09,0.02,0.41,0,-1.07,0,472.53,0.06,1.1,0.0,473.69,150.45,71.2,-6.4300000000000095,0.38000000000001
Dec 1979,314.21,0.0,0.57,0.76,2.43,0.13,0.09,0.02,0.99,0,-2.56,0,313.22,0.07,1.1,0.0,314.39,150.23,70.49,-0.219999999999999,-0.7100000000000078
Jan 1980,766.33,0.0,1.65,0.62,2.79,0.13,0.09,0.02,0.66,0,-1.71,0,765.67,0.09,1.03,0.0,766.8,151.49,68.85,1.26000000000002,-1.64
Feb 1980,680.84,0.0,1.96,0.43,1.15,0.13,0.09,0.02,0.0,0,0.37,0,680.84,0.14,1.43,0.0,682.42,153.18,67.74,1.69,-1.11
Mar 1980,363.85,0.0,0.25,1.59,0.26,2.5,0.09,0.02,0.0,0,0.78,0,363.85,0.12,1.92,0.0,365.89,152.83,68.04,-0.349999999999994,0.300000000000011
Apr 1980,210.78,24.83,0.57,13.77,15.22,0.13,0.09,0.02,11.04,0,-3.69,0,174.91,0.23,2.49,0.0,177.63,148.74,68.75,-4.09,0.7099999999999941
May 1980,223.12,3.54,43.96,28.2,24.03,1.59,0.12,0.02,5.5,0,-3.75,0,214.07,0.62,4.2,2.68,221.57,161.4,76.04,12.66,7.29000000000001
Jun 1980,0.01,11.21,13.88,38.37,11.4,21.65,0.22,0.02,14.88,0,-3.74,0,-26.09,0.72,9.18,9.1,-7.09,179.74,75.02,18.34,-1.02000000000001
Jul 1980,147.37,10.43,0.49,26.35,10.65,22.63,0.22,0.02,14.78,0,-3.76,0,122.16,0.32,8.58,9.29,140.35,160.5,76.86,-19.24,1.84
Aug 1980,417.37,9.86,0.5,13.86,7.08,7.06,0.17,0.02,12.89,0,-3.78,0,394.62,0.26,5.76,7.61,408.25,140.13,78.4,-20.37,1.54000000000001
Sep 1980,452.6,0.0,0.91,9.26,6.29,14.1,0.16,0.02,6.23,0,-0.81,0,446.36,0.27,4.98,5.92,457.53,134.55,79.75,-5.5799999999999805,1.3499999999999899
Oct 1980,282.34,3.44,0.19,12.27,0.27,5.26,0.09,0.02,2.8,0,-3.76,0,276.1,0.1,1.63,0.02,277.85,121.9,79.11,-12.65,-0.640000000000001
Nov 1980,69.7,0.0,0.28,1.11,0.61,0.13,0.09,0.02,0.54,0,-1.39,0,69.16,0.08,1.15,0.0,70.39,115.34,78.07,-6.56,-1.04000000000001
Dec 1980,115.82,0.0,0.64,1.37,1.24,0.13,0.09,0.02,0.75,0,-1.93,0,115.08,0.08,1.06,0.0,116.22,114.74,77.15,-0.600000000000009,-0.919999999999987
Jan 1981,50.58,0.0,0.76,0.57,0.91,0.14,0.09,0.02,0.25,0,-0.66,0,50.33,0.08,1.07,0.0,51.48,114.85,75.9,0.10999999999999902,-1.25
Feb 1981,144.33,0.0,0.23,0.39,1.09,0.14,0.09,0.02,0.46,0,-1.2,0,143.87,0.08,1.33,0.0,145.28,114.62,75.43,-0.22999999999999,-0.469999999999999
Mar 1981,653.57,0.0,0.32,0.42,0.25,6.13,0.09,0.02,0.0,0,5.66,0,653.57,0.11,1.58,0.0,655.26,114.32,74.63,-0.300000000000011,-0.800000000000011
Apr 1981,208.57,0.0,0.13,12.36,0.93,11.9,0.1,0.02,1.16,0,-1.43,0,207.41,0.17,2.55,0.61,210.74,106.93,80.22,-7.389999999999991,5.59
May 1981,311.76,2.0,0.05,10.45,8.13,13.13,0.2,0.02,8.67,0,-3.59,0,301.09,0.2,5.64,6.51,313.43,93.49,79.27,-13.44,-0.950000000000003
Jun 1981,124.29,12.27,1.6,10.29,13.53,6.79,0.24,0.02,15.14,0,-3.58,0,96.88,0.42,7.47,9.0,113.77,83.03,77.66,-10.46,-1.61
Jul 1981,885.33,47.9,6.49,10.75,51.71,5.18,0.21,0.02,28.34,0,-3.6,0,809.1,0.72,6.13,8.41,824.36,82.52,80.0,-0.510000000000005,2.34
Aug 1981,336.46,25.86,49.26,39.2,42.0,3.94,0.18,0.02,18.82,0,-3.74,0,291.78,1.6,5.3,7.37,306.05,123.1,96.15,40.58,16.15
Sep 1981,410.37,5.35,9.51,15.92,6.99,4.74,0.18,0.02,9.17,0,-3.8,0,395.86,0.5,5.4,5.63,407.38,156.01,103.71,32.91,7.559999999999991
Oct 1981,461.6,3.88,2.19,9.93,0.97,1.25,0.11,0.02,3.71,0,-3.8,0,454.0,0.23,2.05,0.74,457.03,153.01,103.29,-3.0,-0.41999999999998705
Nov 1981,204.01,0.0,1.23,1.24,0.98,0.14,0.1,0.02,0.37,0,-0.97,0,203.63,0.13,1.42,0.0,205.18,150.76,102.38,-2.25,-0.910000000000011
Dec 1981,36.28,0.0,1.44,0.6,1.43,0.14,0.1,0.02,0.21,0,-0.55,0,36.07,0.1,1.12,0.0,37.29,150.24,101.72,-0.519999999999982,-0.6599999999999971
Jan 1982,300.4,0.0,1.65,0.39,1.72,0.15,0.1,0.02,0.15,0,-0.39,0,300.25,0.09,1.02,0.0,301.36,150.48,101.31,0.239999999999981,-0.40999999999999703
Feb 1982,493.01,0.0,2.15,0.64,1.51,0.15,0.1,0.03,0.0,0,0.02,0,493.01,0.12,1.27,0.0,494.41,151.1,100.99,0.620000000000005,-0.320000000000007
Mar 1982,567.79,0.0,1.01,3.0,0.26,6.78,0.1,0.03,0.0,0,4.36,0,567.79,0.18,1.93,0.0,569.9,151.26,100.95,0.15999999999999698,-0.03999999999999201
Apr 1982,89.43,5.03,0.49,18.62,0.28,9.95,0.1,0.03,3.38,0,-3.65,0,81.02,0.21,2.42,0.02,83.67,142.88,105.23,-8.38,4.28
May 1982,350.06,28.14,2.31,23.76,14.31,4.41,0.2,0.03,18.67,0,-3.64,0,303.26,0.44,5.84,6.37,315.91,130.87,104.87,-12.01,-0.35999999999999893
Jun 1982,3.0,67.63,10.47,20.11,67.75,7.02,0.25,0.03,36.03,0,-3.72,0,-100.66,0.98,8.34,8.42,-82.93,135.1,113.35,4.229999999999991,8.47999999999999
Jul 1982,408.5,26.88,42.71,22.27,55.35,5.35,0.22,0.03,20.4,0,-3.92,0,361.21,1.24,8.07,8.49,379.0,187.72,137.02,52.62,23.67
Aug 1982,1111.65,16.45,28.2,28.18,23.38,3.62,0.18,0.03,14.99,0,-3.98,0,1080.2,0.69,6.46,7.08,1094.44,229.84,144.83,42.12,7.81
Sep 1982,570.22,17.34,11.43,30.86,5.0,3.58,0.16,0.03,13.56,0,-4.02,0,539.32,0.51,5.46,5.3,550.58,243.29,148.6,13.45,3.7699999999999796
Oct 1982,122.32,3.13,3.32,10.6,0.26,0.59,0.1,0.03,2.79,0,-4.06,0,116.41,0.23,2.54,0.0,119.18,239.38,152.71,-3.91,4.110000000000009
Nov 1982,430.75,0.0,3.86,1.76,3.71,0.15,0.1,0.03,0.61,0,-1.58,0,430.13,0.12,1.6,0.0,431.86,236.59,151.35,-2.7899999999999903,-1.36000000000001
Dec 1982,587.83,0.0,3.73,1.98,3.92,0.15,0.1,0.03,0.82,0,-2.12,0,587.01,0.09,1.24,0.0,588.35,238.63,150.31,2.03999999999999,-1.03999999999999
Jan 1983,413.06,1.15,3.72,3.26,5.64,0.15,0.1,0.03,1.99,0,-4.0,0,409.92,0.11,1.48,0.0,411.51,241.23,148.94,2.5999999999999903,-1.37
Feb 1983,349.11,0.0,4.8,3.18,5.07,0.15,0.1,0.03,1.34,0,-3.46,0,347.78,0.16,1.87,0.0,349.8,245.33,146.85,4.10000000000002,-2.09
Mar 1983,720.79,8.64,5.95,7.26,11.2,0.15,0.11,0.03,4.88,0,-3.97,0,707.27,0.25,2.7,0.0,710.22,248.46,144.65,3.13,-2.19999999999999
Apr 1983,227.52,9.21,23.27,18.8,17.43,0.15,0.11,0.03,5.1,0,-3.98,0,213.21,0.37,3.45,0.0,217.02,256.89,145.48,8.42999999999998,0.8299999999999841
May 1983,166.05,46.56,19.98,49.68,21.39,1.15,0.13,0.03,21.11,0,-3.99,0,98.37,0.61,5.64,1.55,106.18,270.81,146.53,13.92,1.05000000000001
Jun 1983,225.49,20.73,28.98,45.34,13.35,5.59,0.23,0.03,17.65,0,-4.12,0,187.11,0.73,9.82,8.04,205.7,285.51,162.0,14.7,15.47
Jul 1983,572.66,14.13,6.36,27.66,9.37,12.97,0.23,0.03,15.59,0,-4.17,0,542.94,0.6,10.04,8.51,562.09,283.65,167.29,-1.86000000000001,5.28999999999999
Aug 1983,545.08,3.57,2.56,22.61,7.05,19.71,0.2,0.03,10.29,0,-4.2,0,531.22,0.38,7.54,7.28,546.42,270.21,170.0,-13.44,2.7100000000000097
Sep 1983,387.09,3.7,1.38,21.95,7.37,20.35,0.2,0.03,9.17,0,-4.2,0,374.22,0.29,7.07,6.11,387.7,250.18,168.64,-20.03,-1.36000000000001
Oct 1983,464.78,5.54,0.27,12.82,1.11,4.05,0.12,0.03,4.91,0,-4.19,0,454.33,0.12,2.85,1.15,458.43,230.31,167.32,-19.87,-1.31999999999999
Nov 1983,433.66,0.0,0.3,1.15,0.26,0.26,0.11,0.03,0.36,0,-0.93,0,433.3,0.08,1.67,0.0,435.05,224.61,166.81,-5.69999999999999,-0.509999999999991
Dec 1983,604.95,0.0,1.54,3.27,2.24,0.15,0.11,0.03,1.51,0,-3.91,0,603.44,0.09,1.25,0.0,604.78,223.02,166.16,-1.59,-0.6500000000000059
Jan 1984,118.13,0.0,2.4,2.8,2.55,0.15,0.1,0.03,1.12,0,-2.89,0,117.01,0.1,1.32,0.0,118.43,223.94,163.68,0.919999999999987,-2.47999999999999
Feb 1984,73.51,0.0,2.46,0.9,0.76,0.15,0.1,0.03,0.0,0,0.8,0,73.51,0.14,1.88,0.0,75.53,225.1,161.83,1.16,-1.8499999999999899
Mar 1984,341.57,0.0,0.91,5.52,0.26,3.43,0.1,0.03,0.62,0,-1.61,0,340.95,0.18,2.74,0.0,343.87,223.9,162.56,-1.19999999999999,0.72999999999999
Apr 1984,324.43,3.92,5.16,17.55,0.26,4.97,0.1,0.03,3.09,0,-4.07,0,317.41,0.31,3.22,0.0,320.94,218.06,161.49,-5.84,-1.06999999999999
May 1984,48.95,32.16,9.88,38.05,12.98,5.58,0.23,0.03,21.07,0,-4.06,0,-4.28,0.66,8.46,7.05,11.88,210.21,160.44,-7.849999999999991,-1.05000000000001
Jun 1984,204.04,14.76,7.83,22.18,9.16,5.22,0.22,0.03,15.33,0,-4.15,0,173.95,0.62,8.12,8.01,190.7,209.36,170.19,-0.8499999999999941,9.75
Jul 1984,384.37,11.36,3.18,16.64,9.81,8.26,0.23,0.03,14.49,0,-4.18,0,358.51,0.53,8.66,8.48,376.18,205.37,173.17,-3.9900000000000095,2.9799999999999907
Aug 1984,721.88,9.28,15.48,18.68,12.85,3.24,0.17,0.03,12.42,0,-4.2,0,700.18,0.67,5.74,7.21,713.79,198.46,174.8,-6.91,1.6300000000000199
Sep 1984,434.08,9.01,7.67,19.83,6.86,6.17,0.19,0.03,10.83,0,-4.21,0,414.24,0.38,5.93,5.71,426.26,202.48,175.67,4.01999999999998,0.869999999999976
Oct 1984,759.91,3.99,4.36,8.68,3.85,0.15,0.11,0.03,3.32,0,-4.22,0,752.61,0.19,1.7,0.14,754.63,197.41,176.41,-5.0699999999999905,0.7400000000000091
Nov 1984,154.2,0.0,4.57,3.85,4.73,0.15,0.11,0.03,1.55,0,-4.0,0,152.65,0.15,1.49,0.0,154.29,199.49,175.28,2.0800000000000103,-1.13
Dec 1984,510.27,0.57,4.93,3.61,6.14,0.15,0.11,0.03,1.85,0,-4.2,0,507.85,0.1,1.11,0.0,509.06,202.65,172.76,3.16,-2.52000000000001
Jan 1985,324.64,0.0,6.03,3.41,4.64,0.15,0.11,0.03,0.76,0,-1.97,0,323.88,0.11,1.17,0.0,325.15,207.6,170.32,4.94999999999999,-2.44
Feb 1985,169.75,0.85,4.42,2.95,6.51,0.15,0.11,0.03,1.95,0,-4.18,0,166.95,0.14,1.55,0.0,168.63,211.0,169.03,3.4000000000000097,-1.28999999999999
Mar 1985,743.04,18.33,11.31,16.15,17.5,0.15,0.11,0.03,8.72,0,-4.19,0,715.99,0.34,2.53,0.0,718.86,215.89,166.72,4.889999999999991,-2.31
Apr 1985,850.27,48.69,19.75,41.15,31.19,0.16,0.11,0.03,20.66,0,-4.25,0,780.91,0.51,3.73,0.17,785.32,230.79,171.17,14.9,4.44999999999999
May 1985,158.57,46.35,55.68,59.41,50.78,4.56,0.21,0.03,26.14,0,-4.42,0,86.08,0.82,7.97,6.49,101.36,258.17,187.33,27.38,16.16
Jun 1985,56.43,19.94,23.85,40.9,12.5,6.01,0.24,0.03,17.86,0,-4.49,0,18.63,0.89,10.57,8.4,38.49,296.6,202.38,38.43,15.05
Jul 1985,624.49,16.13,4.26,24.94,8.43,8.98,0.22,0.03,16.32,0,-4.49,0,592.04,0.48,9.68,8.34,610.55,292.73,207.14,-3.87,4.759999999999991
Aug 1985,196.68,2.58,7.97,15.86,8.17,9.47,0.21,0.03,10.31,0,-4.51,0,183.79,0.49,8.37,7.57,200.22,282.68,210.44,-10.05,3.3000000000000096
Sep 1985,723.56,13.69,6.15,15.96,10.31,2.3,0.16,0.03,12.17,0,-4.51,0,697.71,0.38,5.41,5.12,708.62,273.2,208.48,-9.480000000000018,-1.9600000000000102
Oct 1985,558.07,8.47,6.95,10.72,9.09,0.15,0.11,0.03,5.03,0,-4.54,0,544.57,0.3,2.8,0.0,547.68,275.93,210.89,2.7300000000000204,2.41
Nov 1985,430.35,0.0,3.95,3.62,1.96,0.16,0.11,0.03,0.63,0,-1.63,0,429.72,0.15,1.92,0.0,431.79,282.15,211.3,6.21999999999997,0.410000000000025
Dec 1985,157.28,0.0,3.29,3.15,3.12,0.16,0.11,0.03,1.14,0,-2.94,0,156.14,0.13,1.66,0.0,157.92,282.11,210.23,-0.0399999999999636,-1.07000000000002
Jan 1986,51.03,0.0,3.92,2.14,4.38,0.15,0.1,0.03,1.01,0,-2.6,0,50.02,0.15,2.08,0.0,52.24,283.49,208.35,1.38,-1.88
Feb 1986,362.13,0.0,2.94,1.61,2.32,0.15,0.11,0.03,0.39,0,-0.99,0,361.74,0.16,2.29,0.0,364.2,285.73,206.67,2.24000000000001,-1.6800000000000102
Mar 1986,337.83,0.0,1.29,3.26,0.26,7.31,0.11,0.03,0.0,0,4.84,0,337.83,0.24,3.75,0.0,341.82,285.68,205.99,-0.0500000000000114,-0.6799999999999781
Apr 1986,518.36,6.0,0.68,22.07,0.53,11.59,0.11,0.03,4.51,0,-4.57,0,507.85,0.24,4.23,0.41,512.74,274.95,210.75,-10.73,4.759999999999991
May 1986,204.82,42.47,0.51,23.26,28.37,4.48,0.2,0.03,24.91,0,-4.6,0,137.45,0.44,8.08,6.7,152.66,259.74,210.19,-15.21,-0.560000000000002
Jun 1986,344.72,36.66,27.31,39.08,32.55,4.11,0.2,0.03,23.63,0,-4.71,0,284.44,1.16,8.27,7.62,301.48,275.72,223.63,15.98,13.44
Jul 1986,989.96,15.7,12.02,33.19,7.44,8.8,0.2,0.03,15.64,0,-4.78,0,958.62,0.67,8.87,7.72,975.87,296.06,234.76,20.34,11.13
Aug 1986,649.13,23.2,5.54,20.32,17.15,4.36,0.2,0.03,18.28,0,-4.8,0,607.65,0.43,8.02,7.44,623.55,286.0,237.73,-10.06,2.97
Sep 1986,749.29,0.0,9.98,14.54,4.4,4.71,0.16,0.03,7.01,0,-4.67,0,742.28,0.41,5.74,5.2,753.64,290.95,243.59,4.94999999999999,5.860000000000009
Oct 1986,481.9,18.38,10.65,12.97,20.72,0.15,0.11,0.03,8.98,0,-4.82,0,454.54,0.31,2.78,0.0,457.63,285.03,240.59,-5.9200000000000195,-3.0
Nov 1986,991.09,4.21,13.88,10.33,12.56,0.15,0.11,0.03,3.52,0,-4.89,0,983.36,0.24,1.95,0.0,985.55,302.9,244.67,17.87,4.07999999999998
Dec 1986,331.19,0.0,9.85,5.58,8.6,0.15,0.11,0.03,1.67,0,-4.32,0,329.52,0.14,1.65,0.0,331.31,313.44,243.22,10.54,-1.44999999999999
Jan 1987,273.26,2.14,7.93,4.23,10.79,0.16,0.11,0.03,2.73,0,-4.93,0,268.39,0.13,1.66,0.0,270.18,320.31,240.5,6.87,-2.72
Feb 1987,617.76,0.0,21.32,16.93,5.05,0.16,0.11,0.03,0.31,0,-0.8,0,617.45,0.29,2.26,0.0,620.0,329.36,238.22,9.05000000000001,-2.28
Mar 1987,274.81,1.15,43.85,47.7,1.96,0.16,0.11,0.03,2.36,0,-4.95,0,271.3,0.45,3.47,0.0,275.22,332.07,237.66,2.7099999999999795,-0.560000000000002
Apr 1987,122.07,7.49,83.66,90.36,4.83,0.16,0.11,0.03,4.82,0,-4.97,0,109.76,1.08,5.01,0.0,115.85,330.48,234.99,-1.58999999999998,-2.66999999999999
May 1987,380.01,33.56,93.31,123.89,8.93,2.29,0.15,0.03,18.83,0,-4.98,0,327.62,1.32,7.07,3.92,339.92,330.22,234.76,-0.259999999999991,-0.230000000000018
Jun 1987,101.17,27.14,23.58,51.87,10.78,7.9,0.25,0.03,20.83,0,-5.08,0,53.21,1.04,11.34,8.36,73.94,329.91,244.57,-0.310000000000002,9.81
Jul 1987,371.73,12.88,7.35,24.69,10.85,10.79,0.25,0.03,15.58,0,-5.14,0,343.28,0.62,11.42,8.61,363.92,321.68,251.74,-8.230000000000018,7.1700000000000195
Aug 1987,650.24,21.29,9.87,20.73,18.37,3.5,0.18,0.03,17.25,0,-5.11,0,611.7,0.66,7.46,7.03,626.85,310.53,253.36,-11.15,1.62
Sep 1987,115.19,0.0,5.88,12.48,8.08,10.2,0.21,0.03,7.22,0,-4.98,0,107.97,0.49,7.96,5.29,121.71,318.1,258.31,7.57000000000005,4.94999999999999
Oct 1987,406.67,0.05,1.5,11.14,0.26,4.95,0.11,0.03,2.0,0,-5.11,0,404.62,0.22,3.49,0.0,408.33,308.21,255.07,-9.89000000000004,-3.2400000000000095
Nov 1987,684.85,0.0,2.73,3.24,2.95,0.16,0.11,0.03,1.33,0,-3.44,0,683.52,0.14,2.06,0.0,685.72,300.1,251.88,-8.10999999999996,-3.19
Dec 1987,398.33,0.0,3.89,1.38,0.26,11.18,0.11,0.03,0.0,0,13.33,0,398.33,0.1,1.5,0.0,399.93,300.92,249.69,0.8199999999999928,-2.19
Jan 1988,363.57,0.0,3.68,2.24,4.07,0.16,0.11,0.03,1.0,0,-2.57,0,362.58,0.11,1.49,0.0,364.17,288.58,262.94,-12.34,13.25
Feb 1988,303.25,0.0,4.41,1.61,2.89,0.16,0.11,0.03,0.04,0,-0.1,0,303.21,0.17,2.43,0.0,305.81,291.08,261.28,2.5,-1.6600000000000301
Mar 1988,22.99,0.0,1.81,4.12,0.26,1.98,0.11,0.03,0.33,0,-0.86,0,22.66,0.26,3.59,0.0,26.52,291.45,261.14,0.370000000000005,-0.139999999999986
Apr 1988,539.57,0.0,1.6,11.64,0.26,8.39,0.11,0.03,0.88,0,-2.25,0,538.69,0.35,4.42,0.0,543.46,286.22,260.54,-5.2299999999999605,-0.5999999999999661
May 1988,254.01,18.37,1.4,19.35,10.12,5.03,0.22,0.03,15.72,0,-5.12,0,219.91,0.44,8.82,6.63,235.8,273.75,259.08,-12.47,-1.46000000000004
Jun 1988,484.25,20.48,4.36,16.37,18.09,5.27,0.22,0.03,17.79,0,-5.13,0,445.98,0.77,9.38,7.88,464.02,270.22,262.86,-3.52999999999997,3.78000000000003
Jul 1988,268.93,22.14,10.95,33.5,9.02,6.23,0.22,0.03,18.77,0,-5.09,0,228.02,1.89,9.72,8.23,247.86,273.85,267.44,3.63,4.5799999999999805
Aug 1988,1101.78,26.83,13.69,32.62,14.85,2.57,0.16,0.03,19.01,0,-5.15,0,1055.95,0.77,6.1,6.63,1069.44,267.13,272.7,-6.72000000000003,5.259999999999991
Sep 1988,326.98,13.2,15.31,27.75,8.27,2.83,0.17,0.03,12.37,0,-5.24,0,301.42,0.56,5.85,5.23,313.06,273.44,279.79,6.31,7.09000000000003
Oct 1988,102.0,0.0,5.09,13.28,0.26,5.3,0.11,0.03,1.33,0,-3.43,0,100.68,0.28,3.28,0.0,104.24,273.17,281.54,-0.26999999999998203,1.75
Nov 1988,368.27,0.0,2.78,4.99,1.53,0.16,0.11,0.03,1.44,0,-3.73,0,366.83,0.15,1.99,0.0,368.96,264.94,279.36,-8.230000000000018,-2.18000000000001
Dec 1988,174.16,0.0,3.65,2.47,2.66,0.16,0.11,0.03,0.55,0,-1.43,0,173.61,0.11,1.49,0.0,175.21,264.4,276.99,-0.54000000000002,-2.37
Jan 1989,390.54,0.0,3.1,2.44,3.31,0.17,0.11,0.03,1.01,0,-2.61,0,389.53,0.12,1.58,0.0,391.24,265.48,276.03,1.08000000000004,-0.9600000000000359
Feb 1989,278.74,0.0,3.5,1.43,2.24,0.17,0.11,0.03,0.06,0,-0.17,0,278.67,0.17,2.18,0.0,281.02,267.12,274.36,1.63999999999999,-1.66999999999996
Mar 1989,113.68,0.0,2.67,12.2,0.27,8.27,0.11,0.03,0.72,0,-1.87,0,112.95,0.34,3.92,0.0,117.21,267.09,274.17,-0.0300000000000296,-0.18999999999999803
Apr 1989,0.39,1.7,1.0,19.94,1.24,13.62,0.12,0.03,3.34,0,-5.21,0,-4.65,0.35,5.26,0.67,1.63,255.25,272.95,-11.84,-1.2200000000000302
May 1989,43.56,8.86,2.33,14.65,10.92,9.74,0.25,0.03,12.76,0,-5.13,0,21.94,0.48,9.76,7.34,39.53,237.7,270.32,-17.55,-2.63
Jun 1989,7.03,0.67,4.9,8.75,12.75,11.55,0.27,0.03,10.54,0,-4.89,0,-4.18,0.51,10.6,8.39,15.32,229.34,270.39,-8.35999999999999,0.0699999999999932
Jul 1989,442.37,20.58,3.26,19.67,13.48,5.21,0.22,0.03,18.21,0,-4.82,0,403.57,0.71,8.74,8.38,421.41,220.19,267.4,-9.15000000000001,-2.9900000000000095
Aug 1989,460.43,16.59,8.2,15.93,17.81,4.7,0.21,0.03,15.4,0,-4.83,0,428.43,0.58,7.25,7.12,443.38,219.91,272.22,-0.280000000000001,4.82000000000005
Sep 1989,109.58,0.0,7.92,8.87,8.41,10.3,0.22,0.03,5.87,0,0.54,0,103.71,0.41,7.18,5.87,117.17,225.95,275.5,6.03999999999999,3.27999999999997
Oct 1989,293.57,0.69,2.24,11.94,0.27,4.68,0.11,0.03,2.14,0,-4.83,0,290.74,0.23,2.47,0.0,293.44,217.06,275.84,-8.88999999999999,0.339999999999975
Nov 1989,0.0,0.0,2.15,1.03,0.93,0.17,0.11,0.03,0.0,0,0.22,0,0.0,0.15,1.8,0.0,1.94,210.27,273.07,-6.78999999999999,-2.7699999999999796
Dec 1989,21.89,0.0,2.35,0.96,2.0,0.17,0.11,0.03,0.21,0,-0.54,0,21.68,0.11,1.3,0.0,23.09,209.31,273.21,-0.9600000000000078,0.139999999999986
Jan 1990,239.81,0.0,2.59,0.8,3.35,0.17,0.11,0.03,0.58,0,-1.49,0,239.23,0.1,1.28,0.0,240.61,209.92,272.8,0.609999999999985,-0.40999999999996795
Feb 1990,226.66,0.0,3.99,0.63,5.38,0.17,0.11,0.03,0.77,0,-1.98,0,225.89,0.14,1.72,0.0,227.75,211.89,271.8,1.97,-1.0
Mar 1990,307.91,0.0,4.38,3.04,2.39,0.17,0.11,0.03,0.44,0,-1.14,0,307.47,0.26,2.78,0.0,310.51,215.46,270.51,3.5700000000000203,-1.29000000000002
Apr 1990,510.96,0.0,2.34,13.08,0.62,8.46,0.11,0.03,1.89,0,-3.25,0,509.08,0.35,3.63,0.63,513.69,214.97,269.73,-0.49000000000000893,-0.779999999999973
May 1990,359.91,7.03,3.62,26.01,8.57,19.64,0.22,0.03,10.95,0,-4.73,0,341.92,0.45,7.51,6.4,356.28,203.58,267.66,-11.39,-2.06999999999999
Jun 1990,98.66,9.54,0.51,20.55,12.25,18.36,0.27,0.03,14.63,0,-4.75,0,74.49,0.36,9.88,9.1,93.83,185.19,267.28,-18.39,-0.380000000000052
Jul 1990,637.14,40.13,3.97,25.1,26.54,3.9,0.19,0.03,25.23,0,-4.75,0,571.78,1.11,6.59,7.86,587.34,169.44,267.82,-15.75,0.54000000000002
Aug 1990,627.34,12.98,18.42,24.93,14.34,3.83,0.19,0.03,13.85,0,-4.85,0,600.51,0.8,6.03,6.95,614.29,185.66,280.28,16.22,12.46
Sep 1990,639.88,13.67,3.44,17.59,7.18,3.28,0.18,0.03,12.8,0,-4.86,0,613.41,0.48,5.34,5.63,624.87,190.3,282.16,4.6400000000000095,1.88000000000005
Oct 1990,385.12,1.81,5.33,11.79,0.58,0.58,0.11,0.03,2.85,0,-4.92,0,380.47,0.27,2.44,0.24,383.42,189.02,284.32,-1.28,2.15999999999997
Nov 1990,351.77,0.0,4.97,4.92,2.56,0.17,0.11,0.03,0.97,0,-2.5,0,350.81,0.17,1.54,0.0,352.52,186.66,281.92,-2.3600000000000096,-2.39999999999998
Dec 1990,513.06,0.0,3.79,1.59,3.86,0.17,0.11,0.03,0.61,0,-1.58,0,512.45,0.09,1.05,0.0,513.58,187.59,280.3,0.9300000000000072,-1.62
Jan 1991,283.38,0.0,4.56,1.58,3.89,0.17,0.1,0.03,0.32,0,-0.84,0,283.06,0.1,1.15,0.0,284.3,190.32,279.24,2.7299999999999907,-1.06
Feb 1991,72.62,0.0,3.54,1.28,1.92,0.17,0.1,0.03,0.0,0,0.34,0,72.62,0.17,1.89,0.0,74.69,192.97,278.65,2.6500000000000097,-0.5900000000000319
Mar 1991,396.48,0.0,1.64,1.51,0.28,4.16,0.1,0.02,0.0,0,3.81,0,396.48,0.21,2.3,0.0,398.99,192.9,278.92,-0.0699999999999932,0.270000000000039
Apr 1991,33.2,3.64,1.32,21.19,0.28,11.99,0.1,0.02,3.31,0,-4.91,0,26.24,0.41,3.25,0.0,29.89,186.79,282.65,-6.110000000000009,3.72999999999996
May 1991,79.02,35.15,7.48,42.31,6.01,1.58,0.1,0.02,18.07,0,-4.94,0,25.8,0.83,4.78,2.56,33.97,171.91,280.97,-14.88,-1.67999999999995
Jun 1991,364.42,16.92,4.36,24.17,8.77,7.16,0.1,0.02,16.38,0,-5.05,0,331.12,0.55,7.49,7.88,347.03,171.64,291.47,-0.27000000000001,10.5
Jul 1991,366.35,53.36,18.54,33.45,46.26,3.86,0.1,0.02,30.52,0,-5.07,0,282.48,1.11,6.49,7.91,297.98,165.83,294.85,-5.80999999999997,3.38
Aug 1991,451.19,86.07,47.08,74.67,65.27,3.58,0.1,0.02,42.25,0,-5.09,0,322.87,1.87,6.06,6.97,337.77,201.82,312.31,35.99,17.46
Sep 1991,451.18,15.46,50.79,48.97,24.55,3.02,0.1,0.02,13.32,0,-5.29,0,422.4,1.03,5.8,5.29,434.51,257.54,342.42,55.72,30.11
Oct 1991,184.38,6.35,9.1,16.7,4.3,0.51,0.1,0.02,4.91,0,-5.33,0,173.12,0.28,3.52,0.39,177.31,273.36,345.08,15.82,2.6599999999999704
Nov 1991,757.0,1.9,9.63,5.81,11.08,0.17,0.1,0.02,2.8,0,-5.34,0,752.29,0.15,1.8,0.0,754.24,273.71,344.19,0.349999999999966,-0.889999999999986
Dec 1991,576.4,0.9,8.79,5.15,9.95,0.17,0.1,0.02,2.42,0,-5.36,0,573.08,0.12,1.46,0.0,574.65,282.91,341.58,9.20000000000005,-2.6100000000000096
Jan 1992,191.55,0.0,8.37,4.17,9.62,0.17,0.11,0.02,2.08,0,-5.38,0,189.46,0.13,1.56,0.0,191.16,291.31,338.56,8.39999999999998,-3.0199999999999796
Feb 1992,270.55,0.0,10.36,4.25,8.18,0.17,0.11,0.02,0.81,0,-2.1,0,269.74,0.19,2.29,0.0,272.23,299.29,335.18,7.980000000000019,-3.38
Mar 1992,378.88,0.0,7.47,7.28,4.8,0.17,0.11,0.02,1.83,0,-4.73,0,377.05,0.3,3.71,0.0,381.06,305.09,333.81,5.79999999999995,-1.37
Apr 1992,207.65,13.61,12.51,34.2,0.69,3.85,0.11,0.02,7.72,0,-5.42,0,186.32,0.49,5.33,0.35,192.5,306.09,330.83,1.0,-2.9800000000000204
May 1992,965.6,45.11,6.36,45.17,14.06,2.96,0.11,0.02,25.83,0,-5.45,0,894.66,0.64,7.36,6.26,908.93,297.69,332.7,-8.39999999999998,1.87
Jun 1992,106.35,13.47,16.77,30.14,11.16,6.43,0.11,0.02,15.23,0,-5.51,0,77.64,0.88,10.71,7.89,97.12,301.51,346.73,3.8199999999999905,14.03
Jul 1992,569.45,11.99,7.46,17.73,12.16,5.59,0.11,0.02,14.78,0,-5.34,0,542.68,0.5,10.16,8.07,561.42,295.61,348.48,-5.899999999999981,1.75
Aug 1992,683.4,0.0,15.02,15.74,6.81,3.24,0.11,0.02,9.1,0,-4.88,0,674.29,0.58,7.29,7.22,689.38,292.1,349.76,-3.5099999999999905,1.2799999999999698
Sep 1992,341.2,0.0,3.49,16.79,7.83,18.98,0.11,0.02,6.77,0,-2.46,0,334.42,0.32,7.7,5.82,348.26,288.46,346.68,-3.64000000000004,-3.0799999999999796
Oct 1992,253.75,2.98,1.03,15.57,0.28,6.82,0.11,0.02,3.16,0,-5.19,0,247.61,0.17,3.25,0.0,251.03,269.7,345.09,-18.76,-1.59000000000003
Nov 1992,196.25,0.0,2.2,2.43,2.52,0.17,0.11,0.02,1.04,0,-2.69,0,195.21,0.11,1.64,0.0,196.95,260.0,342.98,-9.69999999999999,-2.10999999999996
Dec 1992,577.04,0.0,4.19,0.87,4.48,0.17,0.11,0.02,0.41,0,-1.07,0,576.63,0.08,1.27,0.0,577.99,260.8,341.24,0.800000000000011,-1.7400000000000102
Jan 1993,1105.85,0.0,4.7,2.02,4.98,0.17,0.11,0.02,0.87,0,-2.24,0,1104.98,0.11,1.54,0.0,1106.63,263.93,340.5,3.13,-0.7400000000000091
Feb 1993,538.63,0.0,3.89,3.3,4.04,0.17,0.11,0.02,1.33,0,-3.44,0,537.3,0.15,1.99,0.0,539.45,267.29,339.03,3.3600000000000096,-1.4700000000000302
Mar 1993,285.48,11.39,5.86,11.88,10.44,0.17,0.11,0.02,6.41,0,-5.18,0,267.67,0.28,3.39,0.0,271.34,269.26,336.84,1.96999999999997,-2.19
Apr 1993,71.35,7.57,19.74,30.48,1.8,0.19,0.11,0.02,4.96,0,-5.19,0,58.81,0.41,4.4,0.02,63.66,276.23,337.98,6.97000000000003,1.14000000000004
May 1993,255.62,35.16,12.1,48.12,8.86,5.23,0.11,0.02,22.21,0,-5.19,0,198.25,0.69,8.85,6.6,214.4,273.53,337.64,-2.70000000000005,-0.34000000000003194
Jun 1993,33.6,29.7,11.13,38.2,14.06,6.99,0.11,0.02,21.79,0,-5.16,0,-17.89,0.71,10.86,8.3,1.98,268.4,347.97,-5.13,10.33
Jul 1993,9.97,29.25,7.49,26.31,21.65,6.91,0.11,0.02,22.0,0,-5.19,0,-41.29,0.88,11.0,8.67,-20.73,264.71,356.21,-3.69,8.23999999999995
Aug 1993,1162.79,10.69,19.98,32.23,5.16,2.54,0.11,0.02,13.07,0,-5.24,0,1139.03,1.07,6.26,6.9,1153.26,268.54,364.26,3.83000000000004,8.05000000000001
Sep 1993,319.51,0.43,7.48,20.92,7.63,15.75,0.11,0.02,7.41,0,-5.27,0,311.67,0.38,7.19,5.2,324.45,264.98,365.09,-3.56,0.8299999999999841
Oct 1993,413.65,0.72,2.3,9.41,0.28,1.59,0.11,0.02,2.31,0,-5.26,0,410.62,0.19,2.77,0.0,413.58,249.76,361.93,-15.22,-3.1599999999999704
Nov 1993,339.62,0.0,4.47,1.24,2.78,0.17,0.11,0.02,0.0,0,0.5,0,339.62,0.12,1.76,0.0,341.51,245.77,358.89,-3.98999999999998,-3.0400000000000205
Dec 1993,89.23,0.0,4.23,1.05,3.38,0.17,0.11,0.02,0.05,0,-0.13,0,89.18,0.1,1.52,0.0,90.81,246.71,359.29,0.939999999999998,0.400000000000034
Jan 1994,81.66,0.0,4.82,0.51,3.62,0.17,0.11,0.02,0.0,0,0.74,0,81.66,0.12,1.75,0.0,83.52,248.49,359.12,1.78,-0.17000000000001597
Feb 1994,287.67,0.0,4.0,0.96,4.66,0.17,0.12,0.02,0.61,0,-1.59,0,287.05,0.14,2.0,0.0,289.19,250.29,359.76,1.79999999999998,0.639999999999986
Mar 1994,241.2,3.12,4.42,5.59,7.08,0.17,0.12,0.02,3.23,0,-5.23,0,234.84,0.27,3.33,0.0,238.44,252.88,358.69,2.59,-1.06999999999999
Apr 1994,468.22,31.97,27.4,23.02,41.39,0.22,0.12,0.02,14.52,0,-5.25,0,421.73,0.43,4.16,0.11,426.44,256.57,356.6,3.69,-2.08999999999998
May 1994,461.96,7.48,108.12,92.04,30.98,3.28,0.12,0.02,11.57,0,-5.35,0,442.91,1.2,7.83,6.61,458.55,293.67,365.65,37.1,9.04999999999995
Jun 1994,117.39,20.81,37.21,68.38,11.73,18.12,0.12,0.02,19.1,0,-5.27,0,77.47,1.3,12.09,9.01,99.86,313.64,365.17,19.97,-0.479999999999961
Jul 1994,162.64,20.34,3.63,28.47,10.4,10.31,0.12,0.02,18.71,0,-5.29,0,123.59,0.69,11.04,8.79,144.11,295.27,369.9,-18.37,4.7299999999999605
Aug 1994,475.65,14.79,12.63,29.06,6.8,3.63,0.12,0.02,15.39,0,-5.33,0,445.47,0.51,7.73,7.61,461.32,284.42,374.42,-10.85,4.5200000000000395
Sep 1994,604.64,0.0,14.88,23.1,6.08,10.0,0.12,0.02,7.49,0,-4.71,0,597.15,0.41,6.7,5.66,609.93,279.96,376.78,-4.46000000000004,2.35999999999996
Oct 1994,486.26,5.56,6.6,14.52,2.89,0.17,0.12,0.02,4.4,0,-5.32,0,476.3,0.24,2.84,0.19,479.57,269.44,373.79,-10.52,-2.98999999999995
Nov 1994,496.02,4.67,7.78,11.76,6.02,0.17,0.12,0.02,3.87,0,-5.33,0,487.49,0.16,1.88,0.0,489.52,269.42,372.58,-0.0199999999999818,-1.2100000000000402
Dec 1994,293.52,0.0,6.12,4.59,6.25,0.17,0.12,0.02,1.81,0,-4.69,0,291.7,0.13,1.72,0.0,293.56,273.5,371.01,4.07999999999998,-1.5699999999999898
Jan 1995,505.11,0.0,5.93,2.56,5.41,0.17,0.12,0.02,0.77,0,-1.99,0,504.34,0.12,1.63,0.0,506.09,277.96,368.04,4.45999999999998,-2.96999999999997
Feb 1995,150.32,0.0,5.31,4.1,5.06,0.17,0.12,0.02,1.51,0,-3.9,0,148.81,0.22,2.74,0.0,151.76,281.67,366.71,3.71000000000004,-1.33000000000004
Mar 1995,679.61,0.0,6.49,10.3,0.28,2.2,0.12,0.02,0.84,0,-2.18,0,678.76,0.3,3.57,0.0,682.63,283.93,364.22,2.25999999999999,-2.48999999999995
Apr 1995,386.95,12.99,6.86,23.2,1.72,0.17,0.12,0.02,7.07,0,-5.28,0,366.89,0.38,4.04,0.0,371.31,278.54,362.77,-5.389999999999991,-1.4500000000000501
May 1995,403.92,49.37,39.16,48.14,46.85,1.99,0.12,0.02,24.01,0,-5.17,0,330.54,0.71,6.25,2.91,340.41,276.16,364.46,-2.38,1.69
Jun 1995,80.8,30.36,92.31,114.68,18.32,6.26,0.12,0.01,21.79,0,-5.18,0,28.65,1.1,10.94,8.04,48.73,314.87,380.29,38.71,15.83
Jul 1995,215.93,16.18,33.92,49.05,11.59,6.25,0.12,0.01,16.78,0,-5.22,0,182.96,0.93,11.33,8.5,203.73,316.1,388.75,1.23000000000002,8.459999999999981
Aug 1995,605.86,20.57,5.74,21.72,13.64,4.38,0.12,0.01,17.64,0,-5.22,0,567.66,0.54,8.67,7.66,584.53,310.22,391.71,-5.88,2.9599999999999795
Sep 1995,494.91,5.48,15.17,22.99,6.51,3.97,0.12,0.01,9.84,0,-5.28,0,479.58,0.4,7.26,5.68,492.92,310.91,396.36,0.689999999999998,4.6500000000000306
Oct 1995,0.73,0.61,5.43,14.96,0.3,4.19,0.12,0.01,2.28,0,-5.25,0,-2.17,0.23,3.62,0.01,1.69,306.3,395.13,-4.610000000000009,-1.23000000000002
Nov 1995,122.5,0.0,5.01,1.92,4.32,0.17,0.12,0.01,0.47,0,-1.22,0,122.02,0.15,2.52,0.0,124.69,298.9,392.04,-7.40000000000003,-3.08999999999998
Dec 1995,148.84,0.0,4.48,0.87,4.73,0.17,0.12,0.01,0.41,0,-1.07,0,148.43,0.11,1.91,0.0,150.45,300.65,391.18,1.75,-0.860000000000014
Jan 1996,114.47,0.0,4.51,1.84,3.91,0.16,0.13,0.01,0.46,0,-1.2,0,114.01,0.12,1.95,0.0,116.07,303.41,390.42,2.76000000000005,-0.7599999999999909
Feb 1996,169.47,0.0,3.96,1.66,1.12,0.16,0.13,0.01,0.0,0,1.16,0,169.47,0.17,2.82,0.0,172.46,305.33,389.57,1.91999999999996,-0.850000000000023
Mar 1996,98.74,0.0,2.25,7.81,0.27,9.46,0.13,0.01,0.0,0,3.39,0,98.74,0.24,3.82,0.0,102.8,303.59,390.61,-1.7400000000000102,1.04000000000002
Apr 1996,54.5,0.0,1.53,15.51,0.31,17.74,0.13,0.01,0.03,0,3.18,0,54.47,0.28,4.94,0.03,59.72,290.7,393.88,-12.89,3.2699999999999796
May 1996,5.73,5.2,3.18,20.29,10.95,18.09,0.13,0.01,11.96,0,-5.18,0,-11.44,0.42,10.7,7.94,7.61,268.44,396.95,-22.26,3.0699999999999905
Jun 1996,381.04,36.79,1.41,15.83,31.49,4.53,0.13,0.01,24.88,0,-5.06,0,319.38,0.48,9.09,8.68,337.62,250.72,395.66,-17.72,-1.2899999999999598
Jul 1996,437.85,31.36,13.11,31.22,21.67,4.57,0.13,0.01,22.36,0,-5.07,0,384.13,1.22,9.13,8.27,402.74,268.71,406.67,17.99,11.01
Aug 1996,382.78,35.55,13.35,30.56,26.12,3.63,0.13,0.01,23.06,0,-5.12,0,324.17,0.96,7.45,7.32,339.9,276.8,415.58,8.09000000000003,8.90999999999997
Sep 1996,561.87,0.0,9.36,17.35,5.33,9.26,0.13,0.01,6.85,0,-4.47,0,555.02,0.4,6.24,5.12,566.78,291.97,426.08,15.17,10.5
Oct 1996,620.63,2.49,2.22,10.85,0.27,1.45,0.13,0.01,2.96,0,-5.16,0,615.18,0.2,3.0,0.0,618.39,281.93,423.22,-10.04,-2.85999999999996
Nov 1996,412.13,0.0,5.12,3.42,3.11,0.16,0.13,0.01,0.54,0,-1.4,0,411.59,0.16,2.18,0.0,413.93,277.87,420.9,-4.06,-2.3200000000000496
Dec 1996,176.08,0.0,4.21,3.44,3.3,0.16,0.13,0.01,0.96,0,-2.49,0,175.11,0.12,1.71,0.0,176.94,278.76,419.92,0.889999999999986,-0.979999999999961
Jan 1997,686.98,0.0,4.03,3.18,4.2,0.16,0.14,0.01,1.27,0,-3.29,0,685.7,0.11,1.56,0.0,687.37,280.32,418.27,1.56,-1.65000000000003
Feb 1997,215.23,0.07,3.39,3.77,4.76,0.16,0.14,0.01,1.99,0,-5.06,0,213.16,0.16,2.27,0.0,215.6,282.92,416.12,2.60000000000002,-2.14999999999998
Mar 1997,55.94,5.58,4.27,10.23,4.54,0.16,0.14,0.01,4.12,0,-5.08,0,46.23,0.33,4.15,0.0,50.71,285.37,412.92,2.44999999999999,-3.1999999999999904
Apr 1997,722.76,32.75,8.8,19.08,27.33,0.16,0.14,0.01,14.65,0,-5.09,0,675.36,0.39,4.07,0.0,679.81,285.72,411.84,0.350000000000023,-1.08000000000004
May 1997,335.22,38.41,36.25,62.28,20.23,3.47,0.14,0.01,22.18,0,-5.18,0,274.62,0.8,8.24,5.32,288.97,308.95,421.27,23.23,9.43000000000001
Jun 1997,305.29,49.89,41.24,101.17,8.83,14.9,0.14,0.01,29.46,0,-5.19,0,225.94,1.23,10.3,8.14,245.6,317.6,432.83,8.65000000000003,11.56
Jul 1997,659.13,32.0,4.1,31.49,13.85,4.66,0.14,0.01,22.94,0,-5.27,0,604.19,0.69,9.96,8.52,623.36,301.36,448.83,-16.24,16.0
Aug 1997,752.22,17.18,18.76,37.57,5.95,3.19,0.14,0.01,15.91,0,-5.33,0,719.13,0.93,7.4,7.2,734.66,300.72,457.86,-0.639999999999986,9.03000000000003
Sep 1997,770.94,14.05,10.84,31.87,4.84,7.18,0.14,0.01,13.23,0,-5.31,0,743.66,0.68,6.46,5.73,756.53,296.2,461.11,-4.5200000000000395,3.25
Oct 1997,305.6,5.32,5.4,16.41,0.4,1.08,0.14,0.01,4.25,0,-5.36,0,296.03,0.37,3.29,0.11,299.8,287.53,463.16,-8.67000000000002,2.05000000000001
Nov 1997,264.6,0.0,5.31,2.81,5.8,0.16,0.14,0.01,1.27,0,-3.29,0,263.33,0.16,2.02,0.0,265.51,283.69,461.8,-3.83999999999998,-1.36000000000001
Dec 1997,352.09,0.0,4.43,2.8,6.26,0.16,0.14,0.01,1.77,0,-4.58,0,350.31,0.11,1.48,0.0,351.9,287.43,459.65,3.7400000000000095,-2.15000000000003
Jan 1998,163.07,0.0,4.84,2.62,5.39,0.16,0.14,0.01,1.22,0,-3.15,0,161.85,0.14,1.91,0.0,163.9,292.19,456.7,4.759999999999991,-2.9499999999999904
Feb 1998,367.17,0.16,4.7,2.41,7.85,0.16,0.14,0.01,2.15,0,-5.4,0,364.87,0.15,2.18,0.0,367.21,295.65,454.64,3.4599999999999795,-2.06
Mar 1998,386.2,8.15,11.69,13.68,11.29,0.16,0.14,0.01,5.25,0,-5.41,0,372.8,0.43,3.57,0.0,376.81,301.29,451.25,5.6400000000000405,-3.3899999999999904
Apr 1998,226.74,0.0,10.53,17.75,0.26,6.43,0.14,0.01,0.59,0,-1.52,0,226.16,0.47,4.44,0.0,231.06,308.99,450.95,7.69999999999999,-0.300000000000011
May 1998,13.13,22.06,7.03,47.95,4.51,18.76,0.14,0.01,13.85,0,-5.45,0,-22.78,0.84,7.91,3.2,-10.83,298.53,449.89,-10.46,-1.06
Jun 1998,1.2,14.23,0.79,33.3,11.44,24.71,0.14,0.01,16.16,0,-5.46,0,-29.19,0.45,10.99,8.54,-9.21,276.51,454.94,-22.02,5.05000000000001
Jul 1998,878.44,25.39,4.72,28.9,9.7,3.64,0.14,0.01,20.16,0,-5.45,0,832.89,0.59,8.2,8.23,849.9,252.39,456.96,-24.12,2.01999999999998
Aug 1998,440.2,10.49,12.24,27.21,7.63,7.25,0.15,0.0,13.58,0,-5.46,0,416.13,0.59,7.76,7.41,431.89,250.39,463.31,-2.0,6.350000000000019
Sep 1998,226.43,6.86,4.07,20.14,8.6,12.79,0.15,0.0,11.0,0,-5.4,0,208.58,0.39,7.74,6.25,222.95,243.16,463.88,-7.229999999999991,0.569999999999993
Oct 1998,1145.8,16.3,3.93,17.31,8.17,0.16,0.15,0.0,9.25,0,-5.39,0,1120.25,0.29,2.6,0.86,1124.0,231.37,463.08,-11.79,-0.800000000000011
Nov 1998,578.04,4.08,9.99,14.42,4.99,0.16,0.15,0.0,3.68,0,-5.44,0,570.28,0.26,1.94,0.0,572.48,236.92,465.95,5.549999999999981,2.87
Dec 1998,66.46,0.0,4.12,4.73,4.35,0.16,0.15,0.0,1.91,0,-4.95,0,64.55,0.14,1.66,0.0,66.36,239.96,464.05,3.0400000000000205,-1.89999999999998
Jan 1999,86.3,0.0,4.58,3.26,3.92,0.16,0.15,0.0,1.01,0,-2.61,0,85.29,0.15,1.88,0.0,87.32,242.63,460.87,2.66999999999999,-3.1800000000000095
Feb 1999,62.53,0.0,2.29,2.67,1.95,0.16,0.15,0.0,0.92,0,-2.37,0,61.61,0.2,2.47,0.0,64.27,244.66,459.13,2.03,-1.7400000000000102
Mar 1999,85.31,0.0,1.68,1.56,0.26,0.85,0.15,0.0,0.0,0,0.46,0,85.31,0.26,3.49,0.0,89.06,244.14,457.53,-0.52000000000001,-1.60000000000002
Apr 1999,564.86,64.33,19.85,10.2,79.21,0.16,0.15,0.0,27.01,0,-5.47,0,473.52,0.39,3.84,0.0,477.75,240.2,457.84,-3.94,0.310000000000002
May 1999,378.98,0.0,157.17,125.63,8.72,1.67,0.15,0.0,2.84,0,23.24,0,376.13,1.25,6.9,2.84,387.13,315.56,479.24,75.36,21.4
Jun 1999,139.37,15.58,21.13,38.89,9.27,6.54,0.15,0.0,16.37,0,-5.63,0,107.42,0.73,10.48,8.16,126.79,315.86,502.33,0.300000000000011,23.09
Jul 1999,865.94,27.17,8.48,29.47,15.43,4.18,0.15,0.0,20.57,0,-5.68,0,818.21,0.61,9.24,7.85,835.91,308.26,504.76,-7.600000000000019,2.43000000000001
Aug 1999,1070.23,23.45,35.4,66.34,4.16,6.65,0.15,0.0,18.11,0,-5.71,0,1028.68,0.71,6.72,6.82,1042.94,310.41,511.64,2.15000000000003,6.88
Sep 1999,312.41,9.37,6.4,23.56,7.17,9.72,0.15,0.0,11.46,0,-5.73,0,291.57,0.49,7.43,5.62,305.1,301.34,517.07,-9.070000000000052,5.430000000000059
Oct 1999,1.19,1.91,3.53,13.13,0.26,2.43,0.15,0.0,2.97,0,-5.78,0,-3.69,0.26,3.62,0.0,0.19,291.52,517.03,-9.81999999999999,-0.0400000000000773
Nov 1999,22.71,0.0,4.88,1.77,3.68,0.16,0.15,0.0,0.23,0,-0.6,0,22.48,0.2,2.68,0.0,25.36,285.88,514.07,-5.639999999999991,-2.95999999999992
Dec 1999,39.08,0.0,4.68,2.57,4.0,0.16,0.15,0.0,0.72,0,-1.86,0,38.36,0.12,1.72,0.0,40.2,286.87,513.55,0.9900000000000091,-0.520000000000096
Jan 2000,304.66,0.0,4.78,1.93,4.22,0.15,0.15,0.0,0.52,0,-1.35,0,304.14,0.14,2.08,0.0,306.36,289.14,512.26,2.26999999999998,-1.2899999999999598
Feb 2000,140.65,0.0,3.64,1.84,4.11,0.15,0.15,0.0,0.9,0,-2.33,0,139.74,0.18,2.75,0.0,142.67,291.29,511.28,2.15000000000003,-0.9800000000000179
Mar 2000,878.96,0.0,4.54,1.52,4.61,0.15,0.16,0.0,0.65,0,-1.68,0,878.31,0.25,3.7,0.0,882.26,292.64,509.69,1.34999999999997,-1.58999999999998
Apr 2000,217.73,0.0,7.65,16.13,0.74,13.52,0.16,0.0,0.44,0,3.93,0,217.3,0.38,5.31,0.44,223.43,293.55,508.51,0.910000000000025,-1.18000000000001
May 2000,16.79,6.61,2.6,19.93,10.58,15.97,0.16,0.0,12.58,0,-5.79,0,-2.4,0.46,10.58,7.78,16.43,275.61,512.28,-17.94,3.7699999999999796
Jun 2000,80.27,11.78,1.68,19.82,10.85,11.85,0.16,0.0,15.48,0,-5.79,0,53.01,0.43,10.56,8.68,72.69,259.79,511.14,-15.82,-1.13999999999999
Jul 2000,247.24,0.53,3.88,21.85,10.27,22.49,0.16,0.0,11.3,0,-5.8,0,235.42,0.58,10.22,8.85,255.07,248.37,511.99,-11.42,0.850000000000023
Aug 2000,461.65,0.96,0.71,24.48,8.59,25.99,0.16,0.0,10.47,0,-5.67,0,450.22,0.27,8.05,7.91,466.45,226.08,508.48,-22.29,-3.5099999999999905
Sep 2000,138.69,6.17,0.01,20.95,9.58,18.84,0.16,0.0,10.86,0,-5.64,0,121.66,0.12,7.54,6.29,135.61,200.78,505.22,-25.3,-3.2599999999999905
Oct 2000,768.32,10.75,2.79,12.94,6.11,0.16,0.16,0.0,7.36,0,-5.62,0,750.2,0.27,2.05,1.03,753.55,184.14,503.99,-16.64,-1.23000000000002
Nov 2000,283.6,0.0,1.94,3.96,1.09,0.16,0.16,0.0,1.19,0,-3.08,0,282.41,0.13,1.3,0.0,283.84,188.2,504.55,4.06,0.560000000000002
Dec 2000,117.23,0.0,1.97,2.3,2.95,0.16,0.16,0.0,1.26,0,-3.25,0,115.98,0.12,1.32,0.0,117.42,187.99,502.5,-0.20999999999998,-2.05000000000001
Jan 2001,384.33,0.0,2.5,1.98,5.33,0.16,0.16,0.0,1.84,0,-4.76,0,382.48,0.11,1.25,0.0,383.84,189.62,500.35,1.63,-2.14999999999998
Feb 2001,318.04,1.59,7.96,4.48,10.65,0.16,0.16,0.0,2.81,0,-5.67,0,313.65,0.24,1.81,0.0,315.7,193.7,497.27,4.07999999999998,-3.08000000000004
Mar 2001,376.34,2.34,8.49,10.14,6.1,0.16,0.16,0.0,3.11,0,-5.69,0,370.9,0.43,2.7,0.0,374.02,202.54,494.26,8.84,-3.0099999999999905
Apr 2001,262.89,3.9,2.61,18.9,0.41,7.51,0.16,0.0,3.88,0,-5.72,0,255.11,0.43,3.77,0.16,259.47,205.95,491.51,3.41,-2.75
May 2001,263.88,22.99,1.73,36.29,9.1,15.6,0.16,0.0,18.47,0,-5.72,0,222.42,0.65,8.17,7.36,238.59,195.23,489.36,-10.72,-2.14999999999998
Jun 2001,60.35,1.58,0.45,19.14,11.58,23.36,0.16,0.0,11.79,0,-5.68,0,46.99,0.35,9.43,8.97,65.74,180.72,494.59,-14.51,5.2299999999999605
Jul 2001,271.46,3.28,0.46,21.5,9.61,22.01,0.16,0.0,12.08,0,-5.64,0,256.1,0.28,8.04,8.63,273.05,159.68,491.56,-21.04,-3.02999999999997
Aug 2001,811.9,2.96,3.4,21.05,6.34,15.92,0.16,0.0,10.61,0,-5.48,0,798.32,0.37,5.47,7.35,811.51,139.4,489.21,-20.28,-2.35000000000002
Sep 2001,130.43,7.05,0.94,22.98,9.11,19.15,0.16,0.0,11.01,0,-5.21,0,112.36,0.26,6.25,6.27,125.14,124.51,486.84,-14.89,-2.37
Oct 2001,81.5,0.82,0.16,7.26,1.4,2.61,0.16,0.0,3.06,0,-5.18,0,77.62,0.11,2.22,0.74,80.68,108.39,486.21,-16.12,-0.629999999999995
Nov 2001,232.17,0.0,0.35,0.77,0.25,0.28,0.16,0.0,0.18,0,-0.47,0,231.99,0.09,1.16,0.0,233.24,105.12,483.19,-3.27,-3.0199999999999796
Dec 2001,278.32,0.0,0.59,0.32,0.76,0.16,0.16,0.0,0.15,0,-0.4,0,278.17,0.06,0.89,0.0,279.12,104.09,482.74,-1.03,-0.449999999999989
Jan 2002,63.95,0.0,1.04,1.37,0.78,0.16,0.16,0.0,0.4,0,-1.04,0,63.55,0.08,0.95,0.0,64.58,103.97,482.34,-0.120000000000005,-0.400000000000034
Feb 2002,13.59,0.0,0.78,1.26,0.25,0.22,0.16,0.0,0.24,0,-0.61,0,13.35,0.1,1.2,0.0,14.65,103.8,481.54,-0.17000000000000198,-0.799999999999955
Mar 2002,65.7,0.0,0.51,0.75,0.29,0.16,0.16,0.0,0.2,0,-0.52,0,65.5,0.15,1.8,0.0,67.44,102.79,481.01,-1.00999999999999,-0.53000000000003
Apr 2002,111.13,0.0,0.26,1.13,1.56,10.19,0.16,0.0,1.08,0,7.56,0,110.05,0.19,3.03,1.08,114.35,101.28,480.53,-1.5100000000000102,-0.48000000000001797
May 2002,0.01,8.1,0.04,14.2,10.32,11.51,0.16,0.0,12.49,0,-5.03,0,-20.58,0.17,6.82,7.4,-6.18,89.79,487.93,-11.49,7.40000000000003
Jun 2002,28.87,0.52,4.62,1.07,15.66,7.07,0.16,0.0,11.49,0,-4.91,0,16.86,0.39,7.79,9.39,34.43,81.93,487.83,-7.86,-0.100000000000023
Jul 2002,386.76,1.2,1.53,2.7,9.73,5.37,0.16,0.0,10.92,0,-4.87,0,374.64,0.54,6.36,8.57,390.11,82.89,484.86,0.9599999999999941,-2.96999999999997
Aug 2002,253.56,7.78,0.17,0.47,17.41,5.29,0.16,0.0,12.86,0,-4.83,0,232.93,0.19,5.92,7.98,247.01,81.06,482.18,-1.83,-2.68000000000001
Sep 2002,968.58,0.46,1.73,0.28,9.31,2.79,0.16,0.0,7.64,0,-4.85,0,960.49,0.25,3.74,5.58,970.05,87.42,482.07,6.36,-0.110000000000014
Oct 2002,477.78,0.0,0.41,0.23,0.6,0.28,0.16,0.0,0.46,0,-0.24,0,477.33,0.11,1.47,0.36,479.26,90.37,479.11,2.95,-2.9599999999999795
Nov 2002,312.87,0.0,0.31,0.67,0.25,0.28,0.16,0.0,0.16,0,-0.4,0,312.72,0.08,1.01,0.0,313.8,89.38,478.8,-0.9900000000000091,-0.310000000000002
Dec 2002,296.08,0.0,0.23,0.28,0.25,0.38,0.16,0.0,0.0,0,0.03,0,296.08,0.05,0.79,0.0,296.92,88.5,478.39,-0.8799999999999949,-0.410000000000025
Jan 2003,46.66,0.0,0.29,0.52,0.25,0.35,0.16,0.0,0.07,0,-0.19,0,46.58,0.07,1.03,0.0,47.68,87.74,478.26,-0.7600000000000051,-0.12999999999999498
Feb 2003,600.69,0.0,0.31,0.4,0.25,0.52,0.16,0.0,0.0,0,0.11,0,600.69,0.07,1.06,0.0,601.83,86.77,477.98,-0.969999999999999,-0.27999999999997305
Mar 2003,383.63,0.0,0.25,0.62,0.25,0.64,0.16,0.0,0.05,0,-0.12,0,383.58,0.13,1.53,0.0,385.24,85.59,477.94,-1.17999999999999,-0.0400000000000205
Apr 2003,32.42,0.0,0.09,4.09,0.25,0.93,0.16,0.0,1.38,0,-3.54,0,31.04,0.21,1.97,0.01,33.23,83.84,477.7,-1.75,-0.24000000000000898
May 2003,31.41,11.87,0.06,11.94,9.87,5.47,0.16,0.0,13.57,0,-4.73,0,5.98,0.31,6.19,7.15,19.63,81.36,475.37,-2.48,-2.32999999999998
Jun 2003,52.16,6.66,0.68,6.1,12.06,6.52,0.16,0.0,12.88,0,-4.65,0,32.62,0.35,7.12,8.5,48.59,79.73,476.9,-1.63,1.5299999999999698
Jul 2003,179.36,0.77,0.06,0.56,12.13,7.51,0.16,0.0,11.66,0,-4.57,0,166.93,0.22,7.78,9.59,184.52,78.31,476.47,-1.42,-0.42999999999995003
Aug 2003,625.47,0.0,0.0,0.63,8.07,4.98,0.16,0.0,9.25,0,-3.87,0,616.22,0.15,5.36,7.75,629.49,75.32,473.8,-2.9900000000000095,-2.67000000000002
Sep 2003,690.94,8.45,0.0,2.83,13.74,3.83,0.16,0.0,10.99,0,-4.44,0,671.5,0.16,4.42,6.0,682.08,73.21,471.26,-2.11,-2.54000000000002
Oct 2003,297.49,0.0,0.0,1.73,1.61,0.16,0.16,0.0,1.29,0,-3.33,0,296.2,0.15,1.47,0.0,297.81,78.86,471.65,5.650000000000009,0.38999999999998597
Nov 2003,390.6,0.0,0.09,0.28,0.25,0.89,0.16,0.0,0.0,0,0.4,0,390.6,0.06,0.96,0.0,391.61,79.01,469.44,0.150000000000006,-2.20999999999998
Dec 2003,145.05,0.0,0.14,0.31,0.25,0.8,0.16,0.0,0.0,0,0.33,0,145.05,0.05,0.82,0.0,145.92,77.57,469.67,-1.4400000000000102,0.230000000000018
Jan 2004,261.19,0.0,0.15,0.29,0.25,0.37,0.16,0.0,0.03,0,-0.08,0,261.16,0.05,0.82,0.0,262.03,76.36,469.84,-1.20999999999999,0.16999999999995902
Feb 2004,419.02,0.0,0.15,0.91,0.3,0.16,0.16,0.0,0.37,0,-0.96,0,418.65,0.06,0.9,0.0,419.62,75.58,469.63,-0.780000000000001,-0.20999999999998
Mar 2004,58.6,4.56,0.1,4.93,4.17,0.16,0.16,0.0,3.49,0,-4.45,0,50.55,0.17,1.61,0.0,52.34,74.99,468.88,-0.5900000000000029,-0.75
Apr 2004,926.85,36.45,4.78,37.51,7.88,0.16,0.16,0.0,16.06,0,-4.46,0,874.34,0.45,1.74,0.23,876.76,77.54,467.75,2.55000000000001,-1.13
May 2004,1.53,15.01,9.38,21.47,12.75,5.95,0.16,0.0,14.74,0,-4.47,0,-28.22,0.58,6.59,7.2,-13.84,83.68,478.96,6.14,11.21
Jun 2004,63.54,11.38,6.15,6.01,21.66,6.19,0.17,0.0,14.81,0,-4.49,0,37.36,0.53,7.0,8.67,53.56,84.05,481.86,0.36999999999999,2.9000000000000297
Jul 2004,216.22,8.84,16.36,2.44,31.82,5.13,0.17,0.0,13.73,0,-4.46,0,193.64,0.53,6.39,8.59,209.15,92.69,483.35,8.64,1.4900000000000102
Aug 2004,260.62,7.23,15.26,13.92,16.96,5.11,0.17,0.0,11.93,0,-4.42,0,241.46,1.13,6.11,7.42,256.12,113.15,483.87,20.46,0.519999999999982
Sep 2004,795.73,2.8,3.65,1.18,13.15,3.79,0.17,0.0,8.49,0,-4.39,0,784.43,0.31,4.9,5.71,795.35,119.06,483.8,5.91,-0.0699999999999932
Oct 2004,261.82,4.04,3.12,9.46,1.93,0.16,0.17,0.0,3.27,0,-4.4,0,254.51,0.34,1.6,0.0,256.46,123.69,482.03,4.63,-1.77000000000004
Nov 2004,332.23,0.0,1.84,2.21,1.93,0.16,0.17,0.0,0.88,0,-2.28,0,331.34,0.15,1.13,0.0,332.62,124.01,480.73,0.320000000000007,-1.2999999999999499
Dec 2004,280.44,0.0,1.48,2.54,1.98,0.16,0.17,0.0,1.15,0,-2.98,0,279.28,0.11,0.98,0.0,280.37,124.81,479.16,0.799999999999997,-1.5699999999999898
Jan 2005,732.64,0.79,2.43,4.3,3.3,0.16,0.17,0.0,1.99,0,-4.36,0,729.86,0.14,1.12,0.0,731.13,125.82,477.17,1.00999999999999,-1.9900000000000102
Feb 2005,924.47,8.46,2.92,12.01,3.75,0.16,0.17,0.0,4.97,0,-4.37,0,911.04,0.16,1.23,0.0,912.43,128.0,474.63,2.18000000000001,-2.54000000000002
Mar 2005,330.79,22.4,6.8,15.87,17.56,0.16,0.17,0.0,10.37,0,-4.4,0,298.01,0.33,1.8,0.0,300.15,130.52,475.06,2.52000000000001,0.430000000000007
Apr 2005,443.5,42.71,30.13,39.38,37.54,0.17,0.17,0.0,18.26,0,-4.48,0,382.53,0.57,2.72,0.0,385.82,146.27,480.87,15.75,5.81
May 2005,155.28,44.23,29.03,57.91,24.19,5.28,0.17,0.0,25.83,0,-4.57,0,85.21,1.01,7.68,6.95,100.85,181.09,494.49,34.82,13.62
Jun 2005,91.5,15.93,8.22,31.22,11.24,14.45,0.17,0.0,16.4,0,-4.55,0,59.17,0.69,9.25,8.48,77.59,192.49,508.64,11.4,14.15
Jul 2005,181.0,9.61,0.9,13.41,11.73,10.55,0.17,0.0,14.69,0,-4.5,0,156.71,0.41,9.61,9.23,175.95,180.21,511.84,-12.28,3.1999999999999904
Aug 2005,625.71,11.31,6.04,13.74,12.38,4.8,0.17,0.0,13.43,0,-4.48,0,600.97,0.52,6.76,7.31,615.56,171.95,512.63,-8.26000000000002,0.79000000000002
Sep 2005,466.63,4.53,3.14,14.85,5.42,8.61,0.17,0.0,9.43,0,-4.45,0,452.67,0.46,5.27,5.96,464.36,172.94,514.09,0.9900000000000091,1.46000000000004
Oct 2005,551.17,4.06,2.76,11.59,1.34,1.93,0.17,0.0,4.37,0,-4.44,0,542.74,0.26,2.48,1.07,546.55,164.65,512.95,-8.28999999999999,-1.13999999999999
Nov 2005,32.12,0.0,1.84,2.39,0.96,0.16,0.17,0.0,0.58,0,-1.5,0,31.54,0.16,1.57,0.0,33.28,161.76,511.63,-2.8900000000000095,-1.32000000000005
Dec 2005,40.92,0.0,2.21,1.65,1.34,0.16,0.17,0.0,0.28,0,-0.73,0,40.63,0.11,1.24,0.0,41.98,161.14,510.54,-0.620000000000005,-1.08999999999998
Jan 2006,117.45,0.0,1.97,0.63,0.99,0.18,0.23,0.0,0.0,0,0.41,0,117.45,0.12,1.41,0.0,118.97,161.25,509.92,0.110000000000014,-0.620000000000005
Feb 2006,9.61,0.0,1.53,0.52,0.4,0.18,0.23,0.0,0.0,0,0.64,0,9.61,0.14,1.78,0.0,11.53,160.89,510.1,-0.36000000000001403,0.18000000000000702
Mar 2006,356.39,0.0,0.64,0.34,0.25,3.68,0.23,0.0,0.0,0,3.6,0,356.39,0.13,2.3,0.0,358.82,159.57,510.51,-1.31999999999999,0.40999999999996795
Apr 2006,153.08,0.0,0.25,8.13,1.09,10.2,0.23,0.0,0.66,0,1.06,0,152.42,0.17,3.51,0.66,156.77,154.07,513.87,-5.5,3.3600000000000096
May 2006,49.37,0.79,0.26,9.15,10.7,14.57,0.23,0.0,9.53,0,-4.45,0,39.05,0.21,8.0,7.5,54.76,141.68,514.7,-12.39,0.8300000000000408
Jun 2006,100.09,4.37,0.11,9.65,10.71,11.67,0.23,0.0,12.35,0,-4.43,0,83.37,0.22,8.07,8.94,100.6,130.04,512.05,-11.64,-2.6500000000000896
Jul 2006,757.26,22.28,1.63,10.27,21.34,3.81,0.23,0.0,18.53,0,-4.32,0,716.45,0.43,5.87,8.23,730.99,121.25,510.79,-8.78999999999999,-1.25999999999993
Aug 2006,628.09,45.96,30.62,50.46,30.72,1.85,0.23,0.0,26.02,0,-4.29,0,556.11,1.55,3.82,6.57,568.05,133.14,516.53,11.89,5.73999999999995
Sep 2006,561.05,12.06,5.19,24.56,5.51,8.98,0.23,0.0,11.12,0,-4.32,0,537.87,0.49,4.8,4.78,547.93,158.42,531.45,25.28,14.9200000000001
Oct 2006,839.63,2.73,1.25,10.44,0.25,2.57,0.24,0.0,2.75,0,-4.36,0,834.16,0.23,1.96,0.0,836.34,150.38,533.23,-8.03999999999999,1.7799999999999698
Nov 2006,44.44,0.0,1.19,1.22,0.46,0.18,0.24,0.0,0.18,0,-0.45,0,44.26,0.13,1.53,0.0,45.92,146.34,531.39,-4.03999999999999,-1.84000000000003
Dec 2006,327.82,0.0,0.85,1.29,1.38,0.18,0.24,0.0,0.66,0,-1.71,0,327.16,0.08,1.09,0.0,328.32,145.33,530.87,-1.00999999999999,-0.519999999999982
Jan 2007,225.27,0.0,1.77,2.46,2.32,0.18,0.23,0.0,1.13,0,-2.93,0,224.14,0.1,1.04,0.0,225.28,145.68,529.59,0.349999999999994,-1.2799999999999698
Feb 2007,258.33,0.0,2.21,4.16,1.81,0.18,0.23,0.0,1.45,0,-3.74,0,256.88,0.16,1.49,0.0,258.53,147.01,527.56,1.32999999999998,-2.03000000000009
Mar 2007,273.26,7.23,2.22,9.99,3.69,0.18,0.23,0.0,4.48,0,-4.35,0,261.55,0.31,2.43,0.0,264.29,147.38,525.03,0.370000000000005,-2.52999999999997
Apr 2007,252.48,8.31,3.94,13.62,2.83,0.21,0.24,0.0,4.97,0,-4.35,0,239.2,0.37,2.77,0.07,242.41,148.68,524.93,1.30000000000001,-0.100000000000023
May 2007,622.94,21.47,9.12,29.65,8.56,3.98,0.24,0.0,16.36,0,-4.27,0,585.1,0.63,5.98,6.39,598.11,148.76,525.25,0.0799999999999841,0.32000000000004997
Jun 2007,96.25,9.34,4.31,17.98,10.74,11.46,0.24,0.0,13.83,0,-4.21,0,73.08,0.6,8.3,8.59,90.56,147.6,530.71,-1.16,5.460000000000041
Jul 2007,565.08,3.09,2.91,14.54,9.38,14.41,0.24,0.0,11.35,0,-4.08,0,550.64,0.56,7.55,8.58,567.32,138.82,531.5,-8.78,0.7899999999999641
Aug 2007,563.8,8.46,3.56,16.28,7.83,8.52,0.24,0.0,12.66,0,-3.98,0,542.68,0.42,6.11,7.84,557.06,126.48,529.96,-12.34,-1.53999999999996
Sep 2007,349.67,0.59,1.96,11.73,6.7,12.25,0.24,0.0,7.58,0,-3.95,0,341.5,0.31,5.08,5.82,352.71,119.91,530.56,-6.570000000000009,0.5999999999999089
Oct 2007,133.64,0.0,0.58,9.43,0.88,6.32,0.24,0.0,1.79,0,-3.54,0,131.86,0.14,2.02,0.42,134.44,109.52,528.13,-10.39,-2.4299999999999504
Nov 2007,86.77,0.0,0.39,2.46,0.26,0.29,0.24,0.0,0.83,0,-2.13,0,85.95,0.1,1.29,0.0,87.33,102.3,525.73,-7.22,-2.39999999999998
Dec 2007,786.16,0.0,0.97,2.29,1.07,0.18,0.24,0.0,0.88,0,-2.28,0,785.28,0.08,0.89,0.0,786.24,101.21,524.18,-1.09,-1.55000000000007
Jan 2008,716.26,0.0,1.92,1.78,1.6,0.19,0.24,0.0,0.53,0,-1.37,0,715.73,0.1,0.89,0.0,716.71,101.45,522.54,0.24000000000000898,-1.63999999999999
Feb 2008,472.34,0.0,2.11,2.57,1.43,0.19,0.24,0.0,0.72,0,-1.85,0,471.63,0.15,1.19,0.0,472.96,102.22,521.46,0.769999999999996,-1.0799999999999301
Mar 2008,15.66,2.96,0.84,7.22,0.41,0.19,0.24,0.0,2.64,0,-3.85,0,10.06,0.21,1.87,0.0,12.14,102.51,520.09,0.29000000000000603,-1.37
Apr 2008,72.63,7.15,0.78,12.88,0.26,1.68,0.24,0.0,4.25,0,-3.83,0,61.22,0.29,2.24,0.0,63.74,101.1,518.64,-1.4100000000000101,-1.4500000000000501
May 2008,189.41,21.26,0.19,27.49,3.62,6.3,0.24,0.0,13.02,0,-3.86,0,155.14,0.5,3.96,3.29,162.89,97.69,518.83,-3.41,0.19000000000005499
Jun 2008,79.45,18.05,0.43,18.91,11.53,8.56,0.24,0.0,17.3,0,-3.85,0,44.1,0.46,7.64,8.82,61.02,91.3,524.45,-6.39,5.62
Jul 2008,553.18,14.05,3.19,9.56,15.53,4.47,0.24,0.0,14.99,0,-3.86,0,524.13,0.48,5.69,8.06,538.37,86.86,528.84,-4.44,4.389999999999991
Aug 2008,409.39,1.64,8.97,10.37,8.19,4.78,0.24,0.0,9.68,0,-3.81,0,398.08,0.64,5.68,7.57,411.97,92.47,531.67,5.61,2.8299999999999303
Sep 2008,172.1,6.67,2.34,14.14,7.96,9.68,0.24,0.0,9.8,0,-3.78,0,155.64,0.36,5.23,5.75,166.98,90.43,529.73,-2.03999999999999,-1.9399999999999398
Oct 2008,263.74,0.78,1.7,5.56,0.72,0.25,0.24,0.0,2.31,0,-3.77,0,260.65,0.23,1.51,0.54,262.94,83.73,529.75,-6.7,0.0199999999999818
Nov 2008,305.11,0.0,1.37,2.13,1.12,0.19,0.24,0.0,0.71,0,-1.82,0,304.41,0.14,1.1,0.0,305.65,82.92,527.5,-0.810000000000002,-2.25
Dec 2008,620.28,0.0,1.91,2.05,1.21,0.19,0.24,0.0,0.49,0,-1.26,0,619.8,0.11,0.84,0.0,620.75,82.99,526.14,0.0699999999999932,-1.36000000000001
Jan 2009,169.53,0.0,1.41,2.65,0.82,0.19,0.24,0.0,0.77,0,-1.99,0,168.76,0.12,0.97,0.0,169.85,83.41,525.12,0.42000000000000204,-1.01999999999998
Feb 2009,144.88,0.0,1.21,1.8,0.52,0.19,0.24,0.0,0.42,0,-1.07,0,144.47,0.15,1.24,0.0,145.86,83.31,523.66,-0.0999999999999943,-1.46000000000004
Mar 2009,115.74,0.5,0.95,4.39,0.72,0.19,0.24,0.0,1.62,0,-3.68,0,113.62,0.21,1.64,0.0,115.48,82.64,522.76,-0.670000000000002,-0.899999999999977
Apr 2009,252.38,8.0,0.77,7.5,4.89,0.2,0.24,0.0,4.53,0,-3.69,0,239.85,0.27,1.91,0.0,242.03,81.77,520.46,-0.8700000000000051,-2.29999999999995
May 2009,458.71,21.8,0.23,21.61,8.79,5.34,0.24,0.0,16.82,0,-3.5,0,420.1,0.48,6.03,7.03,433.63,84.79,521.05,3.0200000000000093,0.5899999999999179
Jun 2009,296.22,8.37,0.43,7.84,9.16,5.09,0.24,0.0,12.17,0,-3.58,0,275.68,0.47,5.92,7.55,289.62,82.45,527.1,-2.34,6.05000000000007
Jul 2009,202.31,9.89,6.4,5.47,19.09,5.4,0.24,0.0,13.83,0,-3.55,0,178.59,0.68,6.41,8.63,194.31,80.84,527.9,-1.61,0.799999999999955
Aug 2009,206.53,3.64,2.38,2.76,11.94,5.63,0.24,0.0,10.57,0,-3.49,0,192.33,0.44,6.28,7.81,206.86,88.37,529.3,7.53,1.39999999999998
Sep 2009,226.81,2.22,2.33,4.16,6.35,2.96,0.24,0.0,7.68,0,-3.42,0,216.91,0.42,3.89,5.5,226.72,88.64,528.33,0.269999999999996,-0.969999999999914
Oct 2009,299.1,0.0,0.41,1.86,0.45,0.6,0.24,0.0,0.84,0,-1.44,0,298.26,0.13,1.47,0.28,300.14,88.38,526.84,-0.260000000000005,-1.4900000000000102
Nov 2009,150.59,0.0,0.29,2.29,0.27,0.5,0.24,0.0,0.72,0,-1.86,0,149.87,0.1,1.14,0.0,151.11,87.0,525.72,-1.38,-1.12
Dec 2009,376.38,0.0,0.73,2.34,0.5,0.2,0.24,0.0,0.77,0,-1.99,0,375.61,0.07,0.79,0.0,376.47,85.87,524.33,-1.13,-1.38999999999999
Jan 2010,725.75,0.0,0.93,2.03,1.74,0.2,0.24,0.0,1.06,0,-2.73,0,724.69,0.09,0.89,0.0,725.66,85.63,522.87,-0.24000000000000898,-1.46000000000004
Feb 2010,438.63,0.0,1.65,2.11,2.2,0.2,0.24,0.0,1.0,0,-2.58,0,437.63,0.13,1.01,0.0,438.77,86.52,520.96,0.890000000000001,-1.90999999999997
Mar 2010,323.81,5.42,2.23,5.96,5.02,0.2,0.24,0.0,3.41,0,-3.38,0,314.98,0.25,1.57,0.0,316.8,87.75,519.13,1.23,-1.83000000000004
Apr 2010,262.57,20.61,12.15,25.73,10.28,0.29,0.24,0.0,9.47,0,-3.4,0,232.49,0.44,2.16,0.18,235.27,91.24,518.91,3.4899999999999904,-0.22000000000002698
May 2010,20.3,22.37,6.78,24.67,12.73,5.35,0.24,0.0,16.64,0,-3.48,0,-18.72,0.58,6.29,6.64,-5.21,99.31,524.56,8.07000000000001,5.649999999999981
Jun 2010,36.03,16.3,2.91,18.46,12.1,8.44,0.24,0.0,16.57,0,-3.52,0,3.16,0.61,8.08,8.9,20.75,100.64,530.84,1.33,6.280000000000089
Jul 2010,622.65,17.93,6.23,21.35,9.56,4.11,0.24,0.0,16.42,0,-3.53,0,588.3,0.89,5.64,8.12,602.95,96.47,534.75,-4.17,3.9099999999999704
Aug 2010,825.07,2.26,9.3,16.55,6.74,8.68,0.24,0.0,9.61,0,-3.58,0,813.2,0.52,5.09,7.35,826.15,96.52,539.28,0.0499999999999972,4.529999999999969
Sep 2010,490.02,1.76,11.14,15.32,7.47,6.83,0.24,0.0,8.29,0,-3.58,0,479.96,0.52,5.15,6.22,491.85,89.75,537.72,-6.77,-1.5599999999999499
Oct 2010,389.55,1.29,1.05,5.28,2.44,2.02,0.24,0.0,3.55,0,-3.56,0,384.71,0.19,2.39,1.68,388.97,85.48,535.97,-4.27,-1.75
Nov 2010,81.52,0.0,1.11,1.08,0.52,0.2,0.24,0.0,0.15,0,-0.4,0,81.36,0.11,1.04,0.0,82.51,83.77,534.04,-1.7100000000000102,-1.9300000000000601
Dec 2010,701.7,0.0,1.31,1.16,0.93,0.2,0.24,0.0,0.27,0,-0.69,0,701.44,0.1,0.93,0.0,702.47,83.29,533.56,-0.47999999999999,-0.48000000000001797
Jan 2011,6.89,0.0,1.21,0.92,1.2,0.2,0.24,0.0,0.31,0,-0.8,0,6.58,0.09,0.88,0.0,7.55,83.33,532.89,0.03999999999999201,-0.669999999999959
Feb 2011,84.68,0.0,1.25,2.06,0.97,0.2,0.24,0.0,0.66,0,-1.71,0,84.02,0.12,1.06,0.0,85.2,83.69,532.16,0.35999999999999893,-0.7300000000000179
Mar 2011,147.2,0.0,0.71,2.22,0.27,0.82,0.24,0.0,0.45,0,-1.17,0,146.75,0.2,1.75,0.0,148.7,83.65,530.87,-0.03999999999999201,-1.2899999999999598
Apr 2011,377.63,0.0,0.14,0.39,0.76,1.67,0.24,0.0,0.42,0,0.49,0,377.21,0.17,2.22,0.42,380.02,81.59,529.91,-2.06,-0.9600000000000359
May 2011,273.62,0.0,0.03,0.46,9.09,6.65,0.24,0.0,7.6,0,-3.06,0,266.02,0.17,5.88,6.42,278.49,78.71,530.16,-2.8800000000000097,0.25
Jun 2011,0.6,1.56,0.0,0.3,12.64,8.19,0.24,0.0,10.9,0,-3.34,0,-11.86,0.15,7.84,9.0,5.13,75.52,528.04,-3.19,-2.12
Jul 2011,453.78,1.26,0.13,0.15,10.53,6.16,0.24,0.0,10.53,0,-3.33,0,441.99,0.19,6.83,8.75,457.77,72.37,526.36,-3.1499999999999906,-1.67999999999995
Aug 2011,345.19,7.9,0.93,1.24,15.29,4.64,0.24,0.0,12.07,0,-3.31,0,325.21,0.27,5.28,7.73,338.49,70.15,524.57,-2.22,-1.78999999999996
Sep 2011,507.45,5.31,4.15,2.73,13.58,3.93,0.24,0.0,8.93,0,-3.32,0,493.21,0.41,4.46,5.59,503.66,75.76,525.35,5.61,0.779999999999973
Oct 2011,576.51,0.0,0.1,0.37,0.59,1.3,0.24,0.0,0.72,0,0.33,0,575.8,0.1,1.51,0.72,578.12,81.19,525.13,5.429999999999991,-0.22000000000002698
Nov 2011,300.99,0.0,0.08,0.59,0.27,0.49,0.24,0.0,0.14,0,-0.35,0,300.85,0.06,1.0,0.0,301.91,79.22,525.21,-1.97,0.0800000000000409
Dec 2011,249.2,0.0,0.21,0.19,0.27,0.38,0.24,0.0,0.0,0,0.08,0,249.2,0.04,0.77,0.0,250.0,78.25,524.75,-0.969999999999999,-0.460000000000036
Jan 2012,155.2,0.0,0.18,0.15,0.27,0.63,0.24,0.0,0.0,0,0.32,0,155.2,0.06,0.93,0.0,156.19,77.62,524.59,-0.629999999999995,-0.15999999999996803
Feb 2012,318.47,0.0,0.18,1.27,0.27,0.95,0.24,0.0,0.19,0,-0.5,0,318.28,0.08,1.05,0.0,319.4,76.58,524.67,-1.04000000000001,0.0799999999999272
Mar 2012,109.2,0.32,0.1,3.83,0.27,0.56,0.24,0.0,1.39,0,-3.29,0,107.49,0.17,1.63,0.0,109.28,75.1,524.13,-1.48,-0.5399999999999641
Apr 2012,104.71,12.13,0.09,14.35,1.8,0.9,0.24,0.0,7.2,0,-3.3,0,85.38,0.27,2.5,1.23,89.38,73.42,522.0,-1.67999999999999,-2.13
May 2012,39.91,12.75,0.36,9.72,12.17,5.78,0.24,0.0,13.41,0,-3.35,0,13.75,0.36,6.32,7.17,27.6,72.07,524.43,-1.35000000000001,2.4299999999999504
Jun 2012,25.42,2.38,0.64,0.74,12.89,7.54,0.24,0.0,11.43,0,-3.36,0,11.6,0.3,7.94,9.21,29.05,72.37,527.08,0.300000000000011,2.6500000000000896
Jul 2012,651.67,0.0,0.28,0.32,8.31,5.47,0.24,0.0,9.48,0,-3.09,0,642.2,0.21,5.76,8.28,656.44,70.02,525.7,-2.35000000000001,-1.38
Aug 2012,281.41,1.57,0.15,1.28,9.52,5.93,0.24,0.0,9.63,0,-3.35,0,270.21,0.18,5.87,7.73,284.0,67.35,523.57,-2.67,-2.13
Sep 2012,289.29,3.65,0.16,0.57,11.3,4.87,0.24,0.0,8.63,0,-3.32,0,277.01,0.15,5.05,5.93,288.14,65.31,521.88,-2.03999999999999,-1.6900000000000501
Oct 2012,48.28,0.0,0.07,0.43,1.58,1.73,0.24,0.0,0.96,0,-0.31,0,47.32,0.1,1.91,0.84,50.16,66.92,521.02,1.61,-0.860000000000014
Nov 2012,146.92,0.0,0.06,0.27,0.27,0.66,0.24,0.0,0.0,0,0.11,0,146.92,0.07,1.02,0.0,148.01,65.1,520.59,-1.82000000000001,-0.42999999999995003
Dec 2012,397.46,0.0,0.11,0.15,0.27,0.41,0.24,0.0,0.0,0,0.05,0,397.46,0.05,0.77,0.0,398.28,63.93,520.46,-1.16999999999999,-0.12999999999999498
Jan 2013,483.39,0.0,0.12,0.1,0.27,0.39,0.24,0.0,0.0,0,0.09,0,483.39,0.04,0.74,0.0,484.17,63.26,520.27,-0.670000000000002,-0.19000000000005499
Feb 2013,146.38,0.0,0.11,0.52,0.27,0.46,0.24,0.0,0.11,0,-0.29,0,146.27,0.06,0.91,0.0,147.24,62.64,520.12,-0.6199999999999971,-0.14999999999997699
Mar 2013,86.4,0.0,0.07,0.63,0.27,0.6,0.24,0.0,0.13,0,-0.35,0,86.26,0.12,1.41,0.0,87.79,61.78,519.7,-0.859999999999999,-0.41999999999995896
Apr 2013,151.65,0.0,0.02,0.62,0.39,0.53,0.24,0.0,0.33,0,-0.61,0,151.32,0.15,1.7,0.1,153.27,60.28,519.25,-1.5,-0.450000000000045
May 2013,90.39,2.05,0.55,0.49,11.16,5.96,0.24,0.0,9.03,0,-3.32,0,79.31,0.23,6.09,6.95,92.58,58.68,518.64,-1.6,-0.610000000000014
Jun 2013,11.25,16.86,0.58,0.3,27.63,7.47,0.24,0.0,16.95,0,-3.28,0,-22.55,0.25,7.5,9.15,-5.65,58.04,517.16,-0.640000000000001,-1.48000000000002
Jul 2013,578.02,3.53,18.18,4.76,23.64,3.95,0.24,0.0,10.65,0,-3.31,0,563.83,0.56,5.03,8.0,577.42,70.94,521.43,12.9,4.26999999999998
Aug 2013,915.21,35.39,12.19,3.83,51.58,5.07,0.24,0.0,22.23,0,-3.32,0,857.59,0.55,5.68,7.25,871.07,85.86,520.53,14.92,-0.899999999999977
Sep 2013,1037.01,77.92,35.32,79.7,36.76,1.29,0.24,0.0,36.89,0,-3.43,0,922.2,1.51,3.1,5.41,932.22,126.94,531.95,41.08,11.4200000000001
Oct 2013,210.68,0.0,1.77,4.11,0.46,0.51,0.24,0.0,1.12,0,-2.51,0,209.55,0.22,2.12,0.15,212.05,159.54,559.77,32.6,27.8199999999999
Nov 2013,453.31,0.0,0.5,2.35,0.45,0.2,0.24,0.0,0.85,0,-2.19,0,452.47,0.09,1.4,0.0,453.96,157.61,557.99,-1.92999999999998,-1.7799999999999698
Dec 2013,73.11,0.0,0.46,2.9,0.27,0.63,0.24,0.0,0.83,0,-2.15,0,72.28,0.07,1.15,0.0,73.5,156.69,556.41,-0.9200000000000159,-1.58000000000004
Jan 2014,2.02,0.0,0.4,1.49,0.27,0.46,0.24,0.0,0.38,0,-0.98,0,1.65,0.08,1.36,0.0,3.08,155.43,554.85,-1.25999999999999,-1.5599999999999499
Feb 2014,25.73,0.0,0.4,1.54,0.27,0.34,0.24,0.0,0.45,0,-1.17,0,25.28,0.1,1.73,0.0,27.11,154.12,554.02,-1.31,-0.8300000000000408
Mar 2014,83.34,0.0,0.24,2.02,0.27,1.19,0.24,0.0,0.39,0,-1.0,0,82.96,0.14,2.36,0.0,85.46,152.55,553.06,-1.5699999999999898,-0.9600000000000359
Apr 2014,123.51,0.0,0.11,4.98,0.28,5.84,0.24,0.0,0.01,0,0.5,0,123.5,0.19,2.86,0.01,126.56,149.5,552.21,-3.0500000000000096,-0.849999999999909
May 2014,578.75,19.01,3.89,14.88,16.04,5.01,0.24,0.0,15.24,0,-3.51,0,544.49,0.5,6.65,6.53,558.17,141.32,552.47,-8.18000000000001,0.259999999999991
Jun 2014,377.2,15.2,2.98,12.33,15.83,7.25,0.24,0.0,16.03,0,-3.52,0,345.97,0.79,9.03,8.79,364.58,145.94,557.44,4.62,4.970000000000031
Jul 2014,886.98,11.22,27.27,15.86,28.74,3.27,0.24,0.0,13.93,0,-3.53,0,861.83,0.67,5.94,8.23,876.67,145.73,560.93,-0.210000000000008,3.4899999999999
Aug 2014,705.2,17.25,9.52,31.41,8.0,10.02,0.24,0.0,14.94,0,-3.53,0,673.01,0.91,6.43,6.89,687.24,165.5,562.87,19.77,1.9400000000000501
Sep 2014,545.86,8.22,3.23,11.89,9.02,6.35,0.24,0.0,10.33,0,-3.56,0,527.31,0.45,6.52,5.77,540.06,157.3,567.15,-8.19999999999999,4.27999999999997
Oct 2014,164.27,0.74,0.78,8.35,3.17,6.58,0.24,0.0,3.54,0,-3.57,0,159.99,0.15,3.35,1.86,165.35,153.68,567.91,-3.62,0.7599999999999909
Nov 2014,218.08,0.0,0.36,1.34,0.27,0.45,0.24,0.0,0.34,0,-0.88,0,217.74,0.08,1.4,0.0,219.22,147.16,565.77,-6.520000000000009,-2.13999999999999
Dec 2014,165.24,0.0,0.43,1.79,0.89,0.2,0.24,0.0,0.82,0,-2.12,0,164.42,0.07,1.13,0.0,165.62,145.82,564.99,-1.34,-0.779999999999973
Jan 2015,302.55,0.0,0.85,1.63,1.44,0.2,0.24,0.0,0.82,0,-2.11,0,301.73,0.09,1.24,0.0,303.05,145.62,563.46,-0.19999999999998896,-1.5299999999999698
Feb 2015,306.41,0.0,0.9,2.57,1.7,0.2,0.24,0.0,1.27,0,-3.29,0,305.14,0.12,1.57,0.0,306.82,145.86,561.92,0.24000000000000898,-1.5400000000000802
Mar 2015,221.75,0.0,1.01,5.93,0.27,3.44,0.24,0.0,0.77,0,-1.98,0,220.98,0.24,2.37,0.0,223.59,146.03,559.67,0.169999999999987,-2.25
Apr 2015,236.53,16.66,0.44,16.75,3.88,0.33,0.24,0.0,8.01,0,-3.43,0,211.86,0.23,2.71,0.23,215.04,140.73,558.22,-5.30000000000001,-1.44999999999993
May 2015,905.11,31.73,19.2,25.14,29.97,1.5,0.24,0.0,19.14,0,-3.35,0,854.24,0.66,3.71,5.57,864.18,141.81,562.33,1.08000000000001,4.110000000000009
Jun 2015,704.68,20.7,15.59,27.84,14.18,3.42,0.24,0.0,16.91,0,-3.3,0,667.07,0.99,6.16,7.63,681.84,166.82,572.32,25.01,9.990000000000009
Jul 2015,1114.89,25.49,11.8,21.93,20.27,2.41,0.24,0.0,18.48,0,-3.31,0,1070.92,0.81,5.39,7.33,1084.46,171.66,578.06,4.84,5.7399999999999
Aug 2015,611.28,8.19,12.55,21.03,6.77,4.35,0.24,0.0,11.43,0,-3.36,0,591.65,0.66,6.21,6.96,605.47,184.36,585.66,12.7,7.600000000000019
Sep 2015,300.01,15.84,1.33,9.59,15.57,4.9,0.24,0.0,13.16,0,-3.35,0,271.02,0.25,6.52,5.73,283.52,180.81,586.53,-3.5500000000000096,0.8700000000000051
Oct 2015,1109.47,17.51,4.76,11.72,13.97,0.42,0.24,0.0,10.32,0,-3.38,0,1081.64,0.37,2.33,2.24,1086.58,185.2,590.38,4.389999999999991,3.85000000000002
Nov 2015,298.25,1.45,2.7,4.58,3.02,0.2,0.24,0.0,1.88,0,-3.42,0,294.92,0.16,1.71,0.0,296.79,196.66,594.84,11.46,4.46000000000004
Dec 2015,313.06,0.0,2.08,2.21,2.73,0.2,0.24,0.0,1.07,0,-2.77,0,311.99,0.11,1.41,0.0,313.51,198.01,593.07,1.3499999999999899,-1.76999999999998
