Date,River_Basin,Climate_Model,Population_Growth_Rate,Efficiency,Precipitation,Runoff,SW_In,SW_Out,SW_Diversions,SW_Returns,GW_Diversions,GW_Returns,Recharge,GW_In,SW_to_GW,GW_Out,ET_Land_Surface,ET_SW,ET_Human_Use,ET_GW,ET_Total,Cumulative_Storage_Change_Human_Use,Cumulative_Storage_Change_GW,Monthly_Storage_Change_Human_Use,Monthly_Storage_Change_GW,Ag_Land
Jan 1975,Pecos,Historical,Historical,Historical,750.17,12.9,0.2,8.36,11.95,2.35,5.66,5.7,3.88,0,-5.28,0,733.4,0.41,4.38,0,738.18,76.26,0,0,0,Historical
Feb 1975,Pecos,Historical,Historical,Historical,1520.65,8.89,0.22,6.71,9.26,2.35,5.66,5.68,2.95,0,-4.98,0,1508.82,0.47,4.7,0,1513.98,81.44,-1.35,5.17999999999999,-1.35,Historical
Mar 1975,Pecos,Historical,Historical,Historical,751.67,1.12,0.2,5.06,5.74,11.53,6.54,5.32,2.02,0,-2.07,0,748.53,4.12,6.92,0.55,760.12,83.63,-3.37,2.19,-2.02,Historical
Apr 1975,Pecos,Historical,Historical,Historical,665.18,12.6,0.18,3.13,35.28,15.88,60.1,27.1,17.9,0,-10.67,0,634.68,0.92,55.95,14.71,706.26,72.14,-5.19,-11.49,-1.82,Historical
May 1975,Pecos,Historical,Historical,Historical,1061.8,12.42,0.16,3.04,46.44,30.85,94.48,36.98,28.66,0,-7.06,0,1020.72,1,88.15,23.57,1133.44,68.59,-45.66,-3.55,-40.47,Historical
Jun 1975,Pecos,Historical,Historical,Historical,907.67,34.81,0.12,2.3,91.05,55.73,116.27,55.1,44.68,0,-5.96,0,828.18,3.26,110.1,32.36,973.91,53.53,-105.12,-15.06,-59.46,Historical
Jul 1975,Pecos,Historical,Historical,Historical,5005.18,21.63,1.24,4.1,39.19,14.78,58.16,28.57,36.21,0,-7.83,0,4947.34,2.19,55.14,27.29,5031.96,39.93,-159.95,-13.6,-54.83,Historical
Aug 1975,Pecos,Historical,Historical,Historical,1704.03,23.17,0.17,2,57.59,32.03,104.33,40.45,36.18,0,-5.06,0,1644.69,0.84,96.79,27.85,1770.17,38.8,-188.45,-1.13,-28.5,Historical
Sep 1975,Pecos,Historical,Historical,Historical,3633.46,4.98,0.23,2.44,31.01,19.67,57.8,22.36,24.01,0,-9.43,0,3604.47,0.86,52.16,20.06,3677.55,31.46,-249.08,-7.34,-60.63,Historical
Oct 1975,Pecos,Historical,Historical,Historical,84.53,17.13,0.08,2.03,31.86,11.75,58.37,23.71,15.72,0,-5.42,0,51.68,0.49,52.72,11.1,116.01,26.08,-290,-5.38,-40.92,Historical
Nov 1975,Pecos,Historical,Historical,Historical,662.19,7.54,0.17,3.4,11.43,2.36,5.69,3.76,2.41,0,-5.13,0,652.25,0.37,3.88,0,656.5,28.13,-325.47,2.05,-35.47,Historical
Dec 1975,Pecos,Historical,Historical,Historical,370.52,7.58,0.24,3.79,11,2.37,5.69,3.87,2.62,0,-4.92,0,360.33,0.31,3.83,0,364.46,35.25,-330.12,7.12,-4.64999999999998,Historical
Jan 1976,Pecos,Historical,Historical,Historical,194.49,4.35,0.26,2.94,7.64,1.34,6.4,4.69,2.12,0,-4.93,0,188.01,0.3,3.91,0,192.23,41.87,-334.24,6.62,-4.12,Historical
Feb 1976,Pecos,Historical,Historical,Historical,496.16,1.94,0.26,2.62,7.57,12.95,6.63,4.94,1.11,0,-0.38,0,493.11,5.33,4.67,0.13,503.24,45.97,-338.76,4.1,-4.51999999999998,Historical
Mar 1976,Pecos,Historical,Historical,Historical,282.07,1.97,0.22,1.52,27.45,23.99,22.83,18.94,9.28,0,-4.26,0,270.83,1.46,23.08,8.4,303.77,37.6,-339.84,-8.37,-1.07999999999998,Historical
Apr 1976,Pecos,Historical,Historical,Historical,983,12.72,0.2,1.17,32.24,15.99,72.39,30.49,20.06,0,-5.34,0,950.22,0.84,63.99,17.11,1032.17,21.88,-347.11,-15.72,-7.27000000000004,Historical
May 1976,Pecos,Historical,Historical,Historical,2261.83,18.46,0.18,1.63,44.9,22.68,77.85,31.19,29.68,0,-6.21,0,2213.68,1,70.88,24.13,2309.69,16.04,-391.4,-5.84,-44.29,Historical
Jun 1976,Pecos,Historical,Historical,Historical,1375.85,37.77,0.11,0.69,63.9,23.74,105.05,41.6,43.77,0,-3.94,0,1294.32,0.97,97.59,31.25,1424.12,14.03,-438.71,-2.01,-47.31,Historical
Jul 1976,Pecos,Historical,Historical,Historical,4207.71,14.06,0.74,1.5,43.88,24.88,74.93,30.28,34.95,0,-10.86,0,4158.69,5.16,68.9,27.73,4260.49,20.06,-493.59,6.03,-54.88,Historical
Aug 1976,Pecos,Historical,Historical,Historical,1938.21,28.15,0.51,1.02,56.31,21.16,97.48,47.45,37.8,0,-9.73,0,1872.27,2.21,89.71,27.76,1991.95,14.81,-541.88,-5.25,-48.29,Historical
Sep 1976,Pecos,Historical,Historical,Historical,3437.58,17.63,0.38,2.35,31.49,12.08,51.28,22.1,26.66,0,-4.66,0,3393.28,0.91,46.05,19.81,3460.06,10.29,-591.61,-4.52,-49.73,Historical
Oct 1976,Pecos,Historical,Historical,Historical,1050.44,8.5,0.11,1.16,15.69,3.65,19.01,9.69,7.03,0,-5.07,0,1034.9,0.48,15.7,4.67,1055.75,12.84,-618.61,2.55,-27,Historical
Nov 1976,Pecos,Historical,Historical,Historical,785.75,8.16,0.16,2.34,11.97,1.35,6.43,5.09,2.42,0,-4.96,0,775.17,0.32,3.62,0,779.11,18.5,-630.64,5.66,-12.03,Historical
Dec 1976,Pecos,Historical,Historical,Historical,17.7,6.25,0.18,1.91,10.51,1.35,6.43,5.12,2.16,0,-4.92,0,9.29,0.28,3.73,0,13.3,26.84,-634.52,8.34,-3.88,Historical
Jan 1977,Pecos,Historical,Historical,Historical,700.04,6.15,0.19,2.01,10.2,1.36,6.42,5.21,2.19,0,-4.76,0,691.7,0.24,3.7,0,695.64,33.58,-638.59,6.74,-4.07000000000005,Historical
Feb 1977,Pecos,Historical,Historical,Historical,713.96,2.04,0.18,1.76,5.17,6.94,6.43,5.05,0.93,0,-1.4,0,710.99,3.63,4.13,0,718.76,39.94,-642.37,6.36,-3.77999999999997,Historical
Mar 1977,Pecos,Historical,Historical,Historical,816.84,2,0.16,1.8,14.41,19.93,6.52,9.65,1.07,0,-0.03,0,813.76,5.91,4.74,0.09,824.5,35.42,-644.22,-4.52,-1.85000000000002,Historical
Apr 1977,Pecos,Historical,Historical,Historical,2450.5,16.06,0.2,1.49,26.29,10.15,48.8,22.72,20.36,0,-2.54,0,2414.09,1.17,43.06,15.93,2474.25,22.03,-640.13,-13.39,4.09000000000003,Historical
May 1977,Pecos,Historical,Historical,Historical,1636.69,18.58,0.17,0.91,45.42,22.27,83.26,34.92,32.45,0,-6.78,0,1585.66,1.48,77.3,26.1,1690.53,21.19,-664.33,-0.84,-24.2,Historical
Jun 1977,Pecos,Historical,Historical,Historical,1903.51,30.31,0.35,1.07,57.15,23.67,105.39,40.85,42.7,0,-4.65,0,1830.5,0.76,96.76,32.33,1960.35,15.39,-713.11,-5.8,-48.78,Historical
Jul 1977,Pecos,Historical,Historical,Historical,2667.86,32.25,0.06,0.42,55.54,22.15,109.68,46.82,42.92,0,-3.9,0,2592.69,2.4,99.71,30.98,2725.78,16.65,-771.94,1.26,-58.83,Historical
Aug 1977,Pecos,Historical,Historical,Historical,4100.89,48.22,0.06,0.38,64.54,13.63,67.54,31.52,44.73,0,-5.22,0,4007.94,2.22,62.2,28.15,4100.51,13.19,-826.76,-3.46,-54.8199999999999,Historical
Sep 1977,Pecos,Historical,Historical,Historical,1337.18,27.36,0.04,0.38,51.54,18.41,96.26,40.86,32.97,0,-7.49,0,1276.85,1.38,87.46,23.72,1389.41,37.9,-851.42,24.71,-24.66,Historical
Oct 1977,Pecos,Historical,Historical,Historical,1470.98,17.54,0.04,0.63,35.82,10.97,63.56,26.76,17.81,0,-8.71,0,1435.63,0.81,55.7,13.43,1505.57,38.97,-905.05,1.07,-53.63,Historical
Nov 1977,Pecos,Historical,Historical,Historical,752.49,1.29,0.08,0.48,5.01,3.07,7.19,5.1,1.28,0,-3.59,0,749.93,2.54,5.08,0.39,757.93,44.93,-946.2,5.96,-41.1500000000001,Historical
Dec 1977,Pecos,Historical,Historical,Historical,116.07,3.88,0.11,0.62,9.45,1.37,6.46,4.6,1.51,0,-5.01,0,110.68,0.3,4.08,0,115.06,43.88,-950.99,-1.05,-4.78999999999996,Historical
Jan 1978,Pecos,Historical,Historical,Historical,776.69,4.96,0.12,0.81,10.22,1.38,6.47,4.78,1.88,0,-4.81,0,769.84,0.24,3.92,0,774,49.75,-956.36,5.87,-5.37,Historical
Feb 1978,Pecos,Historical,Historical,Historical,1256.01,1.7,0.12,1.1,5.27,1.38,6.48,4.94,0.91,0,-4.19,0,1253.4,1.02,4.18,0,1258.59,56.37,-960.99,6.62,-4.63,Historical
Mar 1978,Pecos,Historical,Historical,Historical,806.11,1.78,0.1,0.56,19.6,37.47,12.48,10.07,3.78,0,6.01,0,800.56,13.18,11.56,3.02,828.31,57.62,-965.8,1.25,-4.80999999999995,Historical
Apr 1978,Pecos,Historical,Historical,Historical,264.16,22.98,0.06,0.44,44.1,17.22,92.44,45.36,25.59,0,-6.41,0,215.59,2.13,82.81,20.71,321.24,30.6,-961.43,-27.02,4.37,Historical
May 1978,Pecos,Historical,Historical,Historical,2512.63,28.86,0.05,0.6,49.91,17.8,77.81,31.88,34.42,0,-4.79,0,2449.34,0.99,70.66,25.89,2546.88,21.75,-1010.04,-8.85,-48.61,Historical
Jun 1978,Pecos,Historical,Historical,Historical,4653.89,34.85,1.97,10.41,54.31,25.46,68.33,33.23,44.35,0,-4.99,0,4574.69,2.55,63.97,31.14,4672.35,29.13,-1052.24,7.38,-42.2,Historical
Jul 1978,Pecos,Historical,Historical,Historical,1449.12,25.92,0.15,0.75,59.44,27.76,120.05,52.8,40.58,0,-8.7,0,1382.62,2.34,110.27,31.26,1526.48,29.11,-1079.11,-0.0199999999999996,-26.8699999999999,Historical
Aug 1978,Pecos,Historical,Historical,Historical,2978.01,13.89,0.08,0.77,45.2,25.85,82.66,33.29,33.14,0,-6.81,0,2930.97,0.66,76.13,26.99,3034.75,17.77,-1145.75,-11.34,-66.6400000000001,Historical
Sep 1978,Pecos,Historical,Historical,Historical,4826.98,65.58,18.04,71.36,29.4,12.65,42.64,17.41,34.93,0,-5.7,0,4726.47,1.2,37.94,19.16,4784.77,10.37,-1195.77,-7.4,-50.02,Historical
Oct 1978,Pecos,Historical,Historical,Historical,2138.44,26.19,2.4,5.05,35.17,9.28,50.79,22.11,19.31,0,-2.82,0,2092.93,0.47,43.85,12.7,2149.95,14.4,-1210.92,4.03,-15.1500000000001,Historical
Nov 1978,Pecos,Historical,Historical,Historical,3118.95,15.58,1.12,7.65,19.46,1.7,7.96,7.63,7.57,0,-9.21,0,3095.8,0.51,5.38,2.52,3104.21,25.12,-1235.81,10.72,-24.8899999999999,Historical
Dec 1978,Pecos,Historical,Historical,Historical,874.51,14.37,0.42,3.85,18.39,1.39,6.51,7.7,4.17,0,-6.42,0,855.97,0.37,3.89,0,860.22,37.84,-1240.3,12.72,-4.49000000000001,Historical
Jan 1979,Pecos,Historical,Historical,Historical,1379.05,9.99,0.38,3.86,14.06,1.4,6.51,7.38,3.36,0,-6.47,0,1365.7,0.31,3.87,0,1369.89,49.75,-1241.36,11.91,-1.05999999999995,Historical
Feb 1979,Pecos,Historical,Historical,Historical,708.95,7.17,0.36,4.29,10.51,1.4,6.52,6.7,2.9,0,-6.37,0,698.88,0.49,4.47,0,703.84,57.68,-1243.6,7.93,-2.24000000000001,Historical
Mar 1979,Pecos,Historical,Historical,Historical,308.92,2.19,0.34,3.55,7.73,7.78,8.67,6.7,2.95,0,-3.49,0,303.78,2.52,7.81,1.22,315.33,62.14,-1246.9,4.46,-3.30000000000018,Historical
Apr 1979,Pecos,Historical,Historical,Historical,682.47,28.97,0.32,2.33,50.71,17.07,77.47,32.26,26.03,0,-7.55,0,627.47,0.88,69.42,16.55,714.33,56.24,-1250.62,-5.9,-3.7199999999998,Historical
May 1979,Pecos,Historical,Historical,Historical,2893.05,86.77,0.4,2.42,103.74,13.76,71.43,35.35,53.02,0,-7.79,0,2753.26,2.57,66.57,24.21,2846.61,65.66,-1293.9,9.41999999999999,-43.2800000000002,Historical
Jun 1979,Pecos,Historical,Historical,Historical,4124.01,29.56,2.31,5.94,56.78,14.84,71.31,39.88,45.52,0,-31.02,0,4048.93,15.01,69.85,28.9,4162.69,125.15,-1308.96,59.49,-15.0599999999999,Historical
Jul 1979,Pecos,Historical,Historical,Historical,2884.65,25.23,0.24,3.59,49.39,24.48,94.5,39.01,41.95,0,-5.16,0,2817.47,2.11,90.61,30.59,2940.78,128.68,-1354.79,3.53,-45.8299999999999,Historical
Aug 1979,Pecos,Historical,Historical,Historical,4023.83,17.29,2.27,6.04,35.01,15.06,64.83,28.75,35.21,0,-8.32,0,3971.33,1.9,61.72,26.23,4061.18,118.48,-1404.08,-10.2,-49.29,Historical
Sep 1979,Pecos,Historical,Historical,Historical,1607.36,7.1,0.39,3.88,42.29,32.13,86.56,34.99,26.62,0,-7.46,0,1573.64,0.9,80.36,21.99,1676.88,112.79,-1439.5,-5.69,-35.4200000000001,Historical
Oct 1979,Pecos,Historical,Historical,Historical,488.38,21.09,0.06,2.85,44.49,22.83,73.55,34.22,20.25,0,-4.52,0,447.03,1.16,66.47,14.61,529.27,94.17,-1493.9,-18.62,-54.4000000000001,Historical
Nov 1979,Pecos,Historical,Historical,Historical,456.92,8.93,0.36,3.81,11.93,1.41,6.55,5.52,2.74,0,-5.45,0,445.25,0.41,4.56,0,450.22,88.68,-1532.1,-5.48999999999999,-38.1999999999998,Historical
Dec 1979,Pecos,Historical,Historical,Historical,910.32,8.34,0.3,4.34,11.2,1.41,6.55,5.31,2.95,0,-5.86,0,899.04,0.37,4.52,0,903.93,95.67,-1535.84,6.98999999999999,-3.74000000000001,Historical
Jan 1980,Pecos,Historical,Historical,Historical,980.67,8.17,0.35,4.16,11.29,1.42,6.57,5.51,2.94,0,-5.88,0,969.57,0.37,4.57,0,974.5,102.18,-1539.99,6.51000000000001,-4.15000000000009,Historical
Feb 1980,Pecos,Historical,Historical,Historical,832.01,4.08,0.35,4.58,5.91,1.41,6.56,5.75,1.88,0,-5.15,0,826.05,0.51,5.05,0,831.61,108.55,-1544,6.36999999999999,-4.00999999999999,Historical
Mar 1980,Pecos,Historical,Historical,Historical,385.88,1.48,0.29,2.16,1.41,18.64,6.92,4.98,0.84,0,4.5,0,383.56,12.33,6.68,0.23,402.8,108.81,-1548.08,0.260000000000005,-4.07999999999993,Historical
Apr 1980,Pecos,Historical,Historical,Historical,986.4,18.49,0.33,2.3,33.14,22.6,30.72,22.66,19.07,0,3.92,0,948.84,2.06,31.12,12.4,994.42,86.84,-1544.91,-21.97,3.16999999999985,Historical
May 1980,Pecos,Historical,Historical,Historical,2165.66,15.04,0.33,3.43,36.45,25.96,76.41,32.64,30.09,0,-0.22,0,2120.53,1.66,71.55,23.08,2216.82,74.33,-1542.39,-12.51,2.51999999999998,Historical
Jun 1980,Pecos,Historical,Historical,Historical,703.79,20.93,0.18,1.31,73.49,55.04,129.41,52.25,45.49,0,-1.3,0,637.37,2.65,120.68,34.76,795.46,57.05,-1579.37,-17.28,-36.9799999999998,Historical
Jul 1980,Pecos,Historical,Historical,Historical,822.25,29.74,0.1,0.84,84.26,38.01,133.89,65.15,44.97,0,-20.48,0,747.54,3.23,123.33,33.27,907.38,31.98,-1647.1,-25.07,-67.73,Historical
Aug 1980,Pecos,Historical,Historical,Historical,3450.58,24.73,0.03,0.94,47.22,16.08,81.51,33.12,36.55,0,-8.39,0,3389.3,1.08,74.15,27.39,3491.92,23.64,-1724.62,-8.34,-77.52,Historical
Sep 1980,Pecos,Historical,Historical,Historical,7358.37,47.57,6.5,38.87,31.5,8.62,29.12,15.99,32.35,0,-9.57,0,7278.45,1.89,26.5,20.66,7327.5,29.01,-1772.25,5.37,-47.6300000000001,Historical
Oct 1980,Pecos,Historical,Historical,Historical,313.81,19.42,0.32,5.06,27.58,8.58,51.97,23.55,15.16,0,-4.93,0,279.23,0.6,46.25,9.98,336.07,38.52,-1783.26,9.51,-11.01,Historical
Nov 1980,Pecos,Historical,Historical,Historical,1062.82,10.33,0.3,5.12,12.32,1.39,6.56,5.08,2.96,0,-5.78,0,1049.53,0.37,4.07,0,1053.97,39.69,-1811.43,1.16999999999999,-28.1700000000001,Historical
Dec 1980,Pecos,Historical,Historical,Historical,289.31,9.56,0.3,5.13,11.81,1.39,6.56,5.36,3.07,0,-6.05,0,276.68,0.36,4.3,0,281.35,48.03,-1815.73,8.34,-4.29999999999995,Historical
Jan 1981,Pecos,Historical,Historical,Historical,506.32,11.56,0.33,4.84,13.82,1.39,5.08,4.53,3.33,0,-5.68,0,491.43,0.31,3.65,0,495.38,55.35,-1819.92,7.32,-4.19000000000005,Historical
Feb 1981,Pecos,Historical,Historical,Historical,279.75,6.51,0.3,3.76,9.68,1.39,5.08,4.31,2.3,0,-5.6,0,270.94,0.36,4.26,0,275.56,64.68,-1822.82,9.33000000000001,-2.89999999999986,Historical
Mar 1981,Pecos,Historical,Historical,Historical,1033.38,1.8,0.38,4.84,4.24,3.4,8.95,6.12,2.74,0,-4.83,0,1028.85,1.33,9.27,1.91,1041.36,69.47,-1826.88,4.78999999999999,-4.06000000000017,Historical
Apr 1981,Pecos,Historical,Historical,Historical,1683.19,13.3,0.29,2.77,31.66,14.07,69.78,27.65,21.71,0,-7.42,0,1648.18,0.64,64.39,18.67,1731.88,63.86,-1833.72,-5.61,-6.83999999999992,Historical
May 1981,Pecos,Historical,Historical,Historical,2176.1,3.65,0.22,2.19,43.71,60.72,74.91,31.24,27.22,0,3.44,0,2145.23,15.25,73.51,25.03,2259.01,59.19,-1880.23,-4.67,-46.51,Historical
Jun 1981,Pecos,Historical,Historical,Historical,1868.23,50.3,0.31,2.02,72.06,22.85,101.86,47.56,47.64,0,-3.1,0,1770.29,2.46,96.68,32.73,1902.17,12.34,-1918.26,-46.85,-38.03,Historical
Jul 1981,Pecos,Historical,Historical,Historical,4259.12,71.53,1.05,4.9,73.16,16.88,68.06,29.25,52.15,0,9.67,0,4135.44,1.74,65.94,29.89,4233,19.18,-1960.75,6.84,-42.49,Historical
Aug 1981,Pecos,Historical,Historical,Historical,5797.04,43.64,0.77,5.74,51.92,10.32,45.47,23.17,41.45,0,-5.22,0,5711.96,2.29,45.19,25.25,5784.69,48.33,-1967.63,29.15,-6.88000000000011,Historical
Sep 1981,Pecos,Historical,Historical,Historical,3259.18,18.59,1.03,3.08,35.28,12.76,53.4,23.96,28.14,0,-7.27,0,3212.45,1.29,51.58,20.73,3286.07,67.05,-1978.96,18.72,-11.3299999999999,Historical
Oct 1981,Pecos,Historical,Historical,Historical,2342.95,17.56,0.26,2.81,29.93,8.74,41.06,19.73,17.66,0,-6.95,0,2307.73,0.77,39.42,12.58,2360.49,67.42,-2008.26,0.370000000000005,-29.3,Historical
Nov 1981,Pecos,Historical,Historical,Historical,476.85,10.76,0.27,3.32,15.23,1.78,6.54,5.04,4.15,0,-6.22,0,461.94,0.48,6.31,0.85,469.57,70.53,-2031.46,3.11,-23.2,Historical
Dec 1981,Pecos,Historical,Historical,Historical,84.92,1.54,0.3,3.68,6.79,22.82,5.08,4.05,0.93,0,3.45,0,82.46,10.74,4.27,0,97.47,79.17,-2035.87,8.64,-4.40999999999985,Historical
Jan 1982,Pecos,Historical,Historical,Historical,852.89,6.17,0.32,3.25,10.13,1.37,5.1,4.15,2.31,0,-5.85,0,844.41,0.33,3.72,0,848.46,59.89,-2032.52,-19.28,3.34999999999991,Historical
Feb 1982,Pecos,Historical,Historical,Historical,620.1,1.57,0.3,2.55,4.76,1.37,5.1,4.07,1.16,0,-5.2,0,617.38,1.13,4.02,0,622.52,65.88,-2037,5.98999999999999,-4.48000000000002,Historical
Mar 1982,Pecos,Historical,Historical,Historical,363.04,0.47,0.23,3.38,6.39,20.79,10.37,6.7,3.48,0,1.7,0,359.09,10.02,11.49,2.95,383.54,66.28,-2042.08,0.400000000000006,-5.07999999999993,Historical
Apr 1982,Pecos,Historical,Historical,Historical,303.33,15.16,0.28,1.89,61.8,42.91,79.23,40.33,21.78,0,-7.39,0,266.39,2.04,74.37,18.21,361.01,44.07,-2043.52,-22.21,-1.44000000000005,Historical
May 1982,Pecos,Historical,Historical,Historical,1833.58,26.72,0.19,2.72,45.72,25.73,74.22,33.23,34.21,0,2.47,0,1772.66,1.72,70.95,24.72,1870.05,27.49,-2086.23,-16.58,-42.71,Historical
Jun 1982,Pecos,Historical,Historical,Historical,1087.39,66.17,0.28,1.91,80.86,22.42,97.08,40.53,55.61,0,4.83,0,965.61,1.27,93.71,31.04,1091.63,17.53,-2115.27,-9.96,-29.04,Historical
Jul 1982,Pecos,Historical,Historical,Historical,3471.5,50.12,0.54,1.85,62.92,17.11,76.99,40.83,53.83,0,-0.26,0,3367.54,3.26,75.22,30.81,3476.83,38.81,-2142.42,21.28,-27.1500000000001,Historical
Aug 1982,Pecos,Historical,Historical,Historical,3307.71,41.22,0.33,3.22,66.34,18.06,83.25,34.29,43.69,0,-11.11,0,3222.8,1.16,79,27.36,3330.32,45.57,-2155.83,6.76,-13.4099999999999,Historical
Sep 1982,Pecos,Historical,Historical,Historical,3163.02,25.1,0.54,6.57,58.74,27.64,66.75,35.16,32.54,0,-14.01,0,3105.38,1.97,62.53,21.69,3191.57,63.82,-2199.57,18.25,-43.7400000000002,Historical
Oct 1982,Pecos,Historical,Historical,Historical,1911.73,14.3,0.1,2.65,27.81,6.38,34.21,17.59,15.49,0,-10.56,0,1881.95,0.88,32.7,10.48,1926.01,63.98,-2234.31,0.159999999999997,-34.7399999999998,Historical
Nov 1982,Pecos,Historical,Historical,Historical,1467.64,8.7,0.15,3.27,13.23,1.35,5.1,3.66,3.56,0,-6.66,0,1455.38,0.37,3.94,0,1459.68,69.33,-2256.48,5.35,-22.1700000000001,Historical
Dec 1982,Pecos,Historical,Historical,Historical,2083.75,8.6,0.2,3.5,13.36,1.35,5.1,4.32,3.62,0,-7.02,0,2071.53,0.31,3.78,0,2075.62,78.71,-2261.02,9.38,-4.53999999999996,Historical
Jan 1983,Pecos,Historical,Historical,Historical,1138.73,7.17,0.19,3.51,12.39,1.35,5.11,4.55,3.72,0,-7.52,0,1127.84,0.34,3.98,0,1132.16,87.71,-2265.2,9,-4.17999999999984,Historical
Feb 1983,Pecos,Historical,Historical,Historical,1067.79,2.57,0.2,3.24,8.48,1.35,5.11,4.52,2.65,0,-8.02,0,1062.57,0.42,4.51,0,1067.5,95.33,-2269.56,7.62,-4.36000000000013,Historical
Mar 1983,Pecos,Historical,Historical,Historical,906.97,6.69,0.17,2.74,13.35,9.93,9.42,6.4,6.51,0,-4.41,0,893.78,5.11,10.94,2.5,912.33,98.54,-2275.52,3.21000000000001,-5.96000000000004,Historical
Apr 1983,Pecos,Historical,Historical,Historical,1088.36,7.03,0.15,2.24,42.79,30.26,54.66,23.49,19.88,0,-12.13,0,1061.46,4.55,53.29,16.36,1135.66,94.03,-2278.94,-4.51000000000001,-3.42000000000007,Historical
May 1983,Pecos,Historical,Historical,Historical,971.4,42.91,0.1,1.37,74.39,18.08,75.21,40.34,38.4,0,-17.55,0,890.09,2.88,74.4,24.25,991.62,84.44,-2318.73,-9.59,-39.79,Historical
Jun 1983,Pecos,Historical,Historical,Historical,1272.08,17.58,0.09,1.27,56.66,44.87,86.63,36.45,41.32,0,3.12,0,1213.19,1.5,87.16,30.65,1332.5,101.23,-2357.01,16.79,-38.2800000000002,Historical
Jul 1983,Pecos,Historical,Historical,Historical,1675.39,19.54,0,1.23,76.76,37.95,100.07,53.47,41.14,0,-25.11,0,1614.71,4.6,99.54,31.73,1750.59,76.03,-2393.4,-25.2,-36.3899999999999,Historical
Aug 1983,Pecos,Historical,Historical,Historical,1419.05,11.77,0,1.11,58.8,51.94,91.92,38.16,34.85,0,2.43,0,1372.42,1.37,89.73,28.61,1492.13,61.9,-2455.7,-14.13,-62.2999999999997,Historical
Sep 1983,Pecos,Historical,Historical,Historical,2072.69,17.41,1.25,2.64,55.94,22.86,71.51,36.16,31.24,0,-18.86,0,2024.04,1.8,68.8,23.44,2118.08,32.78,-2500.77,-29.12,-45.0700000000002,Historical
Oct 1983,Pecos,Historical,Historical,Historical,3578.86,23.89,1.64,4.89,33.5,7.08,22.37,12.7,19.66,0,-6.61,0,3535.32,0.83,22.13,13.06,3571.34,32.42,-2547.2,-0.359999999999999,-46.4299999999998,Historical
Nov 1983,Pecos,Historical,Historical,Historical,1715.05,10.95,0.29,3.44,17.26,2.27,9.68,8.09,5.89,0,-7.79,0,1698.21,0.6,8.59,2.61,1710,46.38,-2556.88,13.96,-9.68000000000029,Historical
Dec 1983,Pecos,Historical,Historical,Historical,861.58,5.29,0.16,3.16,11.95,1.33,5.11,4.57,2.86,0,-8.62,0,853.43,0.29,3.67,0,857.39,54.37,-2562.98,7.98999999999999,-6.09999999999991,Historical
Jan 1984,Pecos,Historical,Historical,Historical,405.85,3.71,0.16,2.82,10.18,1.33,5.09,4.73,2.42,0,-8.12,0,399.73,0.32,3.75,0,403.79,61.85,-2569.27,7.48,-6.28999999999996,Historical
Feb 1984,Pecos,Historical,Historical,Historical,77.56,1.72,0.15,1.99,4.84,2.22,5.09,4.25,1.07,0,-5.02,0,74.77,2.29,4.41,0,81.46,67.31,-2575.33,5.46,-6.05999999999995,Historical
Mar 1984,Pecos,Historical,Historical,Historical,564.87,1.57,0.14,1.89,4.63,13.64,5.71,3.86,1.65,0,-0.24,0,561.65,9.06,6.12,0.55,577.39,66.36,-2580.12,-0.950000000000003,-4.78999999999996,Historical
Apr 1984,Pecos,Historical,Historical,Historical,396.16,8.23,0.12,1.3,27.61,19.49,60.54,27.71,19.07,0,-1.83,0,368.86,0.75,56.24,15.61,441.46,53.09,-2581.12,-13.27,-1,Historical
May 1984,Pecos,Historical,Historical,Historical,3067.4,28.71,0.1,1.75,66.04,17.73,62.18,35.57,38.95,0,-24.1,0,2999.74,2.85,60.81,27,3090.4,37.8,-2612.32,-15.29,-31.2000000000003,Historical
Jun 1984,Pecos,Historical,Historical,Historical,4183.51,20.75,0.86,3.06,44.63,19.88,57.74,26.11,37.63,0,-8.1,0,4125.13,1.9,57.79,28.23,4213.05,51.91,-2651.09,14.11,-38.77,Historical
Jul 1984,Pecos,Historical,Historical,Historical,2306.48,34.89,0.05,1.34,69.53,38.94,88.9,37.09,41.26,0,1.3,0,2230.33,1.71,85.91,29.52,2347.46,50.5,-2681.42,-1.41,-30.3299999999999,Historical
Aug 1984,Pecos,Historical,Historical,Historical,6400.82,73.24,5.44,52.76,54.54,10.47,37.57,31.34,45.17,0,-21.64,0,6282.42,3.49,37.26,25.23,6348.39,47,-2720.19,-3.5,-38.77,Historical
Sep 1984,Pecos,Historical,Historical,Historical,1770.84,19,0.18,4.43,48.36,22.62,74.33,30.94,30.19,0,-11.96,0,1721.64,0.98,70.07,21.42,1814.11,60.04,-2728.12,13.04,-7.92999999999984,Historical
Oct 1984,Pecos,Historical,Historical,Historical,4172.15,16.55,0.18,5.55,20.09,2.66,15.33,9.39,15.92,0,-6.92,0,4139.67,0.67,14.31,10.23,4164.89,59.1,-2774.69,-0.939999999999998,-46.5700000000002,Historical
Nov 1984,Pecos,Historical,Historical,Historical,1718.11,13.51,0.19,4.47,18.15,1.32,5.09,4.91,5.03,0,-8.09,0,1699.56,0.49,4.1,0,1704.15,68.17,-2781.87,9.07,-7.17999999999984,Historical
Dec 1984,Pecos,Historical,Historical,Historical,2316.7,18.1,0.2,4.34,23.28,1.32,5.09,6.82,6.02,0,-8.46,0,2292.58,0.44,4.08,0,2297.1,81.09,-2785.11,12.92,-3.24000000000024,Historical
Jan 1985,Pecos,Historical,Historical,Historical,990.08,11.54,0.19,5.81,14.03,1.32,5.11,7.55,4.48,0,-7.21,0,974.07,0.41,4.16,0,978.64,97.25,-2785.83,16.16,-0.7199999999998,Historical
Feb 1985,Pecos,Historical,Historical,Historical,629.56,10.6,0.18,8.26,12.85,1.31,5.11,6.27,4.57,0,-9.56,0,614.38,0.55,4.72,0,619.65,103.36,-2786.11,6.11,-0.2800000000002,Historical
Mar 1985,Pecos,Historical,Historical,Historical,1687.54,15.91,0.17,3.56,27.47,10.37,13.14,9.32,11.98,0,-9.22,0,1659.66,4.64,14.81,4.28,1683.38,109.01,-2789.92,5.65000000000001,-3.80999999999995,Historical
Apr 1985,Pecos,Historical,Historical,Historical,2142.06,42.5,0.15,2.88,71.51,18.3,58.84,25.36,36.07,0,-14.65,0,2063.49,1.21,57.53,19.29,2141.52,115.12,-2795.26,6.11,-5.34000000000015,Historical
May 1985,Pecos,Historical,Historical,Historical,2018.11,50.51,0.3,3.18,63.66,17.72,70.11,30.83,46.9,0,0.02,0,1920.7,1.67,71.19,25.85,2019.41,144.27,-2826.6,29.15,-31.3399999999997,Historical
Jun 1985,Pecos,Historical,Historical,Historical,3629.54,20.86,0.42,2.81,52.55,21.82,66.34,35.72,41.86,0,-15.38,0,3566.83,3.12,68.27,29.89,3668.1,158.3,-2844.81,14.03,-18.21,Historical
Jul 1985,Pecos,Historical,Historical,Historical,2627.1,11.56,0.28,1.78,47.57,32.88,80.54,34.2,38.45,0,-6.16,0,2577.09,1.53,81.72,30.75,2691.1,151.39,-2878.84,-6.91000000000003,-34.0300000000002,Historical
Aug 1985,Pecos,Historical,Historical,Historical,2505.65,26.15,0.04,1.68,65.89,32.71,86.81,44.03,38.93,0,-10.99,0,2440.56,2.33,84.25,28.66,2555.8,130.7,-2923.65,-20.69,-44.8099999999999,Historical
Sep 1985,Pecos,Historical,Historical,Historical,4163.43,46.44,1.5,9.96,52.73,9.39,39.59,19.9,34.51,0,-6.77,0,4082.48,1.42,38.85,20.56,4143.3,122.41,-2967.15,-8.28999999999999,-43.5,Historical
Oct 1985,Pecos,Historical,Historical,Historical,4967.29,33.69,0.2,6.52,41.35,2.89,19.16,14.12,21.9,0,-12.11,0,4911.7,1.02,18.91,11.59,4943.22,146.6,-2979.67,24.19,-12.52,Historical
Nov 1985,Pecos,Historical,Historical,Historical,491.7,9.38,0.18,5,14.6,1.85,7.08,6.04,5.29,0,-8.76,0,477.03,0.57,8.07,1.47,487.14,171.19,-2986.51,24.59,-6.84000000000015,Historical
Dec 1985,Pecos,Historical,Historical,Historical,206.71,6.63,0.2,4.29,12.09,1.3,5.1,4.61,3.33,0,-8.65,0,196.74,0.4,5.08,0,202.22,176.91,-2992.49,5.72,-5.97999999999956,Historical
Jan 1986,Pecos,Historical,Historical,Historical,235.07,6.5,0.22,4.72,11.1,1.47,5.33,4.31,3.36,0,-8.07,0,225.21,0.45,5.69,0,231.35,183.11,-2998.3,6.20000000000002,-5.8100000000004,Historical
Feb 1986,Pecos,Historical,Historical,Historical,1261.56,2.6,0.23,3.58,6.49,1.5,5.51,4.22,1.78,0,-7.3,0,1257.19,1.56,6.23,0.13,1265.11,188.06,-3004.04,4.94999999999999,-5.73999999999978,Historical
Mar 1986,Pecos,Historical,Historical,Historical,463.42,1.48,0.2,2.9,13.65,20.92,24.34,10.7,10.26,0,-1.76,0,451.67,7.81,26.25,9.47,495.21,188.1,-3010.98,0.039999999999992,-6.94000000000005,Historical
Apr 1986,Pecos,Historical,Historical,Historical,508.01,2.83,0.13,1.94,30.66,39.02,89.02,31.93,21.59,0,7.11,0,483.59,2.27,79.65,20.34,585.85,168.22,-3025.6,-19.88,-14.6199999999999,Historical
May 1986,Pecos,Historical,Historical,Historical,2570.61,39.68,0.25,1.65,68.84,16.84,69.42,37.3,42.08,0,-16.51,0,2488.84,2.8,64.87,26.75,2583.26,137.3,-3074.32,-30.92,-48.7200000000003,Historical
Jun 1986,Pecos,Historical,Historical,Historical,6936.07,191.7,5.83,147.01,63.51,10.28,44.92,32.35,73.83,0,-6.77,0,6670.54,4.06,44.53,27.26,6746.38,156.55,-3107.62,19.25,-33.2999999999997,Historical
Jul 1986,Pecos,Historical,Historical,Historical,2423.66,44.23,0.58,33.69,47.04,24.08,99.22,41.15,44.63,0,-14.66,0,2334.79,2.83,92.12,29.09,2458.83,177.82,-3080.39,21.27,27.23,Historical
Aug 1986,Pecos,Historical,Historical,Historical,4601.72,38.62,0.82,5.23,47.48,11.77,59.43,23.05,40.35,0,-3.02,0,4522.74,1.52,56.26,26.49,4607.02,166.72,-3137.58,-11.1,-57.1900000000001,Historical
Sep 1986,Pecos,Historical,Historical,Historical,3743.17,19.32,1.66,7.53,37.55,9.38,45.75,23.03,28.15,0,-16.21,0,3695.71,1.48,43.53,20.35,3761.06,182.55,-3163.11,15.83,-25.5300000000002,Historical
Oct 1986,Pecos,Historical,Historical,Historical,3513.43,31.04,3.48,12.69,28.37,4.09,27.38,17.26,21.4,0,-3.5,0,3460.99,1.06,25.24,11.05,3498.34,189.91,-3194.23,7.35999999999999,-31.1199999999999,Historical
Nov 1986,Pecos,Historical,Historical,Historical,3311.73,32.15,0.55,34.5,12.97,4.67,5.33,9.6,10.63,0,-11.1,0,3268.96,1,5.72,0.17,3275.85,199.07,-3197.51,9.16,-3.2800000000002,Historical
Dec 1986,Pecos,Historical,Historical,Historical,2612.75,23.12,0.48,24.92,8.89,1.46,5.33,8.87,7.73,0,-9.47,0,2581.89,0.71,5.17,0,2587.77,197.38,-3193.88,-1.69,3.63000000000011,Historical
Jan 1987,Pecos,Historical,Historical,Historical,1083.34,24.11,0.51,22.54,11.1,1.5,5.35,9.64,7.78,0,-8.31,0,1051.44,0.79,5.19,0,1057.42,196.11,-3192.09,-1.26999999999998,1.78999999999996,Historical
Feb 1987,Pecos,Historical,Historical,Historical,1940.98,25.27,0.52,21.84,10.58,1.5,5.35,9.32,8.78,0,-6.21,0,1906.92,1.08,5.82,0,1913.82,196.24,-3188.33,0.129999999999995,3.76000000000022,Historical
Mar 1987,Pecos,Historical,Historical,Historical,633.08,24.83,0.56,17.29,21.68,5.47,16.08,16.04,18.33,0,-9.88,0,589.93,1.77,18.2,7.49,617.39,195.53,-3181.79,-0.710000000000008,6.53999999999996,Historical
Apr 1987,Pecos,Historical,Historical,Historical,810.56,22.22,0.58,8.81,42.6,14.58,30.08,22.15,24.15,0,-16.61,0,764.18,2.59,31.23,12.34,810.35,193.58,-3180.86,-1.94999999999999,0.929999999999836,Historical
May 1987,Pecos,Historical,Historical,Historical,3735.86,44.78,0.55,25.94,45.26,9.85,49.7,33.41,41.07,0,-19.82,0,3650.01,3.8,48.95,22.89,3725.66,198.3,-3193.6,4.72,-12.7399999999998,Historical
Jun 1987,Pecos,Historical,Historical,Historical,3624.61,30.91,0.84,30.28,36.39,17.36,62.58,34.22,43.22,0,-21.25,0,3550.48,3.7,63.02,29.13,3646.32,201.05,-3211.53,2.75,-17.9300000000003,Historical
Jul 1987,Pecos,Historical,Historical,Historical,1043.77,24.34,0.32,10.21,50.11,30.63,103.36,40.69,41.53,0,-7.35,0,977.9,2.33,97.78,30.64,1108.65,185.42,-3247.05,-15.63,-35.52,Historical
Aug 1987,Pecos,Historical,Historical,Historical,5419.73,15.07,0.82,6.78,35.17,18.56,47.5,20.31,35.05,0,-9.5,0,5369.61,2,45.78,26.71,5444.09,169.79,-3306.17,-15.63,-59.1199999999999,Historical
Sep 1987,Pecos,Historical,Historical,Historical,1807.6,11.59,0.45,6.44,32.29,15.1,63.27,29.76,26.11,0,-13.23,0,1769.9,1.65,59.39,20.47,1851.41,167.81,-3334.52,-1.97999999999999,-28.3499999999999,Historical
Oct 1987,Pecos,Historical,Historical,Historical,522.26,15.36,0.33,5.58,31.83,13.65,62.58,25.49,18,0,-9.1,0,488.9,1.03,55.51,13.63,559.06,159.11,-3375.61,-8.69999999999999,-41.0900000000001,Historical
Nov 1987,Pecos,Historical,Historical,Historical,824.97,13.22,0.36,6.24,15.97,1.54,5.69,4.77,4.84,0,-7.68,0,806.91,0.58,5.72,0.21,813.42,158.87,-3417.43,-0.240000000000009,-41.8199999999997,Historical
Dec 1987,Pecos,Historical,Historical,Historical,1630.11,14.17,0.42,6.39,17.33,1.48,5.36,4.97,4.61,0,-8.07,0,1611.32,0.43,5.05,0,1616.8,168.5,-3421.4,9.63,-3.97000000000025,Historical
Jan 1988,Pecos,Historical,Historical,Historical,476.98,10.65,0.41,6.3,14.46,1.52,5.41,5.31,4.32,0,-8.58,0,462.02,0.4,5,0,467.42,179.69,-3425.24,11.19,-3.83999999999969,Historical
Feb 1988,Pecos,Historical,Historical,Historical,849.16,4.59,0.41,6.33,8,1.92,5.41,5.5,2.8,0,-8.01,0,841.77,0.6,6.24,0,848.61,187.73,-3429.61,8.03999999999999,-4.37000000000035,Historical
Mar 1988,Pecos,Historical,Historical,Historical,156.15,2.03,0.39,4.52,4.25,12.76,5.63,4.23,1.5,0,-2.02,0,152.62,8.43,8.42,0.16,169.62,187.48,-3434.73,-0.25,-5.11999999999989,Historical
Apr 1988,Pecos,Historical,Historical,Historical,1545.43,0.9,0.36,4.52,16.68,21.78,37.54,15.18,15.4,0,-4.59,0,1529.12,6.44,36.85,14.46,1586.87,171.96,-3436.81,-15.52,-2.07999999999993,Historical
May 1988,Pecos,Historical,Historical,Historical,2337.41,16.83,0.27,4.09,43.51,23.75,63.08,30.4,32.18,0,-9.23,0,2288.39,2.48,61.19,25.5,2377.56,152.36,-3462.82,-19.6,-26.0100000000002,Historical
Jun 1988,Pecos,Historical,Historical,Historical,2682.61,24.4,0.22,3.42,49.49,28.82,80.04,31.9,39.91,0,-1.67,0,2618.29,2.2,74.8,29.69,2724.98,143.6,-3498.04,-8.76000000000002,-35.2199999999998,Historical
Jul 1988,Pecos,Historical,Historical,Historical,5745.07,18.7,0.19,5.49,35.01,12.68,50.92,26.2,39.12,0,-17.92,0,5687.25,8.99,50.32,28.77,5775.33,137.6,-3537.61,-6,-39.5700000000002,Historical
Aug 1988,Pecos,Historical,Historical,Historical,3936.15,17.48,0.2,4.37,33.8,23.54,71.83,27.31,35.53,0,-0.43,0,3883.14,3.48,65.02,25.27,3976.91,134.35,-3569.9,-3.25,-32.29,Historical
Sep 1988,Pecos,Historical,Historical,Historical,4213.5,23.18,0.16,6,34.18,18.46,41.64,31.43,32.23,0,-15.32,0,4158.09,16.94,38.71,21.41,4235.15,124.11,-3604.6,-10.24,-34.6999999999998,Historical
Oct 1988,Pecos,Historical,Historical,Historical,266.91,31,0.16,5.12,47.15,11.4,71.1,29.69,21.61,0,-10.78,0,214.29,1.07,62.12,13.49,290.97,111.33,-3619.31,-12.78,-14.71,Historical
Nov 1988,Pecos,Historical,Historical,Historical,318.96,8.65,0.19,5.84,12.44,1.72,6.66,3.77,4.52,0,-8.23,0,305.79,0.52,6.83,0.65,313.78,126.37,-3663.37,15.04,-44.0599999999999,Historical
Dec 1988,Pecos,Historical,Historical,Historical,795.58,7.84,0.24,5.59,12.05,1.5,5.42,3.16,3.53,0,-8.42,0,784.21,0.37,5.06,0,789.63,133.15,-3670.62,6.78,-7.25,Historical
Jan 1989,Pecos,Historical,Historical,Historical,437.69,1.74,0.26,4.62,6.37,12,5.5,1.97,1.83,0,-3.08,0,434.13,6.09,5.18,0,445.39,140.89,-3677.77,7.73999999999998,-7.15000000000009,Historical
Feb 1989,Pecos,Historical,Historical,Historical,1111.48,7.98,0.25,5.14,12.34,1.54,5.5,2.09,3.31,0,-8.26,0,1100.18,0.55,5.6,0,1106.34,133.62,-3682.56,-7.26999999999998,-4.78999999999996,Historical
Mar 1989,Pecos,Historical,Historical,Historical,545.33,0.69,0.21,3.68,8.37,12.45,12.11,4.64,4.6,0,0.44,0,540.04,0.88,14.24,3.04,558.2,142.23,-3690.93,8.60999999999999,-8.36999999999989,Historical
Apr 1989,Pecos,Historical,Historical,Historical,173.22,0.95,0.19,2.73,56.02,66.65,94.93,33.23,21.43,0,4.51,0,150.85,4.52,86.66,21.02,263.06,131.37,-3696.39,-10.86,-5.46000000000004,Historical
May 1989,Pecos,Historical,Historical,Historical,836.35,16.11,0.18,2.08,45.2,49.7,106.01,37.18,35.24,0,-3.96,0,785,22.66,98.75,28.48,934.9,95.78,-3753.19,-35.59,-56.8000000000002,Historical
Jun 1989,Pecos,Historical,Historical,Historical,1585.19,6.63,0.08,1.69,45.54,31.43,93.58,33.79,35.82,0,-12.68,0,1542.74,3.59,87.43,30.97,1664.73,61.36,-3819.22,-34.42,-66.0299999999997,Historical
Jul 1989,Pecos,Historical,Historical,Historical,2691.61,20.21,0,1.63,52.84,28.34,104.06,36.7,40.47,0,-7.11,0,2630.94,1.19,94.61,30.45,2757.18,47.84,-3886.85,-13.52,-67.6300000000001,Historical
Aug 1989,Pecos,Historical,Historical,Historical,5392.02,14.99,0.2,2.29,32.57,14.51,51.34,18.4,35.29,0,-6.19,0,5341.74,1.03,47.88,26.49,5417.13,45.09,-3951.3,-2.75,-64.4500000000003,Historical
Sep 1989,Pecos,Historical,Historical,Historical,1957.73,7.68,0.14,2.38,35.17,20.29,72.02,25.48,25.79,0,-10.54,0,1924.26,1.11,65.11,21.18,2011.66,48.21,-3981.63,3.12,-30.3299999999999,Historical
Oct 1989,Pecos,Historical,Historical,Historical,459.23,12.34,0.07,2.45,30.7,11.69,73.75,26.07,17.72,0,-9.6,0,429.17,0.56,63.33,13.43,506.5,44.52,-4034.1,-3.69,-52.4699999999998,Historical
Nov 1989,Pecos,Historical,Historical,Historical,4.74,5.69,0.14,3.82,9.99,1.59,5.91,2.34,2.78,0,-6.82,0,-3.73,0.43,5.04,0.2,1.95,47.87,-4087.1,3.34999999999999,-53,Historical
Dec 1989,Pecos,Historical,Historical,Historical,450.41,5.34,0.15,4.15,10.12,1.53,5.51,2.37,2.59,0,-7.55,0,442.48,0.29,4.38,0,447.16,54.79,-4094.91,6.92,-7.80999999999995,Historical
Jan 1990,Pecos,Historical,Historical,Historical,941.42,2.86,0.15,3.48,7.83,1.57,5.63,2.5,2.28,0,-7.1,0,936.29,0.36,4.72,0,941.37,62.16,-4103.02,7.37,-8.11000000000058,Historical
Feb 1990,Pecos,Historical,Historical,Historical,1017.87,3.37,0.14,3.22,8.07,1.57,5.64,2.6,2.71,0,-6.71,0,1011.78,0.5,5.18,0,1017.46,66.83,-4110.97,4.67,-7.94999999999982,Historical
Mar 1990,Pecos,Historical,Historical,Historical,1019.78,1.77,0.15,2.49,6.75,6.46,11.34,4.85,4.67,0,-5.2,0,1013.34,4.36,11.32,2.85,1031.85,71.19,-4118,4.36,-7.02999999999975,Historical
Apr 1990,Pecos,Historical,Historical,Historical,1602.01,4.71,0.17,1.77,27.14,13.67,71.26,25.24,19.87,0,-11.27,0,1577.44,0.91,62.88,18.22,1659.44,66.65,-4127.88,-4.53999999999999,-9.88000000000011,Historical
May 1990,Pecos,Historical,Historical,Historical,642.04,3.57,0.06,0.93,45.64,52.31,105,36.96,27.9,0,0.4,0,610.57,8.97,93.8,25.14,738.48,63.27,-4183.53,-3.38,-55.6499999999996,Historical
Jun 1990,Pecos,Historical,Historical,Historical,209.26,15.9,0,0.26,62.1,33.6,139.65,48.66,43.22,0,-15.63,0,150.14,2.78,124.02,34.67,311.6,30.84,-4248.42,-32.43,-64.8900000000003,Historical
Jul 1990,Pecos,Historical,Historical,Historical,4134.43,33.3,0.36,1.46,40.05,15.38,83.48,29.48,41.75,0,6.32,0,4059.38,1.21,72.99,27.68,4161.27,26.31,-4346.48,-4.53,-98.0599999999995,Historical
Aug 1990,Pecos,Historical,Historical,Historical,4404.86,20.96,0.66,2.95,32.98,15.12,68.68,24.09,36.38,0,-9.15,0,4347.52,9.96,60.54,25.43,4443.45,31.99,-4380.09,5.68,-33.6100000000006,Historical
Sep 1990,Pecos,Historical,Historical,Historical,3664.27,15.75,1.18,4.88,28.95,11.31,57.72,20.51,26.9,0,-6.79,0,3621.61,1.2,50.83,19.78,3693.42,33.9,-4422.87,1.91,-42.7799999999997,Historical
Oct 1990,Pecos,Historical,Historical,Historical,1164.11,12.29,1.09,5.36,25.56,8.78,54.67,19.34,17.66,0,-9.62,0,1134.16,0.86,46.89,12.68,1194.6,37.92,-4459.75,4.02,-36.8800000000001,Historical
Nov 1990,Pecos,Historical,Historical,Historical,1343.76,7.34,0.17,6.01,9.82,1.56,5.68,2.17,4.01,0,-7.31,0,1332.41,0.56,4.69,0,1337.66,43.14,-4499.72,5.22,-39.9700000000003,Historical
Dec 1990,Pecos,Historical,Historical,Historical,850.26,6.14,0.16,3.88,10.5,1.56,5.68,2.35,3.37,0,-6.85,0,840.75,0.33,4.6,0,845.69,50.22,-4506.53,7.08,-6.80999999999949,Historical
Jan 1991,Pecos,Historical,Historical,Historical,981.34,3.62,0.17,4.5,7.38,1.54,5.68,2.34,2.78,0,-6.89,0,974.94,0.33,4.81,0,980.08,57.88,-4513.35,7.66,-6.82000000000062,Historical
Feb 1991,Pecos,Historical,Historical,Historical,416.62,1.98,0.16,4.01,4.93,1.55,5.76,2.52,2.08,0,-6.22,0,412.57,0.97,5.64,0.05,419.24,62.26,-4520.8,4.38,-7.44999999999982,Historical
Mar 1991,Pecos,Historical,Historical,Historical,527.67,3.24,0.13,2.36,17.5,13.02,21.49,10.65,10.39,0,-5.77,0,514.04,2.3,24.32,8.72,549.39,63.23,-4528.24,0.969999999999999,-7.4399999999996,Historical
Apr 1991,Pecos,Historical,Historical,Historical,6.98,24.26,0.13,1.22,50.77,35.66,93.86,34.57,24.62,0,6.83,0,-41.9,1.23,83.25,18.01,60.6,54.24,-4543.19,-8.98999999999999,-14.9499999999998,Historical
May 1991,Pecos,Historical,Historical,Historical,1671.01,28.3,0.15,0.73,54.74,29.36,94.43,35.39,37.39,0,-16.15,0,1605.32,18.48,85.89,25.9,1735.59,45.38,-4589.04,-8.86,-45.8500000000004,Historical
Jun 1991,Pecos,Historical,Historical,Historical,1763.66,48.54,0.09,1.38,76.85,20.18,102.63,38.19,46.72,0,-10.86,0,1668.39,1.43,94.74,31.21,1795.77,43.92,-4652.74,-1.46,-63.6999999999998,Historical
Jul 1991,Pecos,Historical,Historical,Historical,7518.39,69.08,1.23,3.94,88.48,9.81,43.24,16.2,51.61,0,-15.17,0,7397.7,2.86,42.95,26.93,7470.44,70.3,-4712.52,26.38,-59.7800000000007,Historical
Aug 1991,Pecos,Historical,Historical,Historical,4837.07,75.99,0.38,2.49,81.51,11.33,63.95,24.08,56.28,0,0.98,0,4704.8,2.73,61.7,25.49,4794.72,133.06,-4730.04,62.76,-17.5199999999995,Historical
Sep 1991,Pecos,Historical,Historical,Historical,5797.18,25.19,0.47,25.74,17.01,10.69,27.64,10.13,33.24,0,-15.35,0,5738.75,8.96,28.95,18.51,5795.17,181.4,-4738.15,48.34,-8.10999999999967,Historical
Oct 1991,Pecos,Historical,Historical,Historical,267.46,23.58,0.14,11.39,33.31,14.61,67.71,25.93,20.9,0,-7.54,0,222.99,1.17,63.55,13.06,300.76,176.27,-4756.27,-5.13,-18.1200000000008,Historical
Nov 1991,Pecos,Historical,Historical,Historical,1969.35,2.88,0.16,14.09,10.29,14.65,5.74,2.26,3.65,0,-7.77,0,1962.82,1.09,6.41,0.01,1970.33,173.19,-4797.75,-3.08000000000001,-41.4799999999996,Historical
Dec 1991,Pecos,Historical,Historical,Historical,3960.64,46.08,0.22,37.06,19.98,1.53,5.73,2.05,12.25,0,-9.91,0,3902.3,0.71,5.82,0,3908.83,165.9,-4805.36,-7.28999999999999,-7.60999999999967,Historical
Jan 1992,Pecos,Historical,Historical,Historical,1397.91,7.34,0.23,5.33,12.71,1.52,5.79,2.27,4.28,0,-9.41,0,1386.29,0.46,5.94,0,1392.7,182.2,-4806.7,16.3,-1.34000000000015,Historical
Feb 1992,Pecos,Historical,Historical,Historical,756.16,1.98,0.22,8.17,18.89,17.26,5.82,2.45,2.94,0,-8.34,0,751.24,0.73,7.21,0.03,759.21,190.96,-4815.35,8.76000000000002,-8.65000000000055,Historical
Mar 1992,Pecos,Historical,Historical,Historical,448.67,8.02,0.26,5.77,17.19,5.88,19.46,9.81,12.95,0,-10.44,0,427.71,1.64,26.07,8.72,464.13,188.76,-4824.16,-2.20000000000002,-8.80999999999949,Historical
Apr 1992,Pecos,Historical,Historical,Historical,1098.07,19.49,0.2,4.94,41.81,11.58,71.73,26.87,26.8,0,-17.42,0,1051.78,1.94,69.6,18.5,1141.81,183.65,-4840.02,-5.10999999999999,-15.8600000000006,Historical
May 1992,Pecos,Historical,Historical,Historical,6025.55,22.06,0.68,15.2,26.77,8.95,30.65,11.44,34.47,0,-15.07,0,5969.02,4.78,35.77,23.37,6032.95,189.13,-4893.99,5.47999999999999,-53.9699999999993,Historical
Jun 1992,Pecos,Historical,Historical,Historical,2818.82,29.31,0.82,37.96,40.3,31.92,71.9,28.35,42.26,0,-20.03,0,2747.24,3.81,74.67,29.56,2855.29,190.39,-4917.17,1.25999999999999,-23.1800000000003,Historical
Jul 1992,Pecos,Historical,Historical,Historical,2197.7,26.77,0.12,10.89,48.43,26.58,96.64,36.29,41.42,0,-7.82,0,2129.52,1.97,94.57,30.75,2256.81,167.66,-4968.05,-22.73,-50.8800000000001,Historical
Aug 1992,Pecos,Historical,Historical,Historical,3167.15,10.07,0.42,5.71,36.83,20,76.85,29.42,33.39,0,-13.76,0,3123.69,1.72,74.15,27.27,3226.83,155.29,-5025.56,-12.37,-57.5100000000002,Historical
Sep 1992,Pecos,Historical,Historical,Historical,1427.48,3.96,0.12,5.28,38.63,31.71,79.36,29.48,26.51,0,-9.67,0,1397,1.55,75.42,22.86,1496.83,145.4,-5080.62,-9.88999999999999,-55.0599999999995,Historical
Oct 1992,Pecos,Historical,Historical,Historical,551.73,23.88,0.12,12.68,32.76,14.64,69.63,25.95,20.51,0,-8.21,0,507.34,1.41,63.78,14.04,586.57,126.79,-5136.53,-18.61,-55.9099999999999,Historical
Nov 1992,Pecos,Historical,Historical,Historical,766.9,10.76,0.19,6.2,13.41,1.52,5.84,1.99,3.85,0,-7.66,0,752.29,0.51,5.84,0,758.64,124.82,-5181.95,-1.97000000000001,-45.4200000000001,Historical
Dec 1992,Pecos,Historical,Historical,Historical,1314.2,11.03,0.22,5.35,14.62,1.51,5.84,2.23,3.87,0,-7.6,0,1299.3,0.4,5.77,0,1305.48,134.72,-5189.61,9.90000000000001,-7.65999999999985,Historical
Jan 1993,Pecos,Historical,Historical,Historical,1512.85,9.91,0.21,6.59,12.47,1.51,5.95,2.39,4.12,0,-7.82,0,1498.82,0.39,6,0,1505.21,145.65,-5196.95,10.93,-7.34000000000015,Historical
Feb 1993,Pecos,Historical,Historical,Historical,803.84,2.47,0.11,5.66,7.89,4.16,5.95,2.37,2.4,0,-8.5,0,798.97,1.69,6.7,0,807.36,154.18,-5204.21,8.53,-7.26000000000022,Historical
Mar 1993,Pecos,Historical,Historical,Historical,783.32,12.18,0.03,3.21,14.3,8.55,9.6,3.94,7.22,0,2.43,0,763.92,0.81,12.57,1.94,779.24,154.78,-5213.89,0.599999999999994,-9.68000000000029,Historical
Apr 1993,Pecos,Historical,Historical,Historical,613.29,9.97,0.02,3.3,35.07,18.17,75.87,28.18,22.58,0,-19.65,0,580.75,9.43,72.46,19.3,681.93,153.61,-5211.83,-1.16999999999999,2.0600000000004,Historical
May 1993,Pecos,Historical,Historical,Historical,1342.1,19.32,0.01,2.91,65.28,24.21,89.16,33.33,36.43,0,-26.7,0,1286.35,2.05,86.81,26.15,1401.35,145.75,-5275.89,-7.86000000000001,-64.0600000000004,Historical
Jun 1993,Pecos,Historical,Historical,Historical,1622.71,34.58,0.02,2.7,61.88,25.7,100.68,37.96,46.4,0,-6.32,0,1541.73,2.03,98.2,31.47,1673.43,155.84,-5348.13,10.09,-72.2399999999998,Historical
Jul 1993,Pecos,Historical,Historical,Historical,4115.62,28.29,0.03,11.12,45.34,23.22,69.88,26.09,43.52,0,-13.86,0,4043.81,8.94,72.02,30.51,4155.29,156.54,-5402.24,0.699999999999989,-54.1099999999997,Historical
Aug 1993,Pecos,Historical,Historical,Historical,4685,16.81,0.22,3.35,41.19,17.18,69.89,26.52,35.85,0,-12.21,0,4632.34,1.88,68.19,27.3,4729.72,150.42,-5446.88,-6.12,-44.6400000000003,Historical
Sep 1993,Pecos,Historical,Historical,Historical,1254.95,4.93,0.09,3.83,41.45,30.34,79.37,29.69,25.9,0,-12.37,0,1224.12,2.45,76.35,21.61,1324.53,149.62,-5493.92,-0.799999999999983,-47.04,Historical
Oct 1993,Pecos,Historical,Historical,Historical,1269.07,20.32,0.03,13.59,24.56,11.47,41.78,16.44,17,0,-7.6,0,1231.75,1.27,40.15,11.04,1284.21,134.06,-5551.68,-15.56,-57.7600000000002,Historical
Nov 1993,Pecos,Historical,Historical,Historical,772.64,8.72,0.12,4.82,12.07,1.5,5.99,1.92,3.65,0,-7.07,0,760.27,0.53,6.2,0,766.99,132.35,-5578.66,-1.71000000000001,-26.9799999999996,Historical
Dec 1993,Pecos,Historical,Historical,Historical,272.49,8.8,0.14,5.18,12.13,1.5,6,2.01,3.46,0,-7.3,0,260.24,0.43,6.31,0,266.98,140.78,-5586.16,8.43000000000001,-7.5,Historical
Jan 1994,Pecos,Historical,Historical,Historical,250.23,5.16,0.13,4.16,9.23,3.08,6.12,2.22,2.46,0,-5.41,0,242.6,0.4,6.5,0,249.5,149.08,-5593.99,8.30000000000001,-7.82999999999993,Historical
Feb 1994,Pecos,Historical,Historical,Historical,237.12,0.68,0.12,5.71,9.18,18.2,6.13,2.25,1.25,0,-1.36,0,235.2,5.47,7.13,0,247.8,152.63,-5600.84,3.54999999999998,-6.85000000000036,Historical
Mar 1994,Pecos,Historical,Historical,Historical,1260.14,7.2,0.13,3.4,11.84,13.06,13.2,5.24,7.28,0,-5.28,0,1245.67,10.42,16.37,3.74,1276.2,140.37,-5604.84,-12.26,-4,Historical
Apr 1994,Pecos,Historical,Historical,Historical,788,42.61,0.12,2.88,56.56,12.17,77.1,28.87,32.57,0,-5.81,0,712.83,1.27,72.49,19.31,805.9,130.74,-5614.54,-9.63,-9.69999999999982,Historical
May 1994,Pecos,Historical,Historical,Historical,4668.91,32.64,0.39,5.37,54.33,10.17,47.35,17.9,42.06,0,-18.91,0,4594.22,2.41,48.9,24.85,4670.39,150.87,-5655.33,20.13,-40.79,Historical
Jun 1994,Pecos,Historical,Historical,Historical,847.26,22.1,0.11,3.07,60.69,41.08,119.51,44.08,47.31,0,-13.17,0,777.85,12.68,116.48,34.19,941.2,175.58,-5686.49,24.71,-31.1599999999999,Historical
Jul 1994,Pecos,Historical,Historical,Historical,2345.62,43.48,0,5.99,69.87,37.6,99.87,37.63,46.73,0,3.44,0,2255.41,1.78,97.81,32.38,2387.38,154.15,-5761.96,-21.43,-75.4700000000003,Historical
Aug 1994,Pecos,Historical,Historical,Historical,2558.05,21.38,0.06,3.14,42.59,30.73,93.81,34.85,38.95,0,-11.12,0,2497.72,17.56,89.9,28.57,2633.74,150.85,-5806.41,-3.30000000000001,-44.4499999999998,Historical
Sep 1994,Pecos,Historical,Historical,Historical,2133.83,4.11,0,3.56,41.55,36.92,79.44,29.09,27.13,0,-9.16,0,2102.6,5.08,75.32,22.31,2205.31,131.77,-5866.11,-19.08,-59.6999999999998,Historical
Oct 1994,Pecos,Historical,Historical,Historical,1848.95,34.12,0.01,18.32,34.42,9.46,56.27,21.23,22.45,0,-10.41,0,1792.38,1.26,51.39,12.56,1857.58,111.43,-5920.8,-20.34,-54.6900000000005,Historical
Nov 1994,Pecos,Historical,Historical,Historical,1452.89,12.45,0.06,6.09,19.89,2.06,8.55,3,7.32,0,-11.94,0,1433.12,0.53,9.1,1.76,1444.51,120.04,-5956.36,8.61,-35.5599999999995,Historical
Dec 1994,Pecos,Historical,Historical,Historical,777.94,6.88,0.11,4.7,12.65,1.49,6.17,1.66,4.05,0,-9.31,0,767.01,0.45,6.24,0,773.7,134.32,-5968.3,14.28,-11.9400000000005,Historical
Jan 1995,Pecos,Historical,Historical,Historical,895.4,4.55,0.12,5.92,6.88,2.03,6.32,1.66,3.1,0,-6.56,0,887.75,0.46,6.21,0,894.43,143.76,-5978.08,9.44,-9.77999999999975,Historical
Feb 1995,Pecos,Historical,Historical,Historical,484.15,3.1,0.12,5.28,17.88,23.81,7.49,2.44,3.56,0,2.9,0,477.49,0.97,8.94,0.76,488.16,147.04,-5986.19,3.28,-8.10999999999967,Historical
Mar 1995,Pecos,Historical,Historical,Historical,617.45,8.51,0.11,4.54,24.27,14.93,47.19,19.41,14.22,0,-14.64,0,594.72,9.38,45.21,10.35,659.65,137.22,-5985.54,-9.81999999999999,0.649999999999636,Historical
Apr 1995,Pecos,Historical,Historical,Historical,691.93,11.93,0.11,2.34,47.25,24.17,77.87,28.97,22.69,0,-14.38,0,657.31,0.99,73.08,16.57,747.96,129.13,-6024.09,-8.09,-38.5500000000002,Historical
May 1995,Pecos,Historical,Historical,Historical,1900.57,55.33,0.06,2.88,65,14.83,74.11,28.47,40.24,0,0.63,0,1805,1.71,72.12,23.61,1902.44,128.03,-6081.25,-1.09999999999999,-57.1599999999999,Historical
Jun 1995,Pecos,Historical,Historical,Historical,2657.88,45.77,0.19,3.23,58.95,30.01,84.65,31.09,52.91,0,-16.58,0,2559.21,30.36,84.76,30.5,2704.83,151.72,-6109.64,23.69,-28.3900000000003,Historical
Jul 1995,Pecos,Historical,Historical,Historical,1617.38,36.91,0.07,12.53,58.12,28.78,110.98,41.41,46.76,0,-7.64,0,1533.71,2.76,107.89,31.6,1675.95,149.46,-6157.37,-2.25999999999999,-47.7299999999996,Historical
Aug 1995,Pecos,Historical,Historical,Historical,2514.76,19.95,0.24,3.47,65.33,44.08,91.82,34.2,37.76,0,-6.89,0,2457.05,2.36,88.61,27.83,2575.85,140.48,-6219.42,-8.98000000000002,-62.0500000000002,Historical
Sep 1995,Pecos,Historical,Historical,Historical,4302.68,17.72,0.48,5.62,27.89,24.98,44.32,15.96,29.23,0,-6.12,0,4255.72,15.8,44.88,20.61,4337.01,130.74,-6274.01,-9.73999999999998,-54.5900000000001,Historical
Oct 1995,Pecos,Historical,Historical,Historical,199,26.5,0.15,12.72,31.81,10.43,62.74,24.03,20.05,0,-8.46,0,152.46,1.01,58.58,12.72,224.77,117.14,-6299.87,-13.6,-25.8599999999997,Historical
Nov 1995,Pecos,Historical,Historical,Historical,153.8,7.4,0.08,5.8,9.73,1.48,6.36,1.66,3.18,0,-7.05,0,143.22,0.48,6.88,0,150.58,118.64,-6339.71,1.5,-39.8400000000001,Historical
Dec 1995,Pecos,Historical,Historical,Historical,436.41,12.95,0.23,5.64,16.38,8.03,6.37,1.65,3.72,0,-1.27,0,419.74,0.47,6.47,0,426.68,124.72,-6348.28,6.08,-8.56999999999971,Historical
Jan 1996,Pecos,Historical,Historical,Historical,532.65,5.13,0.12,4.86,7.09,1.85,6.41,1.35,2.4,0,-8.82,0,525.13,3.97,7.15,0,536.24,131.31,-6350.56,6.59,-2.28000000000065,Historical
Feb 1996,Pecos,Historical,Historical,Historical,350.49,1.61,0.11,3.79,4.26,5.19,6.77,1.81,1.57,0,-4.82,0,347.32,3.68,8.47,0.19,359.65,134.46,-6362.04,3.15000000000001,-11.4799999999996,Historical
Mar 1996,Pecos,Historical,Historical,Historical,69.22,1.37,0.14,3.32,13.52,17.1,20.09,8.33,8.95,0,-3.52,0,58.89,5.3,24.3,8.06,96.56,130.02,-6370.44,-4.44,-8.39999999999964,Historical
Apr 1996,Pecos,Historical,Historical,Historical,343.64,1.59,0.13,3.31,29.8,38.65,71.02,25.31,16.36,0,6.33,0,325.69,0.93,64.7,15.7,407.02,113.89,-6384.84,-16.13,-14.4000000000005,Historical
May 1996,Pecos,Historical,Historical,Historical,56.86,17.31,0.01,6.47,62.94,46.82,132.32,46.24,38.78,0,-8.41,0,0.77,3.14,120.26,31.12,155.29,86.05,-6423.56,-27.84,-38.7200000000003,Historical
Jun 1996,Pecos,Historical,Historical,Historical,4597.12,34.07,1.01,7.59,32.15,23.04,80.43,28.09,46.06,0,2.19,0,4516.98,16.18,75.02,31.74,4639.91,68,-6510.39,-18.05,-86.8299999999999,Historical
Jul 1996,Pecos,Historical,Historical,Historical,3902.12,39.97,0.35,10.32,51.58,14.79,90.55,32.06,44.87,0,-9.57,0,3817.28,2.78,82.38,29.46,3931.9,54.44,-6546.21,-13.56,-35.8199999999997,Historical
Aug 1996,Pecos,Historical,Historical,Historical,4966.16,40.62,2.37,6.54,50.49,11.38,59.08,20.3,41.3,0,-4.55,0,4884.24,1.88,54.73,25.7,4966.55,67.34,-6598.87,12.9,-52.6599999999999,Historical
Sep 1996,Pecos,Historical,Historical,Historical,3435.33,5.87,0.98,8.48,33.81,25.94,61.62,22.06,24.56,0,-10.87,0,3404.9,1.36,57.03,19.94,3483.23,90.5,-6626.59,23.16,-27.7200000000003,Historical
Oct 1996,Pecos,Historical,Historical,Historical,1526.16,10.22,0.1,4.35,24.34,11.43,65.56,23.26,16.06,0,-7.76,0,1499.88,0.81,57.63,12.12,1570.44,80.9,-6672.4,-9.59999999999999,-45.8099999999995,Historical
Nov 1996,Pecos,Historical,Historical,Historical,525.81,14.7,0.1,12.56,10.84,1.4,6.46,1.61,4.94,0,-7.78,0,506.17,0.57,6.96,0,513.7,78.49,-6718.51,-2.41000000000001,-46.1100000000006,Historical
Dec 1996,Pecos,Historical,Historical,Historical,107.79,7.78,0.13,4.96,11.46,1.4,6.46,1.87,3.47,0,-7.52,0,96.54,0.4,6.93,0,103.87,85.81,-6726.19,7.32000000000001,-7.67999999999938,Historical
Jan 1997,Pecos,Historical,Historical,Historical,1146.41,6.97,0.14,4.57,11.43,1.4,6.46,2.1,3.37,0,-7.81,0,1136.07,0.32,6.58,0,1142.98,93.55,-6734.83,7.73999999999999,-8.64000000000033,Historical
Feb 1997,Pecos,Historical,Historical,Historical,1361.5,10.57,0.11,4.39,15.81,3.19,6.46,2.25,4.22,0,-6.75,0,1346.71,0.42,7.08,0,1354.21,101.35,-6743.64,7.8,-8.8100000000004,Historical
Mar 1997,Pecos,Historical,Historical,Historical,312,4.2,0.1,3.49,5.47,13.28,13.83,5.45,6.88,0,-3.39,0,300.91,12.01,17.14,3.56,333.63,111.11,-6750.38,9.76000000000001,-6.73999999999978,Historical
Apr 1997,Pecos,Historical,Historical,Historical,3738.67,27.48,0.12,3.41,41.82,8.33,31.33,11.52,25.94,0,-10.63,0,3685.25,1.34,30.83,14.46,3731.87,94.54,-6758.82,-16.57,-8.4399999999996,Historical
May 1997,Pecos,Historical,Historical,Historical,2080.45,63.96,0.13,3.57,88.64,15.26,88.28,30.65,45.06,0,-14.57,0,1971.44,1.71,81.73,24.08,2078.95,117.01,-6777.79,22.47,-18.9700000000003,Historical
Jun 1997,Pecos,Historical,Historical,Historical,3377.74,35.53,0.71,4.71,36.33,32.29,91.62,32.19,48.76,0,0.03,0,3293.45,27.46,87.17,30.24,3438.32,166.29,-6829,49.28,-51.21,Historical
Jul 1997,Pecos,Historical,Historical,Historical,2944.83,58.54,0.68,9.89,64.08,17.41,106.43,37.44,49.85,0,0.42,0,2836.44,2.23,99.03,31.2,2968.9,142.6,-6869.89,-23.69,-40.8900000000003,Historical
Aug 1997,Pecos,Historical,Historical,Historical,3904.97,23.42,0.06,4.16,36.78,15.54,77.32,27.37,39.23,0,-16.98,0,3842.32,15.06,73.25,27.43,3958.06,159.24,-6919.81,16.64,-49.9200000000001,Historical
Sep 1997,Pecos,Historical,Historical,Historical,4171.62,11.18,0,3.91,35.15,23.41,67.03,23.05,29.59,0,-8.76,0,4130.84,4.29,62.83,22.29,4220.26,157.17,-6974.93,-2.07000000000002,-55.1199999999999,Historical
Oct 1997,Pecos,Historical,Historical,Historical,1277.01,5.62,0.3,15.3,22.38,25.04,60.59,20.98,15.91,0,-7.77,0,1255.48,1.05,54.37,12.2,1323.1,150.07,-7020.37,-7.09999999999999,-45.4399999999996,Historical
Nov 1997,Pecos,Historical,Historical,Historical,913.32,33.98,0.06,34,8.78,1.44,6.71,1.81,9.07,0,-8.37,0,870.26,1.07,7.53,0.13,879,132.64,-7064.03,-17.43,-43.6599999999999,Historical
Dec 1997,Pecos,Historical,Historical,Historical,3244.19,15.39,0.09,7.96,16.77,1.4,6.51,1.93,5.39,0,-8.27,0,3223.42,0.42,6.82,0,3230.65,137.35,-7068.36,4.71000000000001,-4.32999999999993,Historical
Jan 1998,Pecos,Historical,Historical,Historical,109.98,15.96,0.09,6.68,19.39,8.62,6.61,2.24,5.04,0,-1.89,0,88.97,0.49,7.52,0,96.99,150.5,-7075.84,13.15,-7.48000000000047,Historical
Feb 1998,Pecos,Historical,Historical,Historical,766.48,10.58,0.09,5.57,21.85,8.73,6.61,2.41,4.72,0,-8.55,0,751.18,0.54,8.12,0,759.83,158.11,-7077.05,7.61000000000001,-1.21000000000004,Historical
Mar 1998,Pecos,Historical,Historical,Historical,1851.33,10.84,0.09,4.42,6.52,19.77,8.33,3.17,7.21,0,-0.72,0,1833.27,20.48,12.46,1.3,1867.51,167.32,-7085.1,9.20999999999998,-8.05000000000018,Historical
Apr 1998,Pecos,Historical,Historical,Historical,644.38,6.98,0.07,3.74,31.71,15.75,68.98,25.37,17.94,0,-14,0,619.46,1.35,62.39,14.79,697.99,146.76,-7085.05,-20.56,0.0500000000001819,Historical
May 1998,Pecos,Historical,Historical,Historical,54.75,26.46,0.01,2.64,59.64,35,125.98,44.06,36.51,0,-2.35,0,-8.23,1.55,114.86,27.52,135.7,143.95,-7139.52,-2.81,-54.4700000000003,Historical
Jun 1998,Pecos,Historical,Historical,Historical,297.67,14.25,0,2.05,58.96,50.91,142.01,49.4,42.53,0,-9.3,0,240.89,13.44,130.79,34.14,419.27,135.64,-7214.81,-8.31,-75.29,Historical
Jul 1998,Pecos,Historical,Historical,Historical,3320.36,22.85,0,7.16,47.64,33.56,117.28,41.21,42.75,0,-7.55,0,3254.76,9.17,106.75,31.47,3402.14,105.51,-7308.33,-30.13,-93.5199999999995,Historical
Aug 1998,Pecos,Historical,Historical,Historical,2988.51,26.59,0.31,3.45,40.97,15.49,93.81,32.86,37.86,0,-3.69,0,2924.06,1.65,84.95,26.75,3037.41,88.92,-7380.67,-16.59,-72.3400000000001,Historical
Sep 1998,Pecos,Historical,Historical,Historical,1113.19,11.94,0.01,2.95,45.61,37.21,110.93,38.62,30.44,0,-9.32,0,1070.81,9.91,99.87,23.66,1204.25,90.41,-7434.2,1.48999999999999,-53.5299999999997,Historical
Oct 1998,Pecos,Historical,Historical,Historical,4790.79,23.7,0.07,8.02,28.27,3.22,21.69,7.95,21.92,0,-10.39,0,4745.17,1.08,21.44,13.14,4780.83,71.25,-7509.05,-19.16,-74.8500000000004,Historical
Nov 1998,Pecos,Historical,Historical,Historical,1197.47,26.91,0.07,16.01,21.78,2.66,16.55,5.75,11.88,0,-9.04,0,1158.68,0.88,16.47,2.95,1178.99,88.6,-7524.39,17.35,-15.3400000000001,Historical
Dec 1998,Pecos,Historical,Historical,Historical,736.99,6.87,0.06,4.01,13.06,1.39,6.67,2.05,3.79,0,-9.25,0,726.33,0.5,7.32,0,734.15,102.05,-7535.29,13.45,-10.8999999999996,Historical
Jan 1999,Pecos,Historical,Historical,Historical,989.33,7.19,0.08,3.34,12.9,1.4,6.7,2.28,3.38,0,-8.09,0,978.76,0.53,7.72,0,987,111.01,-7545.36,8.96000000000001,-10.0699999999997,Historical
Feb 1999,Pecos,Historical,Historical,Historical,10.68,3.38,0.07,3.36,8.74,1.49,7.15,2.81,2.37,0,-7.82,0,4.93,0.67,9.18,0.26,15.02,119.2,-7554.49,8.19,-9.13000000000011,Historical
Mar 1999,Pecos,Historical,Historical,Historical,1652.67,2.17,0.07,3.26,12.55,14.89,21.08,8.72,9.59,0,-3.76,0,1640.91,5.07,24.53,8.72,1679.23,121.62,-7564.53,2.42,-10.04,Historical
Apr 1999,Pecos,Historical,Historical,Historical,1192.51,88.26,0.04,3.37,76.3,9.89,77.98,27.63,44.98,0,17.13,0,1059.26,1.39,70.42,16.83,1147.9,107.11,-7579.78,-14.51,-15.25,Historical
May 1999,Pecos,Historical,Historical,Historical,3861.99,59.97,0.04,3.26,51.68,9.13,59.22,20.92,52.8,0,11.75,0,3749.22,2.44,58.12,23.87,3833.66,153.45,-7584.85,46.34,-5.07000000000062,Historical
Jun 1999,Pecos,Historical,Historical,Historical,3506.74,32.51,5.61,22.21,46.5,26.65,82.17,28.52,42.78,0,-6.11,0,3431.45,2.18,81,29.35,3543.97,176.18,-7582.47,22.73,2.38000000000011,Historical
Jul 1999,Pecos,Historical,Historical,Historical,3317.45,43.24,0.14,13.44,51.56,16.49,101.49,35.51,43.85,0,-7.48,0,3230.37,2.36,95.2,29.08,3357,168.69,-7628.81,-7.49000000000001,-46.3400000000001,Historical
Aug 1999,Pecos,Historical,Historical,Historical,3436.55,20.1,0.05,3.62,37.12,21.02,97.54,34.76,39.08,0,-13.05,0,3377.37,13.47,90.1,27.86,3508.8,174.53,-7687.5,5.84,-58.6899999999996,Historical
Sep 1999,Pecos,Historical,Historical,Historical,1899.56,4.98,0.32,3.88,35.39,27.72,85.94,30.15,25.69,0,-8.61,0,1868.9,2.36,79.27,21.18,1971.71,163.31,-7752.1,-11.22,-64.6000000000004,Historical
Oct 1999,Pecos,Historical,Historical,Historical,551.09,18.66,0.04,12.24,27.77,14.41,64.31,22.71,17.43,0,-8.21,0,514.99,1.32,58,11.52,585.83,147.49,-7811.99,-15.82,-59.8899999999994,Historical
Nov 1999,Pecos,Historical,Historical,Historical,3.06,10.37,0.06,4.96,12.62,1.39,6.75,1.36,3.55,0,-6.41,0,-10.86,0.65,8.23,0,-1.99,144.45,-7855.9,-3.04000000000002,-43.9099999999999,Historical
Dec 1999,Pecos,Historical,Historical,Historical,643.02,5.12,0.06,3.6,11.63,1.39,6.75,1.32,2.78,0,-9.08,0,635.12,0.44,7.5,0,643.05,152.85,-7864.15,8.40000000000001,-8.25,Historical
Jan 2000,Pecos,Historical,Historical,Historical,95.95,7.43,0.11,3.49,17.23,5.6,6.84,1.34,2.99,0,-8.08,0,85.53,0.49,8,0,94.02,161.02,-7875.89,8.17000000000002,-11.7400000000007,Historical
Feb 2000,Pecos,Historical,Historical,Historical,89.99,1.63,0.11,3.49,4.91,16,7.82,2.05,1.86,0,-6.71,0,86.51,16.05,10.45,0.56,113.57,170.15,-7886.47,9.13,-10.5799999999999,Historical
Mar 2000,Pecos,Historical,Historical,Historical,1405.44,2.66,0.09,3.34,18.74,18.89,21.88,8.59,10.46,0,-1.48,0,1392.33,1.04,26.39,9,1428.75,154.38,-7897.65,-15.77,-11.1799999999994,Historical
Apr 2000,Pecos,Historical,Historical,Historical,625,8.25,0.03,2.53,43.14,34.12,94.48,32.95,20.83,0,-4.49,0,595.91,1.21,85.52,18.78,701.42,141.13,-7910.96,-13.25,-13.3100000000004,Historical
May 2000,Pecos,Historical,Historical,Historical,185.56,12.02,0,2.32,54.97,42.17,130.23,45.36,35.9,0,-17.58,0,137.64,14.49,119.79,29.71,301.62,126.16,-7974.92,-14.97,-63.96,Historical
Jun 2000,Pecos,Historical,Historical,Historical,4711.89,9.11,0.01,3.71,31.88,21.79,75.7,25.97,36.33,0,-6.09,0,4666.44,1.41,72.2,29.46,4769.51,104.05,-8071.19,-22.11,-96.2699999999995,Historical
Jul 2000,Pecos,Historical,Historical,Historical,2405.02,12.53,0.02,9.63,60.24,53.78,114.41,40.45,38.2,0,-6.76,0,2354.29,3.21,105.65,31.39,2494.54,91.67,-8120.13,-12.38,-48.9400000000005,Historical
Aug 2000,Pecos,Historical,Historical,Historical,1416.81,8.41,0.29,3.05,48.23,44.84,129.24,44.8,34.26,0,-17.09,0,1374.15,19.34,115.4,28.61,1537.49,66.44,-8194.05,-25.23,-73.9199999999992,Historical
Sep 2000,Pecos,Historical,Historical,Historical,220.69,21.67,0.13,2.61,49.46,22.7,117.78,40.81,32.89,0,-8.43,0,166.13,0.86,104.7,24.38,296.07,38.87,-8289.93,-27.57,-95.880000000001,Historical
Oct 2000,Pecos,Historical,Historical,Historical,4620.31,29.68,0.09,9.96,31.11,2.91,25.87,9.22,21.19,0,-9.36,0,4569.44,0.98,23.35,12.11,4605.88,37.91,-8366.83,-0.960000000000001,-76.8999999999996,Historical
Nov 2000,Pecos,Historical,Historical,Historical,2014.13,11.83,0.04,9.33,12.08,1.39,6.82,1.88,4,0,-8.65,0,1998.29,0.49,6.8,0,2005.59,59.41,-8383.77,21.5,-16.9400000000005,Historical
Dec 2000,Pecos,Historical,Historical,Historical,878.86,8.97,0.05,4.63,13.18,1.39,6.82,2.07,3.53,0,-7.77,0,866.37,0.37,6.93,0,873.67,68.24,-8393.35,8.83,-9.57999999999993,Historical
Jan 2001,Pecos,Historical,Historical,Historical,1400.67,8.08,0.07,4.82,12.27,1.43,6.52,2.02,3.83,0,-7.86,0,1388.77,0.36,6.67,0,1395.8,77.85,-8402.34,9.61,-8.98999999999978,Historical
Feb 2001,Pecos,Historical,Historical,Historical,723.01,12.02,0.07,5.12,16.07,1.45,6.6,2.18,5.93,0,-8.22,0,705.06,0.57,7.7,0.07,713.4,86.5,-8410.87,8.65000000000001,-8.53000000000065,Historical
Mar 2001,Pecos,Historical,Historical,Historical,2015.84,4.23,0.08,4.46,15.41,12,15.59,5.86,10.92,0,-12.58,0,2000.69,9.02,17.74,7.19,2034.64,97.84,-8417.65,11.34,-6.77999999999884,Historical
Apr 2001,Pecos,Historical,Historical,Historical,306.85,17.3,0.03,3.37,45.1,18.46,80.03,26.6,23.93,0,-13.86,0,265.61,1.18,71.87,18.41,357.07,93.24,-8436.22,-4.60000000000001,-18.5699999999997,Historical
May 2001,Pecos,Historical,Historical,Historical,1313.08,11.86,0,2.05,35.27,42.65,79.85,26.98,34.35,0,-15.21,0,1266.87,32.4,76.27,27.19,1402.74,101.45,-8497.99,8.21000000000001,-61.7700000000004,Historical
Jun 2001,Pecos,Historical,Historical,Historical,1461.93,19.31,0,2.03,44.82,34.99,99.09,33.13,40.79,0,5.88,0,1401.83,1.57,90.99,32.42,1526.81,70.66,-8558.9,-30.79,-60.9099999999999,Historical
Jul 2001,Pecos,Historical,Historical,Historical,1711.48,15.68,0,1.85,41.61,32.41,106.11,35.68,40.05,0,-21.57,0,1655.76,26.2,96.37,31.98,1810.31,55.45,-8610.61,-15.21,-51.7100000000009,Historical
Aug 2001,Pecos,Historical,Historical,Historical,2698.49,4.41,0.06,1.87,36.93,23.44,83.13,28.1,32.76,0,-11.75,0,2661.32,0.87,74.31,27.59,2764.09,38.72,-8694.55,-16.73,-83.9399999999987,Historical
Sep 2001,Pecos,Historical,Historical,Historical,1535.36,5.77,0,2,33.13,20.7,75.49,24.92,27.74,0,-9.43,0,1501.84,0.76,67.96,22.74,1593.31,32.93,-8756.16,-5.79,-61.6100000000006,Historical
Oct 2001,Pecos,Historical,Historical,Historical,366.79,9.08,0,2.14,24.92,11.14,65.64,22.07,16.61,0,-7.34,0,341.1,0.51,56.43,13.19,411.23,27.97,-8811.15,-4.96,-54.9899999999998,Historical
Nov 2001,Pecos,Historical,Historical,Historical,1692.17,9.49,0,8.4,9.49,2.1,10.35,3.14,5.74,0,-6.76,0,1676.94,0.45,9.97,2.87,1690.24,28.89,-8858.65,0.920000000000002,-47.5,Historical
Dec 2001,Pecos,Historical,Historical,Historical,364.53,7.79,0,5.5,9.8,1.42,6.5,1.5,2.6,0,-6.49,0,354.15,0.4,6.11,0,360.66,33.52,-8869.75,4.63,-11.1000000000004,Historical
Jan 2002,Pecos,Historical,Historical,Historical,703.46,3.56,0,2.83,8.52,1.42,6.6,1.73,1.88,0,-6.77,0,698.02,0.41,6.4,0,704.83,40.79,-8878.64,7.27,-8.88999999999942,Historical
Feb 2002,Pecos,Historical,Historical,Historical,507.63,5.65,0.02,2.55,18.22,18.55,6.6,1.94,1.85,0,2.98,0,500.13,0.47,6.68,0,507.28,46.35,-8888.39,5.56,-9.75,Historical
Mar 2002,Pecos,Historical,Historical,Historical,1176.81,6.68,0.04,2.39,1.44,10.7,6.78,2.14,2.53,0,-10.83,0,1167.6,24.44,7.83,0.35,1200.21,43.99,-8888.22,-2.36,0.170000000000073,Historical
Apr 2002,Pecos,Historical,Historical,Historical,452.48,4.23,0.02,2.35,27.25,19.25,78.83,26.67,20.45,0,-7.17,0,427.8,1.06,69.14,19.25,517.26,31.54,-8901.51,-12.45,-13.2900000000009,Historical
May 2002,Pecos,Historical,Historical,Historical,177.65,13.92,0,1.15,40.48,23.34,99.19,33.07,35.52,0,-5.08,0,128.21,0.71,88.41,28.48,245.81,22.56,-8959.64,-8.98,-58.1299999999992,Historical
Jun 2002,Pecos,Historical,Historical,Historical,1750.93,17.26,0.28,2.5,42.9,20.21,94.29,31.27,40.78,0,-9.49,0,1692.89,1.84,85.05,33.04,1812.82,17.41,-9023.8,-5.15,-64.1599999999999,Historical
Jul 2002,Pecos,Historical,Historical,Historical,3289.75,12.71,0.3,4.22,35.1,17.5,86.97,29.32,36.34,0,-10.37,0,3240.69,1.56,77,29.73,3348.99,18.08,-9088.58,0.669999999999998,-64.7800000000007,Historical
Aug 2002,Pecos,Historical,Historical,Historical,2492.84,23.62,0.07,2.23,43.21,16.08,73.84,24.63,38.09,0,-6.62,0,2431.13,0.94,66.88,28.63,2527.59,16.33,-9149.98,-1.75,-61.3999999999996,Historical
Sep 2002,Pecos,Historical,Historical,Historical,3438.08,9.61,1.03,2.74,25.08,9.33,56.5,19.12,26.53,0,-8.98,0,3401.94,1.13,50.16,21.49,3474.72,25.79,-9196.35,9.46,-46.3700000000008,Historical
Oct 2002,Pecos,Historical,Historical,Historical,2829.02,7.42,0.52,2.55,16.83,5.38,30.16,9.84,12.98,0,-6.63,0,2808.62,0.57,26.71,10.82,2846.72,28.76,-9237.66,2.97,-41.3099999999995,Historical
Nov 2002,Pecos,Historical,Historical,Historical,543.2,1.58,0.09,2.31,5.35,3.44,7.34,2.19,1.28,0,-5.96,0,540.34,3.4,7.03,0.45,551.22,33.82,-9262.46,5.06,-24.7999999999993,Historical
Dec 2002,Pecos,Historical,Historical,Historical,1605.38,15.27,0.1,13.57,9.52,2.04,6.58,1.48,3.93,0,-6.13,0,1586.17,0.45,6.14,0,1592.77,33.86,-9272.74,0.0399999999999991,-10.2800000000007,Historical
Jan 2003,Pecos,Historical,Historical,Historical,22.05,1.45,0.07,3.22,4.49,3.62,6.6,1.06,0.81,0,-5.71,0,19.79,3.14,6.35,0,29.28,40.3,-9280.05,6.44,-7.30999999999949,Historical
Feb 2003,Pecos,Historical,Historical,Historical,1004.38,5.51,0.1,3.15,9.39,1.42,6.62,1.11,1.99,0,-5.98,0,996.88,0.46,6.47,0.03,1003.83,40.37,-9290.49,0.0700000000000003,-10.4400000000005,Historical
Mar 2003,Pecos,Historical,Historical,Historical,653.92,1.47,0.08,2.54,10.1,12.96,20.74,6.96,9.19,0,-5.37,0,643.26,7.24,21.44,8.54,680.49,47.39,-9300.01,7.02,-9.52000000000044,Historical
Apr 2003,Pecos,Historical,Historical,Historical,125.34,5.61,0.03,1.07,29.94,16.22,81.3,27.16,20.46,0,-9.92,0,99.26,0.79,70.74,18.21,189,36.87,-9318.52,-10.52,-18.5100000000002,Historical
May 2003,Pecos,Historical,Historical,Historical,852.77,19.8,0.41,1.54,43.62,20.26,87.6,29.24,34.31,0,-5.59,0,798.66,0.9,79.21,27.55,906.31,33.99,-9380.34,-2.88,-61.8199999999997,Historical
Jun 2003,Pecos,Historical,Historical,Historical,1982.39,6.72,0.15,1.58,34.38,32.52,83.11,28.52,35.87,0,-10.76,0,1939.8,14.2,75.68,30.48,2060.15,36.49,-9437.52,2.5,-57.1800000000003,Historical
Jul 2003,Pecos,Historical,Historical,Historical,999.71,11.79,0.01,0.44,44.62,25.88,106.84,35.41,38.7,0,-8.85,0,949.22,1.47,95.3,32,1077.99,17.28,-9497.48,-19.21,-59.9599999999991,Historical
Aug 2003,Pecos,Historical,Historical,Historical,2071.06,9.22,0,0.41,37.12,19.67,90.95,30.67,33.3,0,-9.21,0,2028.54,0.57,80.15,28.13,2137.4,12.15,-9571.06,-5.13,-73.5799999999999,Historical
Sep 2003,Pecos,Historical,Historical,Historical,1064.6,18.67,0,0.72,39.66,15.22,81.43,27.28,28.6,0,-6.99,0,1017.34,0.49,71.18,21.68,1110.69,9.72,-9635.38,-2.43,-64.3199999999997,Historical
Oct 2003,Pecos,Historical,Historical,Historical,1945.72,3.14,0.36,1.22,21.02,11.39,53.5,17.54,15.41,0,-8.2,0,1927.17,0.84,45.85,13.84,1987.71,17.15,-9689.6,7.43,-54.2200000000012,Historical
Nov 2003,Pecos,Historical,Historical,Historical,756.62,9.32,0.02,5.87,11.39,2.52,17,5.55,5.96,0,-5.79,0,741.34,0.39,15.1,3.32,760.15,16.88,-9732.2,-0.27,-42.6000000000004,Historical
Dec 2003,Pecos,Historical,Historical,Historical,169.63,2.96,0.04,1.82,7.9,1.4,6.58,1.54,1.43,0,-5.68,0,165.24,0.36,6.07,0,171.66,22.11,-9746.8,5.23,-14.5999999999985,Historical
Jan 2004,Pecos,Historical,Historical,Historical,490.42,3.55,0.04,1.44,9.44,3.4,6.61,1.75,1.47,0,-4.24,0,485.4,0.36,6.15,0,491.91,27.58,-9756.08,5.47,-9.28000000000065,Historical
Feb 2004,Pecos,Historical,Historical,Historical,1889.34,2.55,0.05,1.49,15.46,12.24,6.6,1.92,1.21,0,-7.17,0,1885.59,5.05,6.34,0,1896.98,32.32,-9763.72,4.74,-7.63999999999942,Historical
Mar 2004,Pecos,Historical,Historical,Historical,1352.67,30.7,0.05,1.95,49.33,4.42,30.41,10.64,18.08,0,-17.46,0,1303.88,1.36,27.54,9.46,1342.24,33.89,-9774.36,1.57,-10.6400000000012,Historical
Apr 2004,Pecos,Historical,Historical,Historical,4883.13,51.62,2.75,51.7,25.35,15.17,23.64,8.14,31.39,0,-10.01,0,4800.11,2.49,23.41,16.76,4842.77,71.03,-9802.97,37.14,-28.6099999999988,Historical
May 2004,Pecos,Historical,Historical,Historical,429.95,9.42,0.05,2.2,44.08,28.53,93.52,31.06,33,0,-9.68,0,387.53,1.4,85.85,27.36,502.14,73.31,-9813.84,2.28,-10.8700000000008,Historical
Jun 2004,Pecos,Historical,Historical,Historical,1878.24,16.17,0.46,3.4,40.54,20.69,85.83,28.95,38.25,0,-7.94,0,1823.82,1.31,78.86,31.13,1935.12,65.47,-9880.35,-7.84,-66.5100000000002,Historical
Jul 2004,Pecos,Historical,Historical,Historical,3850.01,26.29,0.93,5.96,37.52,13.82,66.68,22.45,40.82,0,-3.98,0,3782.89,1.55,61.84,29.43,3875.72,63.35,-9938.04,-2.12,-57.6900000000005,Historical
Aug 2004,Pecos,Historical,Historical,Historical,3380.63,26.15,2.95,6.57,36.43,21.11,64.37,22.06,35.82,0,5.31,0,3318.67,1.89,59.28,26.07,3405.91,69.44,-9974.87,6.09,-36.8299999999999,Historical
Sep 2004,Pecos,Historical,Historical,Historical,4012.46,21.15,6.18,17.33,53.2,24.67,37.38,11.99,28.85,0,-20.35,0,3962.47,1.82,36.07,20.6,4020.96,67.79,-10002.12,-1.64999999999999,-27.25,Historical
Oct 2004,Pecos,Historical,Historical,Historical,3259.99,4.79,5.1,14.3,17.63,15.57,31.09,10.91,14.48,0,-13.62,0,3240.71,7.15,29.17,11.65,3288.68,85.64,-10039.61,17.85,-37.4899999999998,Historical
Nov 2004,Pecos,Historical,Historical,Historical,3562.57,37,0.45,31.91,13.27,1.4,6.59,1.7,9.8,0,-7.06,0,3515.77,0.73,6.89,0.84,3524.23,78.72,-10070.58,-6.92,-30.9699999999993,Historical
Dec 2004,Pecos,Historical,Historical,Historical,867.87,10.63,0.23,5.31,14.29,1.39,6.59,1.44,3.76,0,-7.78,0,853.47,0.43,7.09,0,861,88.59,-10073.57,9.87,-2.98999999999978,Historical
Jan 2005,Pecos,Historical,Historical,Historical,1650.45,7.42,0.19,4.49,13.23,1.4,6.61,1.68,3.63,0,-9.2,0,1639.4,0.49,7.49,0.03,1647.42,99.54,-10082.74,10.95,-9.17000000000007,Historical
Feb 2005,Pecos,Historical,Historical,Historical,2215.9,5.02,0.2,7.13,18.16,8.56,11.18,4.15,8.33,0,-12.07,0,2202.54,0.57,12.18,4.66,2219.95,108.8,-10093.27,9.25999999999999,-10.5300000000007,Historical
Mar 2005,Pecos,Historical,Historical,Historical,1460.68,22.39,0.19,12.79,32.91,10.92,41,14.96,20.24,0,-13.27,0,1418.05,1.08,37.97,11.15,1468.25,113.26,-10108.7,4.46000000000001,-15.4300000000003,Historical
Apr 2005,Pecos,Historical,Historical,Historical,876.84,34.85,0.17,5.11,52.8,8.11,61.29,21.07,29.06,0,-16.19,0,812.93,1.41,56.18,16.97,887.48,123.31,-10138.92,10.05,-30.2199999999993,Historical
May 2005,Pecos,Historical,Historical,Historical,2685.59,24.98,0.63,5.81,48.93,12.84,63.54,21.1,36.98,0,-21.87,0,2623.64,5.57,61.87,24.78,2715.85,152.05,-10183.24,28.74,-44.3199999999997,Historical
Jun 2005,Pecos,Historical,Historical,Historical,723.41,12.67,0.17,4.04,44.38,28.3,106.87,35.75,40.77,0,-16.16,0,669.97,8.88,100.82,32.37,812.04,168.71,-10235.34,16.66,-52.1000000000004,Historical
Jul 2005,Pecos,Historical,Historical,Historical,1386.48,26.03,0.09,3.79,48.18,19.81,100.54,33.7,42.04,0,-7.96,0,1318.42,1.92,95.18,31.91,1447.42,155.09,-10314.23,-13.62,-78.8899999999994,Historical
Aug 2005,Pecos,Historical,Historical,Historical,5049.44,13.11,0.43,6.71,26.5,15.81,44.91,14.75,33.79,0,-5.5,0,5002.54,1.63,45.58,25.96,5075.72,155.12,-10378.9,0.0300000000000011,-64.6700000000001,Historical
Sep 2005,Pecos,Historical,Historical,Historical,2712.86,13.1,0.33,4.3,29.72,12,73.89,24.81,29.27,0,-9.99,0,2670.49,1.4,67.74,23.07,2762.7,150.39,-10406.72,-4.73000000000002,-27.8199999999997,Historical
Oct 2005,Pecos,Historical,Historical,Historical,1953.99,3.13,0.12,5.05,18.19,16.59,48.57,15.88,15.2,0,-9.24,0,1935.66,5.83,44.46,12.66,1998.61,149.46,-10459.6,-0.929999999999978,-52.880000000001,Historical
Nov 2005,Pecos,Historical,Historical,Historical,19.22,0.22,0.09,18.28,2.09,23.73,7.06,1.84,1.31,0,1.39,0,17.69,2.28,8.42,0.28,28.67,139.3,-10499,-10.16,-39.3999999999996,Historical
Dec 2005,Pecos,Historical,Historical,Historical,19.84,31.78,0.11,29.97,13.56,1.38,6.55,1.65,8,0,-11.17,0,-19.94,0.92,7.1,0,-11.92,114.46,-10501.79,-24.84,-2.79000000000087,Historical
Jan 2006,Pecos,Historical,Historical,Historical,57.22,13.41,0.11,6.02,14.57,2.96,6.16,1.72,3.82,0,-4.63,0,40,0.52,7.03,0,47.55,124.44,-10509.87,9.98,-8.07999999999993,Historical
Feb 2006,Pecos,Historical,Historical,Historical,170.9,2.76,0.11,5.25,10.1,18.19,6.16,1.9,1.32,0,-6.48,0,166.83,12.19,7.73,0,186.75,133.46,-10515.13,9.02000000000001,-5.2599999999984,Historical
Mar 2006,Pecos,Historical,Historical,Historical,602.87,2.96,0.19,3.78,6.59,10.95,16.19,5.51,6.21,0,-6.7,0,593.7,10.43,18.23,5.08,627.44,121.9,-10524.56,-11.56,-9.43000000000029,Historical
Apr 2006,Pecos,Historical,Historical,Historical,566.87,1.74,0.18,2.88,26.85,22.42,82.36,27.88,20.76,0,-6.43,0,544.37,1.04,73.57,20.2,639.19,109.99,-10540.8,-11.91,-16.2399999999998,Historical
May 2006,Pecos,Historical,Historical,Historical,641.37,25.82,0.05,6.6,48.1,47.05,99.8,33.84,37.5,0,17.04,0,578.05,1.17,90.52,29.81,699.56,95.33,-10601.17,-14.66,-60.3700000000008,Historical
Jun 2006,Pecos,Historical,Historical,Historical,2260.85,18.38,0.06,3.47,38.23,44.77,93.67,31.5,40.12,0,-20.26,0,2202.35,41.77,85.08,32.21,2361.42,71.83,-10642.4,-23.5,-41.2299999999996,Historical
Jul 2006,Pecos,Historical,Historical,Historical,3187.79,57.08,0.08,2.78,75.08,14.53,92.42,31.37,46.99,0,-7.67,0,3083.72,1.5,81.15,30.22,3196.6,42.39,-10716.93,-29.44,-74.5300000000007,Historical
Aug 2006,Pecos,Historical,Historical,Historical,7019.57,32.96,0.83,5.88,57.01,26.92,46.34,15.65,41.37,0,-15.18,0,6945.24,13.01,43.21,24.5,7025.96,82.83,-10768.88,40.44,-51.9499999999989,Historical
Sep 2006,Pecos,Historical,Historical,Historical,4443.63,7.26,0.21,6.98,20.06,8.61,39.11,12.57,23.57,0,-12.73,0,4412.79,1.78,36.15,18.75,4469.47,100.4,-10797.89,17.57,-29.0100000000002,Historical
Oct 2006,Pecos,Historical,Historical,Historical,2477.98,24.62,0.11,5.05,32.07,6.28,40.77,13.71,18.45,0,-6.93,0,2434.92,0.83,36.61,12.04,2484.4,102.25,-10832.34,1.84999999999999,-34.4500000000007,Historical
Nov 2006,Pecos,Historical,Historical,Historical,200.92,18.76,0.12,15.23,11.11,1.63,7.54,2.13,5.65,0,-6.52,0,176.51,0.68,8.67,0.8,186.65,118.48,-10859.92,16.23,-27.5799999999999,Historical
Dec 2006,Pecos,Historical,Historical,Historical,1473.36,8.38,0.11,4.36,11.67,1.38,6.15,1.41,3.05,0,-6.55,0,1461.93,0.39,6.71,0,1469.03,124.7,-10866.99,6.22,-7.06999999999971,Historical
Jan 2007,Pecos,Historical,Historical,Historical,1399.81,5.68,0.13,3.95,9.71,2.24,6.17,1.8,2.75,0,-5.97,0,1391.38,0.36,6.39,0,1398.13,133.03,-10875.22,8.33,-8.22999999999956,Historical
Feb 2007,Pecos,Historical,Historical,Historical,639.84,0.93,0.1,3.81,19.2,16.37,6.16,1.93,1.58,0,-8.43,0,637.33,2.82,7.63,0,647.79,138.47,-10882.8,5.44,-7.57999999999993,Historical
Mar 2007,Pecos,Historical,Historical,Historical,2036.85,5.45,0.35,4.55,12.4,9.3,13.12,4.58,9.09,0,-11.05,0,2022.32,9.2,16.35,6.06,2053.92,137.9,-10893.88,-0.569999999999993,-11.0799999999999,Historical
Apr 2007,Pecos,Historical,Historical,Historical,1051.07,16.9,0.1,3.44,35.74,9.63,66.17,22.27,22.98,0,-13.75,0,1011.18,1.2,60.43,17.84,1090.66,133.19,-10910.45,-4.71000000000001,-16.5700000000015,Historical
May 2007,Pecos,Historical,Historical,Historical,4500.68,10.03,0.12,4.83,30.27,20.14,39.07,12.65,28.05,0,-11.38,0,4462.59,6.57,40.48,22.89,4532.52,142.77,-10962.96,9.58000000000001,-52.5099999999984,Historical
Jun 2007,Pecos,Historical,Historical,Historical,2272.09,26.53,0.22,3.94,44.54,34.29,80.97,27.66,39.83,0,11.03,0,2205.73,1.54,76.53,30.25,2314.05,138.85,-10995.59,-3.92000000000002,-32.630000000001,Historical
Jul 2007,Pecos,Historical,Historical,Historical,3114.82,13.2,1.17,5.91,33.36,22.25,84.82,28.62,35.44,0,-20.57,0,3066.18,17.91,78.96,28.89,3191.94,125.87,-11028.28,-12.98,-32.6900000000005,Historical
Aug 2007,Pecos,Historical,Historical,Historical,2335.1,15.64,0.14,4.04,40.44,33.75,85.27,28.83,34.93,0,3.81,0,2284.53,1.23,77.58,27.79,2391.14,114.22,-11098.51,-11.65,-70.2299999999996,Historical
Sep 2007,Pecos,Historical,Historical,Historical,3253.23,8.15,1.18,6.62,24.35,20.82,55.54,18.05,26.37,0,-15.44,0,3218.7,14.62,51.43,21.8,3306.56,99.78,-11144,-14.44,-45.4899999999998,Historical
Oct 2007,Pecos,Historical,Historical,Historical,218.74,4.54,0.14,4.51,25.07,18.95,73.98,25.76,16.09,0,-6.58,0,198.11,0.63,63.89,14.02,276.65,89.37,-11192.36,-10.41,-48.3600000000006,Historical
Nov 2007,Pecos,Historical,Historical,Historical,532.47,24.33,0.14,20.36,11.58,1.53,7.01,1.84,6.56,0,-6.6,0,501.58,0.66,7.55,0.61,510.39,79.83,-11245.1,-9.54000000000001,-52.7399999999998,Historical
Dec 2007,Pecos,Historical,Historical,Historical,1522.07,4.74,0.15,4.67,8.14,1.37,6.15,1.58,2.14,0,-6.96,0,1515.19,0.42,6.41,0,1522.02,87.5,-11250.91,7.67,-5.80999999999949,Historical
Jan 2008,Pecos,Historical,Historical,Historical,283.72,6.08,0.12,5.53,8.17,1.38,6.04,1.8,2.51,0,-6.54,0,275.13,0.41,6.28,0,281.81,92.43,-11260.29,4.93000000000001,-9.38000000000102,Historical
Feb 2008,Pecos,Historical,Historical,Historical,390.34,13.94,0.12,4.6,19.34,21.38,6.04,1.93,3.87,0,10.91,0,372.53,0.59,7.14,0,380.26,97.19,-11268.55,4.75999999999999,-8.2599999999984,Historical
Mar 2008,Pecos,Historical,Historical,Historical,387.47,12.69,0.11,3.02,3.36,12.4,8.39,2.88,6.09,0,-20.3,0,368.69,39.13,11,1.44,420.26,92.12,-11257.88,-5.06999999999999,10.6700000000001,Historical
Apr 2008,Pecos,Historical,Historical,Historical,158.51,5.13,0.09,2.45,29.21,13.3,63.51,22.34,19.52,0,-14.46,0,133.86,1.32,56,16.45,207.62,77.59,-11279.05,-14.53,-21.1700000000001,Historical
May 2008,Pecos,Historical,Historical,Historical,1693.01,23.95,0.06,2.55,36.18,12.95,76.36,26,33,0,-3.04,0,1636.06,1.28,69.13,25.18,1731.65,78.67,-11331.6,1.08,-52.5500000000011,Historical
Jun 2008,Pecos,Historical,Historical,Historical,1342.67,14.37,0.03,2.54,49.96,37.72,98.25,33.36,41.6,0,-12.86,0,1286.7,12.47,90.27,33.6,1423.04,83.11,-11377.17,4.44,-45.5699999999997,Historical
Jul 2008,Pecos,Historical,Historical,Historical,6049.79,26.84,0.19,4.46,35.8,9.94,57.52,19.4,37.46,0,-5.47,0,5985.5,2.17,53.79,27.38,6068.84,69.98,-11446.92,-13.13,-69.75,Historical
Aug 2008,Pecos,Historical,Historical,Historical,4203.36,8.95,0.08,1.83,24.55,13.52,58.07,19.99,31.87,0,-11.14,0,4162.54,7.3,55.1,26.17,4251.11,80.18,-11480.44,10.2,-33.5200000000004,Historical
Sep 2008,Pecos,Historical,Historical,Historical,2300.43,5.21,0.46,2.59,27.33,16.92,66.3,22,24.17,0,-8.52,0,2271.04,1.19,59.8,19.99,2352.03,74.2,-11523.95,-5.98,-43.5100000000002,Historical
Oct 2008,Pecos,Historical,Historical,Historical,2370.43,1.24,0.11,3.74,15.05,14.34,34.98,12.28,13.38,0,-7.04,0,2355.82,3.94,31.91,12.25,2403.93,69.11,-11572.59,-5.09,-48.6399999999994,Historical
Nov 2008,Pecos,Historical,Historical,Historical,250.15,24.69,0.08,22.07,10.37,1.37,6.03,1.53,6.14,0,-7.04,0,219.32,0.73,6.4,0,226.45,60.6,-11601.2,-8.51,-28.6100000000006,Historical
Dec 2008,Pecos,Historical,Historical,Historical,572.21,5.3,0.11,3.53,9.69,1.37,6.03,1.68,2.28,0,-6.88,0,564.63,0.43,6.29,0,571.36,67.7,-11606.6,7.1,-5.39999999999964,Historical
Jan 2009,Pecos,Historical,Historical,Historical,68.18,3.77,0.11,3.3,8.56,1.37,6.1,1.87,1.98,0,-7.05,0,62.42,0.45,6.57,0,69.44,74.08,-11615.54,6.38,-8.94000000000051,Historical
Feb 2009,Pecos,Historical,Historical,Historical,147.97,5.05,0.1,3.25,10.84,5.19,6.09,2,1.84,0,-4.3,0,141.08,0.55,7.22,0,148.85,78.92,-11624.84,4.84,-9.29999999999927,Historical
Mar 2009,Pecos,Historical,Historical,Historical,518.94,2.77,0.1,2.92,4.29,15.22,16.15,5.75,5.65,0,-9.17,0,510.51,20.05,17.2,3.95,551.71,81.44,-11631.39,2.52,-6.54999999999927,Historical
Apr 2009,Pecos,Historical,Historical,Historical,404.98,12.62,0.08,2.23,38.54,15.68,76.85,26.11,22.71,0,-13.56,0,369.65,1.17,67.7,18.87,457.39,63.71,-11649.26,-17.73,-17.8700000000008,Historical
May 2009,Pecos,Historical,Historical,Historical,1475.37,12.81,0.17,2.18,39.46,22.88,85.47,28.74,32.99,0,-7.02,0,1429.58,1.23,77.39,26.83,1535.03,69.61,-11709.73,5.9,-60.4699999999993,Historical
Jun 2009,Pecos,Historical,Historical,Historical,2150.09,16.9,0.45,6.26,47.78,26.54,94.88,32.1,37.43,0,-12.2,0,2095.77,2.05,84.34,30.61,2212.76,65.53,-11767.33,-4.08,-57.6000000000004,Historical
Jul 2009,Pecos,Historical,Historical,Historical,5123.64,15.73,0.93,7.29,29.79,16.22,54.43,18.15,38.32,0,-6.53,0,5069.59,2.32,52.39,30.3,5154.6,65.21,-11835.49,-0.320000000000007,-68.1599999999999,Historical
Aug 2009,Pecos,Historical,Historical,Historical,1377.24,21.92,0.26,4.63,39.11,22.92,92.56,31.74,35.72,0,0.03,0,1319.61,1.32,83.04,28.3,1432.28,62.68,-11870.28,-2.52999999999999,-34.7900000000009,Historical
Sep 2009,Pecos,Historical,Historical,Historical,2484.99,8.91,0.12,3.43,26.57,16.81,71.26,24.06,24.67,0,-15.96,0,2451.42,11.8,62.74,20.65,2546.62,56.64,-11923.64,-6.04,-53.3599999999988,Historical
Oct 2009,Pecos,Historical,Historical,Historical,1863.51,10.59,0.09,3.36,18.7,5.26,39.03,13.38,14.45,0,-6.72,0,1838.47,0.59,34.34,11.57,1884.96,50.86,-11982.79,-5.78,-59.1500000000015,Historical
Nov 2009,Pecos,Historical,Historical,Historical,356.07,6.3,0.12,3.53,10.81,1.48,6.73,1.72,2.78,0,-6.85,0,346.99,0.42,7.07,0.4,354.88,55.62,-12012.28,4.76,-29.4899999999998,Historical
Dec 2009,Pecos,Historical,Historical,Historical,1528.32,6.15,0.16,3.67,10.61,1.36,6.08,1.71,2.46,0,-6.91,0,1519.7,0.3,5.9,0,1525.91,62.88,-12021.76,7.26000000000001,-9.47999999999956,Historical
Jan 2010,Pecos,Historical,Historical,Historical,1591.7,6.73,0.15,3.39,11.19,1.36,5.98,1.9,2.72,0,-6.69,0,1582.25,0.36,6.1,0,1588.71,70.6,-12030.57,7.71999999999999,-8.80999999999949,Historical
Feb 2010,Pecos,Historical,Historical,Historical,1730,9.86,0.14,3.65,13.41,1.55,5.98,2.06,3.37,0,-5.95,0,1716.76,0.44,6.42,0,1723.62,78.39,-12038.62,7.79000000000001,-8.05000000000109,Historical
Mar 2010,Pecos,Historical,Historical,Historical,1492.34,8.05,0.13,3.09,9.34,9.29,6.7,2.44,4.22,0,-11.81,0,1480.07,16.85,8.98,0.65,1506.54,87.76,-12045.12,9.37,-6.5,Historical
Apr 2010,Pecos,Historical,Historical,Historical,1464.4,11.62,0.15,3.08,40.61,13.92,56.27,19.12,22.42,0,-19.6,0,1430.37,1.61,51.37,16.99,1500.34,83.11,-12057.62,-4.65000000000001,-12.5,Historical
May 2010,Pecos,Historical,Historical,Historical,919.77,15.69,0.08,2.76,43.59,22.55,82.55,28.16,33.08,0,-9.89,0,870.99,1.86,76.22,25.92,974.99,95.57,-12108.95,12.46,-51.3299999999999,Historical
Jun 2010,Pecos,Historical,Historical,Historical,1947.51,15.69,1.55,3.59,49.06,24.18,94,31.88,41.86,0,-13.83,0,1889.96,2.6,86.48,33.42,2012.46,94.78,-12166.07,-0.789999999999992,-57.119999999999,Historical
Jul 2010,Pecos,Historical,Historical,Historical,6508.3,12.3,1.03,6.61,35.72,18.51,48.29,16,34.42,0,-12.65,0,6461.59,2.17,46.82,26.78,6537.35,95.29,-12233.57,0.510000000000005,-67.5,Historical
Aug 2010,Pecos,Historical,Historical,Historical,3080.41,15.93,0.2,3.68,29.85,13.78,67.31,23.13,35.04,0,-5.25,0,3029.44,1.63,62.24,28.04,3121.36,97.97,-12270.88,2.67999999999999,-37.3099999999995,Historical
Sep 2010,Pecos,Historical,Historical,Historical,2504.14,10.61,1.62,7,25.48,28.78,68.79,22.75,28.93,0,-8.16,0,2464.61,16.7,61.78,22.57,2565.65,95.97,-12313.31,-2,-42.4300000000003,Historical
Oct 2010,Pecos,Historical,Historical,Historical,1108.08,3.32,0.15,4.29,23.69,18.06,63.92,21.69,16.47,0,-7.42,0,1088.29,0.97,56.13,14.49,1159.88,76.94,-12361.16,-19.03,-47.8500000000004,Historical
Nov 2010,Pecos,Historical,Historical,Historical,73.69,21.24,0.15,19.46,8.82,1.37,6,1.41,5.32,0,-6.16,0,47.13,0.65,6.35,0,54.13,68.68,-12408.83,-8.25999999999999,-47.6700000000001,Historical
Dec 2010,Pecos,Historical,Historical,Historical,429.61,6.1,0.19,4.92,8.64,1.37,6,1.55,2.4,0,-6.34,0,421.12,0.43,6.32,0,427.87,74.38,-12414.26,5.69999999999999,-5.43000000000029,Historical
Jan 2011,Pecos,Historical,Historical,Historical,18.84,4.51,0.19,4.15,7.63,1.37,6.01,1.76,2.07,0,-6.11,0,12.26,0.4,6.26,0,18.93,79.79,-12422.66,5.41000000000001,-8.39999999999964,Historical
Feb 2011,Pecos,Historical,Historical,Historical,470.2,8.67,0.16,3.79,16.98,16.01,6.01,1.92,2.78,0,3.6,0,458.75,0.47,6.63,0,465.85,84.03,-12430.94,4.23999999999999,-8.28000000000065,Historical
Mar 2011,Pecos,Historical,Historical,Historical,37.62,5.98,0.14,3.32,4.97,19.21,14.93,5.36,6.63,0,-10.72,0,25.01,27.77,17.1,4.44,74.33,82.47,-12428.66,-1.56,2.28000000000065,Historical
Apr 2011,Pecos,Historical,Historical,Historical,65.58,6.87,0.11,2.38,28.76,18.9,88.27,29.92,22.69,0,-6.3,0,36.02,1.04,77.64,21.58,136.27,60.7,-12446.78,-21.77,-18.1200000000008,Historical
May 2011,Pecos,Historical,Historical,Historical,38.7,6.46,0.05,1.99,36.3,24.65,99.89,33.83,31.11,0,-7.99,0,1.13,0.86,88.79,27.58,118.36,51.26,-12510.31,-9.44,-63.5299999999988,Historical
Jun 2011,Pecos,Historical,Historical,Historical,372.76,13.12,0.02,1.36,43.75,32.45,116.3,39.46,40.73,0,-0.45,0,318.92,0.93,103.13,35.32,458.29,40.2,-12580.85,-11.06,-70.5400000000009,Historical
Jul 2011,Pecos,Historical,Historical,Historical,1611.56,9.3,0,1.15,40.04,21.88,109.21,37.05,37.52,0,-11.96,0,1564.74,1.95,95.74,32.39,1694.81,25.2,-12652.72,-15,-71.869999999999,Historical
Aug 2011,Pecos,Historical,Historical,Historical,1867.55,16.69,0,0.95,37.4,17.63,104.14,35.6,36.44,0,-4.84,0,1814.42,0.81,89.97,29.81,1935.01,19.77,-12731.7,-5.43,-78.9800000000014,Historical
Sep 2011,Pecos,Historical,Historical,Historical,2131.67,10.94,0.11,1.27,26.87,12.29,67.98,22.69,27.62,0,-5.38,0,2093.11,0.58,59.03,22.31,2175.03,18.11,-12798.44,-1.66,-66.7399999999998,Historical
Oct 2011,Pecos,Historical,Historical,Historical,1393.19,9.19,0.02,1.14,20.63,7.24,55.33,18.91,15.7,0,-5.7,0,1368.3,0.39,47.02,13.46,1429.17,18.95,-12843.81,0.84,-45.369999999999,Historical
Nov 2011,Pecos,Historical,Historical,Historical,216.53,4.76,0.08,1.62,10.13,1.59,7.23,2.03,2.42,0,-5.64,0,209.35,0.32,6.77,0.66,217.1,21.74,-12883.69,2.79,-39.880000000001,Historical
Dec 2011,Pecos,Historical,Historical,Historical,2512.62,4.53,0.1,2.16,9.23,1.38,6.04,1.7,1.71,0,-5.61,0,2506.39,0.22,5.35,0,2511.96,28.7,-12892.78,6.96,-9.09000000000015,Historical
Jan 2012,Pecos,Historical,Historical,Historical,262.95,3.5,0.09,1.95,8.09,1.38,6.02,1.89,1.42,0,-5.39,0,258.03,0.32,5.83,0,264.18,35.54,-12901.02,6.84,-8.23999999999978,Historical
Feb 2012,Pecos,Historical,Historical,Historical,329.24,2.06,0.12,1.88,9.85,5.31,6.03,1.96,1.11,0,-4.59,0,326.07,0.35,6.06,0,332.48,40.55,-12909.12,5.01,-8.10000000000036,Historical
Mar 2012,Pecos,Historical,Historical,Historical,204.57,2.93,0.09,1.63,8.32,12.16,14.96,5.34,5.4,0,-9.23,0,196.25,14.44,15.46,3.84,229.99,43.1,-12916.67,2.55,-7.54999999999927,Historical
Apr 2012,Pecos,Historical,Historical,Historical,448.96,12.65,0.06,1.39,33.04,15.33,84.53,28.71,25.34,0,-7.41,0,410.97,1.03,73.35,21.65,507.01,33.43,-12933.96,-9.67,-17.2899999999991,Historical
May 2012,Pecos,Historical,Historical,Historical,2030.6,6.21,0.26,1.77,30.44,25.82,72.84,24.23,31.72,0,-6.62,0,1992.67,6.7,65.5,27.38,2092.25,33.61,-12993.51,0.18,-59.5500000000011,Historical
Jun 2012,Pecos,Historical,Historical,Historical,350.4,14.59,0.02,0.84,44.44,24.12,114.32,39.06,40.09,0,-7.58,0,295.72,1.03,100.59,33.8,431.14,21.33,-13044.4,-12.28,-50.8899999999994,Historical
Jul 2012,Pecos,Historical,Historical,Historical,2506.01,11.94,0.84,2.08,33.78,17.16,92.58,31.18,34.96,0,-7.06,0,2459.11,1.14,80.69,29.78,2570.72,16.32,-13120.95,-5.01,-76.5500000000011,Historical
Aug 2012,Pecos,Historical,Historical,Historical,2228.15,9.83,0.01,0.98,34.5,17.74,90.97,30.76,33.79,0,-8.48,0,2184.54,0.58,78.98,28.96,2293.05,13.66,-13184.23,-2.66,-63.2799999999988,Historical
Sep 2012,Pecos,Historical,Historical,Historical,2224.24,10.54,0.01,1.21,27.8,12.91,68.66,22.86,26.95,0,-5.97,0,2186.75,0.41,59.74,22.37,2269.27,11.64,-13248.08,-2.02,-63.8500000000004,Historical
Oct 2012,Pecos,Historical,Historical,Historical,610.47,9.78,0.03,1.72,22.29,8.8,60.06,20.6,15.52,0,-5.77,0,585.16,0.37,51.11,13.26,649.9,12.58,-13295.26,0.94,-47.1800000000003,Historical
Nov 2012,Pecos,Historical,Historical,Historical,138.21,3.35,0.05,1.79,8.42,1.85,8.62,2.84,2.78,0,-5.28,0,132.08,0.32,8.08,1.48,141.96,14.43,-13338.22,1.85,-42.9599999999991,Historical
Dec 2012,Pecos,Historical,Historical,Historical,535.96,2.85,0.07,1.86,7.54,1.39,6.05,1.88,1.26,0,-5.37,0,531.85,0.28,5.42,0,537.55,18.69,-13347.97,4.26,-9.75,Historical
Jan 2013,Pecos,Historical,Historical,Historical,680.78,2.32,0.12,2.1,6.73,1.39,6.01,2.02,1.21,0,-5.26,0,677.24,0.26,5.38,0,682.88,23.59,-13356.26,4.9,-8.29000000000087,Historical
Feb 2013,Pecos,Historical,Historical,Historical,405.59,0.91,0.1,1.75,7.25,5.31,6.01,2.07,0.6,0,-4.59,0,404.08,1.9,5.75,0,411.73,27.54,-13364.3,3.95,-8.03999999999905,Historical
Mar 2013,Pecos,Historical,Historical,Historical,96.76,1.82,0.08,1.41,2.61,8.38,8.75,3.26,2.53,0,-5.17,0,92.41,11.44,9.24,1.78,114.88,27.68,-13372.23,0.140000000000001,-7.93000000000029,Historical
Apr 2013,Pecos,Historical,Historical,Historical,59.25,7.15,0.06,0.93,21.73,11.06,65.18,23.3,19.43,0,-5.11,0,32.67,0.71,56.17,17.56,107.1,18.15,-13382.14,-9.53,-9.90999999999985,Historical
May 2013,Pecos,Historical,Historical,Historical,331.28,12.92,0.03,0.71,36.94,18.41,95.21,32.33,30.86,0,-6.93,0,287.5,0.64,83.25,26.87,398.26,14.53,-13427.24,-3.62,-45.1000000000004,Historical
Jun 2013,Pecos,Historical,Historical,Historical,1143.75,28.07,0,0.96,46.52,18.66,101.2,34.81,43.45,0,-1.44,0,1072.24,0.69,89.1,33.21,1195.23,12.69,-13493.06,-1.84,-65.8199999999997,Historical
Jul 2013,Pecos,Historical,Historical,Historical,4721.87,14.4,3.94,6.2,27.81,12.26,63.72,21.53,35.44,0,-4.73,0,4672.04,1.31,56.01,27.51,4756.86,17.84,-13550.65,5.15,-57.5900000000001,Historical
Aug 2013,Pecos,Historical,Historical,Historical,2077.57,99.46,0.2,1.19,129,14.91,89.39,30.46,55.15,0,-16.76,0,1922.96,1.15,78.03,27.52,2029.66,19.57,-13589.63,1.73,-38.9799999999996,Historical
Sep 2013,Pecos,Historical,Historical,Historical,6200.54,57.76,6.75,32.9,64.73,5.84,39.36,14.17,45.76,0,-30.32,0,6097.03,3.05,36.43,20.39,6156.89,114.56,-13637.7,94.99,-48.0700000000015,Historical
Oct 2013,Pecos,Historical,Historical,Historical,652.37,16.69,0.29,9.3,22.22,7.47,51.69,18.62,15.89,0,-8.06,0,619.78,0.99,46.7,11.65,679.13,162.21,-13667.84,47.65,-30.1399999999994,Historical
Nov 2013,Pecos,Historical,Historical,Historical,1175.51,4.86,0.26,2.61,9.88,1.39,6.03,1.75,2.12,0,-6.44,0,1168.53,0.47,7.26,0,1176.26,163.32,-13704.72,1.10999999999999,-36.8799999999992,Historical
Dec 2013,Pecos,Historical,Historical,Historical,677.85,3.27,0.22,2.5,8.71,1.39,6.04,2,1.82,0,-6.7,0,672.76,0.38,7,0,680.14,168.83,-13713.34,5.51000000000002,-8.6200000000008,Historical
Jan 2014,Pecos,Historical,Historical,Historical,3.31,3.81,0.14,3.53,7.48,1.39,6.03,2.15,1.76,0,-6.06,0,-2.26,0.4,7.35,0,5.5,173.18,-13722.26,4.34999999999999,-8.92000000000007,Historical
Feb 2014,Pecos,Historical,Historical,Historical,234.93,1.05,0.11,3.16,3.25,3.15,6.03,1.96,0.86,0,-5.85,0,233.02,3.75,8.11,0,244.88,175.79,-13730.43,2.60999999999999,-8.17000000000007,Historical
Mar 2014,Pecos,Historical,Historical,Historical,559.06,0,0.08,2.55,12.66,17.97,17.36,6.24,8.74,0,-3.66,0,550.32,6.51,21.74,8.5,587.07,171.85,-13739.49,-3.94,-9.05999999999949,Historical
Apr 2014,Pecos,Historical,Historical,Historical,512.44,0.03,0.07,2.58,31.63,41.4,63.01,23.15,16.25,0,-0.67,0,496.16,7.95,57.41,16.39,577.91,155.91,-13754.03,-15.94,-14.5400000000009,Historical
May 2014,Pecos,Historical,Historical,Historical,2640.64,24.89,0.04,17.12,30.39,17.99,54.61,18.8,33.79,0,-7.58,0,2581.96,3,55.39,25.6,2665.96,128.58,-13794.69,-27.33,-40.6599999999999,Historical
Jun 2014,Pecos,Historical,Historical,Historical,1358.13,25.87,0.01,2.28,57.74,32.6,94.69,33.07,42.24,0,-4.37,0,1290.03,2.83,88.97,32.43,1414.26,121.39,-13829.89,-7.19000000000001,-35.1999999999989,Historical
Jul 2014,Pecos,Historical,Historical,Historical,5469.21,40.61,0.15,2.15,62.2,10.23,69.69,24.08,45.82,0,-16.15,0,5382.78,2.8,65.68,29.64,5480.89,119.18,-13886.08,-2.20999999999999,-56.1900000000005,Historical
Aug 2014,Pecos,Historical,Historical,Historical,3683.01,59.64,0.04,3.38,71.4,13.32,71.1,23.78,42.87,0,-3.93,0,3580.5,2.16,67.49,25.95,3676.11,151.08,-13931.67,31.9,-45.5900000000001,Historical
Sep 2014,Pecos,Historical,Historical,Historical,7918.22,99.16,46.67,139.84,19.86,9.86,22.46,7.86,41.91,0,-5.97,0,7777.15,1.96,27.86,18.59,7825.55,188.98,-13966.01,37.9,-34.3400000000001,Historical
Oct 2014,Pecos,Historical,Historical,Historical,765.76,20.08,0.4,6.27,30.15,10.44,67.15,22.55,19.56,0,-6.35,0,726.11,0.85,61.93,14.38,803.28,185.72,-13963.26,-3.25999999999999,2.75,Historical
Nov 2014,Pecos,Historical,Historical,Historical,1130.16,7.9,0.29,5.86,9.17,1.4,6.07,1.79,2.48,0,-5.9,0,1119.78,0.46,8.47,0.03,1128.74,188.1,-14009.02,2.38,-45.7600000000002,Historical
Dec 2014,Pecos,Historical,Historical,Historical,567.7,5.45,0.27,5.04,11.95,1.4,6.05,2.05,2.13,0,-11.67,0,560.13,1.79,8.37,0,570.29,191.67,-14016.74,3.56999999999999,-7.71999999999935,Historical
Jan 2015,Pecos,Historical,Historical,Historical,1682.9,6.53,0.3,5.06,9.15,1.4,6.09,2.28,2.49,0,-6.34,0,1673.88,0.36,7.89,0,1682.12,197.84,-14030.29,6.17000000000002,-13.5500000000011,Historical
Feb 2015,Pecos,Historical,Historical,Historical,852.43,3.31,0.34,4.8,7.6,2.36,6.09,2.31,2.07,0,-6.91,0,847.05,0.52,9.35,0,856.92,201.53,-14037.95,3.69,-7.65999999999985,Historical
Mar 2015,Pecos,Historical,Historical,Historical,1059.68,1.43,0.34,4.65,10.46,10.56,13.45,4.25,4.46,0,-10.52,0,1053.78,7.74,18.75,3.29,1083.57,201.2,-14046.58,-0.330000000000013,-8.6299999999992,Historical
Apr 2015,Pecos,Historical,Historical,Historical,1504.35,23.59,0.32,4.62,42.65,16.15,61.95,20.92,25.17,0,-8.57,0,1455.6,1.36,61.11,18.44,1536.51,191.55,-14065.13,-9.64999999999998,-18.5499999999993,Historical
May 2015,Pecos,Historical,Historical,Historical,4378.25,23.61,0.29,5.41,38.12,9.82,38.14,13.24,33.3,0,-11.74,0,4321.34,1.93,42.14,23.5,4388.9,197.96,-14108,6.41,-42.8700000000008,Historical
Jun 2015,Pecos,Historical,Historical,Historical,3156.08,14.11,0.2,4.15,35.39,15.73,81.65,28.61,38.29,0,-11.84,0,3103.69,2.35,80.62,29.95,3216.6,209.02,-14134.84,11.06,-26.8400000000001,Historical
Jul 2015,Pecos,Historical,Historical,Historical,5598.73,19.07,0.2,4.37,37.38,24.21,75.95,26.39,39.6,0,-3.47,0,5540.06,5.21,73.91,30.1,5649.28,201.1,-14191.38,-7.92000000000002,-56.5399999999991,Historical
Aug 2015,Pecos,Historical,Historical,Historical,3105.81,12.66,0.17,19.16,34.82,41,86.37,30.66,35.95,0,-12.67,0,3057.2,12.52,81.39,28.53,3179.64,189.91,-14234.91,-11.19,-43.5300000000007,Historical
Sep 2015,Pecos,Historical,Historical,Historical,1804.51,57.37,1.04,28.83,46.21,15.7,67.97,24.24,38.54,0,-2.78,0,1708.6,1.85,64,22.88,1797.33,158.05,-14295.86,-31.86,-60.9500000000007,Historical
Oct 2015,Pecos,Historical,Historical,Historical,6273.83,32.2,1.33,12.61,22.73,7.25,21.06,6.89,22.7,0,4.33,0,6218.93,1.12,21.29,13.07,6254.42,168.29,-14326.71,10.24,-30.8499999999985,Historical
Nov 2015,Pecos,Historical,Historical,Historical,946.34,6.01,0.39,5.93,12.94,1.46,6.42,1.81,3.4,0,-11.62,0,936.92,0.62,8.07,0.18,945.78,176.64,-14326.93,8.34999999999999,-0.220000000001164,Historical
Dec 2015,Pecos,Historical,Historical,Historical,1949.28,2.71,0.39,5.29,8.76,4.77,6.12,1.96,2.04,0,-6.69,0,1944.53,0.51,7.64,0,1952.68,184.67,-14339.94,8.03,-13.0100000000002,Historical
