Date,County,Climate_Model,Population_Growth_Rate,Efficiency,Precipitation,Runoff,SW_In,SW_Out,SW_Diversions,SW_Returns,GW_Diversions,GW_Returns,Recharge,GW_In,SW_to_GW,GW_Out,ET_Land_Surface,ET_SW,ET_Human_Use,ET_GW,ET_Total,Cumulative_Storage_Change_Human_Use,Cumulative_Storage_Change_GW,Monthly_Storage_Change_Human_Use,Monthly_Storage_Change_GW
Jan 1975,Curry,Historic,Historic,Historic,26.71690039,0,0,0,0.053782406,0.342007326,0.82400942,0.024113837,0,0,0.141500787,0,26.71690039,0.146724133,0.511670662,0,27.37529519,0,0,0,0
Feb 1975,Curry,Historic,Historic,Historic,68.45229688,0,0,0,0.053782406,0.342179289,0.824395571,0.024125819,0,0,0.140968585,0,68.45229688,0.147428297,0.511872869,0,69.11159804,0,-0.658394795,0,-0.658394795
Mar 1975,Curry,Historic,Historic,Historic,26.96519922,0,0,0,0.053782406,0.342351251,0.824781722,0.024137801,0,0,0.141179467,0,26.96519922,0.147389378,0.512075076,0,27.62466367,0,-1.317695961,0,-0.659301166
Apr 1975,Curry,Historic,Historic,Historic,91.44360156,0,0,0,0.053782406,0.342523214,0.825167874,0.024149783,0.00282762,0,0.140536392,0,91.44077394,0.148204416,0.512277282,0.00282762,92.10408326,0,-1.977160415,0,-0.659464454
May 1975,Curry,Historic,Historic,Historic,64.61910156,0,0,0,0.055130323,0.342695864,64.2988763,18.16702089,0.02361471,0,0.139243849,0,64.59548685,0.148321692,45.84428986,0.02361471,110.6117131,0,-2.637642114,0,-0.660481699
Jun 1975,Curry,Historic,Historic,Historic,102.867,0,0,0,0.055309198,0.342868515,72.72246925,20.57467482,0.029020168,0,0.131080927,0,102.8379798,0.156478389,51.86023512,0.029020168,154.8837135,0,-48.63025367,0,-45.992611556
Jul 1975,Curry,Historic,Historic,Historic,306.454,0,0,0,0.054513813,0.343041165,35.26822372,9.868863916,0.024558072,0,0.130498885,0,306.4294419,0.158028467,25.11083246,0.024558072,331.7228609,0,-100.6469672,0,-52.01671353
Aug 1975,Curry,Historic,Historic,Historic,88.973,0,0,0,0.055272328,0.343213815,70.98703213,20.0784296,0.025270304,0,0.130553115,0,88.9477297,0.157388372,50.62066104,0.025270304,139.7510494,0,-125.9158281,0,-25.2688609
Sep 1975,Curry,Historic,Historic,Historic,125.583,0,0,0,0.05473687,0.343386466,45.7727307,12.87121588,0.018608621,0,0.139143794,0,125.5643914,0.149505802,32.61286522,0.018608621,158.345371,0,-176.6938775,0,-50.7780494
Oct 1975,Curry,Historic,Historic,Historic,0.331011993,0,0,0,0.054315546,0.343559116,25.93304036,7.20025094,0.009285274,0,0.142790653,0,0.32172672,0.146452917,18.44354585,0.009285274,18.92101076,0,-209.4562485,0,-32.762371
Nov 1975,Curry,Historic,Historic,Historic,51.6165,0,0,0,0.053782406,0.343731767,0.827881745,0.024233993,0,0,0.143180525,0,51.6165,0.146768836,0.513698392,0,52.27696723,0,-228.0462473,0,-18.5899988
Dec 1975,Curry,Historic,Historic,Historic,8.707530273,0,0,0,0.053782406,0.343904417,0.828269441,0.024246023,0,0,0.144178467,0,8.707530273,0.145943544,0.513901407,0,9.367375225,0,-228.7067145,0,-0.660467199999999
Jan 1976,Curry,Historic,Historic,Historic,3.305370117,0,0,0,0.043326499,0.345911089,0.875994692,0.024341434,0,0,0.149825052,0,3.305370117,0.152759538,0.549068668,0,4.007198323,0,-229.3665595,0,-0.65984499999999
Feb 1976,Curry,Historic,Historic,Historic,10.74590039,0,0,0,0.043326499,0.346084427,0.876383933,0.024353512,0,0,0.149577603,0,10.74590039,0.153180325,0.549272493,0,11.44835321,0,-230.0683877,0,-0.701828199999994
Mar 1976,Curry,Historic,Historic,Historic,15.50890039,0,0,0,0.043326499,0.346257765,0.876773174,0.02436559,0,0,0.149574693,0,15.50890039,0.153356573,0.549476317,0,16.21173328,0,-230.7708405,0,-0.702452800000003
Apr 1976,Curry,Historic,Historic,Historic,51.58330078,0,0,0,0.043326499,0.346431103,26.88125776,7.457242877,0.013699225,0,0.148815645,0,51.56960156,0.154288959,19.12091028,0.013699225,70.85850002,0,-231.4736734,0,-0.702832900000004
May 1976,Curry,Historic,Historic,Historic,90.24460156,0,0,0,0.043326499,0.346604442,56.54061946,15.9348098,0.02244576,0,0.148726393,0,90.2221558,0.15455155,40.30253171,0.02244576,130.7016848,0,-250.7488726,0,-19.2751992
Jun 1976,Curry,Historic,Historic,Historic,128.458,0,0,0,0.043326499,0.34677778,65.36486669,18.45698411,0.028276218,0,0.139692926,0,128.4297238,0.163758355,46.6044313,0.028276218,175.2261897,0,-291.2059559,0,-40.4570833
Jul 1976,Curry,Historic,Historic,Historic,183.884,0,0,0,0.043326499,0.346951118,54.91411165,15.46969954,0.02528561,0,0.137750627,0,183.8587144,0.165873992,39.14078749,0.02528561,223.1906615,0,-337.9741456,0,-46.7681897
Aug 1976,Curry,Historic,Historic,Historic,169.01,0,0,0,0.043326499,0.347125144,53.26461509,14.9981171,0.024742556,0,0.145549562,0,168.9852574,0.158249084,37.96269935,0.024742556,207.1309484,0,-377.280807,0,-39.3066614
Sep 1976,Curry,Historic,Historic,Historic,208.038,0,0,0,0.043326499,0.34729917,30.86085983,8.594253392,0.018068249,0,0.137870236,0,208.0199318,0.166102436,21.96263377,0.018068249,230.1667362,0,-415.4017555,0,-38.1209485
Oct 1976,Curry,Historic,Historic,Historic,54.22889844,0,0,0,0.043326499,0.347473196,0.906062052,0.032041915,0.003119018,0,0.149738857,0,54.22577942,0.154407841,0.569873439,0.003119018,54.95317972,0,-437.5304917,0,-22.1287362
Nov 1976,Curry,Historic,Historic,Historic,27.55990039,0,0,0,0.043326499,0.347647222,0.879893277,0.024462405,0,0,0.150952616,0,27.55990039,0.153368107,0.551110148,0,28.26437865,0,-438.254773,0,-0.724281299999973
Dec 1976,Curry,Historic,Historic,Historic,0,0,0,0,0.043326499,0.347821249,0.880284062,0.02447453,0,0,0.151212124,0,0,0.153282626,0.551314782,0,0.704597407,0,-438.9592512,0,-0.704478199999983
Jan 1977,Curry,Historic,Historic,Historic,17.46769922,0,0,0,0.032656955,0.347995275,0.860461604,0.024486656,0,0,0.156511089,0,17.46769922,0.158827231,0.520636629,0,18.14716308,0,-439.6638486,0,-0.704597400000011
Feb 1977,Curry,Historic,Historic,Historic,35.67569922,0,0,0,0.032656955,0.348169301,0.86085239,0.024498782,0,0,0.15620558,0,35.67569922,0.159306765,0.520841262,0,36.35584725,0,-440.3433125,0,-0.67946390000003
Mar 1977,Curry,Historic,Historic,Historic,37.96810156,0,0,0,0.032656955,0.348343327,0.861243175,0.024510908,0,0,0.155829659,0,37.96810156,0.159856713,0.521045895,0,38.64900417,0,-441.0234605,0,-0.680147999999974
Apr 1977,Curry,Historic,Historic,Historic,152.177,0,0,0,0.032656955,0.348518041,13.64974726,3.67980544,0.013382184,0,0.142714898,0,152.1636178,0.173146188,9.654080735,0.013382184,162.0042269,0,-441.7043631,0,-0.680902600000024
May 1977,Curry,Historic,Historic,Historic,201.125,0,0,0,0.032656955,0.348692755,42.93774752,12.0512237,0.02336683,0,0.133527427,0,201.1016332,0.182508373,30.57048802,0.02336683,231.8779964,0,-451.53159,0,-9.82722689999997
Jun 1977,Curry,Historic,Historic,Historic,101.637,0,0,0,0.032656955,0.348867469,80.10991505,22.67620825,0.029978198,0,0.146770301,0,101.6070218,0.169440213,57.11749629,0.029978198,158.9239365,0,-482.2845864,0,-30.7529964
Jul 1977,Curry,Historic,Historic,Historic,169.096,0,0,0,0.032656955,0.349042183,66.94774309,18.91390664,0.02825854,0,0.138983018,0,169.0677415,0.17740221,47.71745122,0.02825854,216.9908534,0,-539.5715229,0,-57.2869365
Aug 1977,Curry,Historic,Historic,Historic,318.204,0,0,0,0.032656955,0.349216897,34.53624437,9.649485116,0.024447779,0,0.137365102,0,318.1795522,0.17919484,24.57019932,0.024447779,342.9533942,0,-587.4663764,0,-47.8948535
Sep 1977,Curry,Historic,Historic,Historic,52.871,0,0,0,0.032656955,0.349391611,71.35978176,20.17481917,0.021480359,0,0.144567261,0,52.84951964,0.172167394,50.86822793,0.021480359,103.9113953,0,-612.2157705,0,-24.7493941
Oct 1977,Curry,Historic,Historic,Historic,69.25870313,0,0,0,0.032656955,0.349566324,44.21929475,12.41703416,0.013317281,0,0.156303808,0,69.24538584,0.160605562,31.48535123,0.013317281,100.9046599,0,-663.2561658,0,-51.0403953
Nov 1977,Curry,Historic,Historic,Historic,23.79719922,0,0,0,0.032656955,0.349741038,0.864381813,0.024608298,0,0,0.156857423,0,23.79719922,0.16022666,0.522689432,0,24.48011531,0,-694.9021226,0,-31.6459568
Dec 1977,Curry,Historic,Historic,Historic,7.091060059,0,0,0,0.032656955,0.34991644,0.864775688,0.024620519,0,0,0.157500758,0,7.091060059,0.159758727,0.522895683,0,7.773714469,0,-695.5850387,0,-0.682916100000057
Jan 1978,Curry,Historic,Historic,Historic,35.54619922,0,0,0,0.035639872,0.350091842,0.870820641,0.024632741,0,0,0.15599068,0,35.54619922,0.15846129,0.53173593,0,36.23639644,0,-696.2676931,0,-0.682654399999933
Feb 1978,Curry,Historic,Historic,Historic,61.8265,0,0,0,0.035639872,0.350267244,0.871214515,0.024644963,0,0,0.155950583,0,61.8265,0.158676788,0.531942181,0,62.51711897,0,-696.9578903,0,-0.690197200000057
Mar 1978,Curry,Historic,Historic,Historic,21.96730078,0,0,0,0.035639872,0.350442646,0.87160839,0.024657184,3.21883e-06,0,0.154895513,0,21.96729756,0.15990726,0.532148432,3.21883e-06,22.65935647,0,-697.6485093,0,-0.69061899999997
Apr 1978,Curry,Historic,Historic,Historic,43.397,0,0,0,0.035639872,0.350618047,61.89858651,17.46816701,0.020975241,0,0.154762755,0,43.37602476,0.16021542,44.11544132,0.020975241,87.67265674,0,-698.340565,0,-0.692055699999969
May 1978,Curry,Historic,Historic,Historic,167.269,0,0,0,0.035639872,0.350793449,45.58738213,12.8057632,0.023365092,0,0.14810215,0,167.2456349,0.167051427,32.46646536,0.023365092,199.9025168,0,-742.6162218,0,-44.2756568
Jun 1978,Curry,Historic,Historic,Historic,261.477,0,0,0,0.035639872,0.350968851,45.82425857,12.87337027,0.027443324,0,0.138187626,0,261.4495567,0.177141353,32.63555932,0.027443324,294.2897007,0,-775.2497385,0,-32.6335167000001
Jul 1978,Curry,Historic,Historic,Historic,92.3275,0,0,0,0.035639872,0.351144941,82.62415814,23.39194704,0.029203569,0,0.142871565,0,92.29829643,0.172633504,58.91670603,0.029203569,151.4168395,0,-808.0624392,0,-32.8127006999999
Aug 1978,Curry,Historic,Historic,Historic,170.079,0,0,0,0.035639872,0.35132103,55.07577508,15.51757051,0.02410127,0,0.154638811,0,170.0548987,0.161042347,39.24252341,0.02410127,209.4825658,0,-867.1517787,0,-59.0893395000001
Sep 1978,Curry,Historic,Historic,Historic,140.426,0,0,0,0.035639872,0.35149712,45.77642793,12.85939637,0.018164079,0,0.155549318,0,140.4078359,0.160307929,32.60117432,0.018164079,173.1874822,0,-906.5553445,0,-39.4035658
Oct 1978,Curry,Historic,Historic,Historic,47.80980078,0,0,0,0.035639872,0.35167321,34.80046451,9.721987599,0.011469359,0,0.156461279,0,47.79833142,0.159572058,24.76244357,0.011469359,72.73181641,0,-939.3168267,0,-32.7614821999999
Nov 1978,Curry,Historic,Historic,Historic,154.315,0,0,0,0.035639872,0.351849299,0.874767108,0.024755197,0,0,0.150978174,0,154.315,0.165231253,0.533802484,0,155.0140337,0,-964.2388424,0,-24.9220157
Dec 1978,Curry,Historic,Historic,Historic,23.47990039,0,0,0,0.035639872,0.352025389,0.875162527,0.024767467,0,0,0.157347293,0,23.47990039,0.159038224,0.534009544,0,24.17294816,0,-964.9378761,0,-0.699033700000086
Jan 1979,Curry,Historic,Historic,Historic,57.23110156,0,0,0,0.036776549,0.352201479,0.877711358,0.024779736,0,0,0.156750389,0,57.23110156,0.158674541,0.537506692,0,57.9272828,0,-965.6309239,0,-0.693047799999931
Feb 1979,Curry,Historic,Historic,Historic,8.778509766,0,0,0,0.036776549,0.352377568,0.878106777,0.024792006,0,0,0.156232137,0,8.778509766,0.159368883,0.537713752,0,9.4755924,0,-966.3271051,0,-0.696181200000069
Mar 1979,Curry,Historic,Historic,Historic,35.425,0,0,0,0.036776549,0.352554346,0.87850374,0.024804323,1.21085e-08,0,0.154688609,0,35.42499999,0.161089188,0.53792162,1.21085e-08,36.12401081,0,-967.0241878,0,-0.69708270000001
Apr 1979,Curry,Historic,Historic,Historic,100.719,0,0,0,0.036776549,0.352731123,45.73039951,12.84491827,0.018006207,0,0.150151891,0,100.7009938,0.165802683,32.56952667,0.018006207,133.4543293,0,-967.7231986,0,-0.699010799999996
May 1979,Curry,Historic,Historic,Historic,178.318,0,0,0,0.036776549,0.352907901,44.16313852,12.39684,0.022281932,0,0.145729132,0,178.2957181,0.17040222,31.45016717,0.022281932,209.9385694,0,-1000.458528,0,-32.7353294
Jun 1979,Curry,Historic,Historic,Historic,294.741,0,0,0,0.036776549,0.353084678,36.2219392,10.12687084,0.02563504,0,0.147075075,0,294.715365,0.169233054,25.77876023,0.02563504,320.6889933,0,-1032.079097,0,-31.620569
Jul 1979,Curry,Historic,Historic,Historic,187.576,0,0,0,0.036776549,0.353261456,62.92681565,17.75994226,0.028130481,0,0.136367307,0,187.5478695,0.1801176,44.85038849,0.028130481,232.6065061,0,-1058.027091,0,-25.9479939999999
Aug 1979,Curry,Historic,Historic,Historic,230.208,0,0,0,0.036776549,0.353438233,43.09632954,12.09160584,0.023717062,0,0.142843693,0,230.1842829,0.173817991,30.68806201,0.023717062,261.06988,0,-1103.057597,0,-45.0305060000001
Sep 1979,Curry,Historic,Historic,Historic,99.553,0,0,0,0.036776549,0.353615011,59.19764399,16.69381438,0.020120621,0,0.152532832,0,99.53287938,0.16430563,42.18699114,0.020120621,141.9042968,0,-1133.919477,0,-30.8618799999999
Oct 1979,Curry,Historic,Historic,Historic,46.19869922,0,0,0,0.036776549,0.353791788,43.45778373,12.19471959,0.013645072,0,0.153361382,0,46.18505415,0.163653857,30.9460489,0.013645072,77.30840198,0,-1176.270773,0,-42.351296
Nov 1979,Curry,Historic,Historic,Historic,25.734,0,0,0,0.036776549,0.353969254,0.881680994,0.024902911,0,0,0.155780872,0,25.734,0.161411832,0.539585378,0,26.43499721,0,-1207.380476,0,-31.1097030000001
Dec 1979,Curry,Historic,Historic,Historic,25.08480078,0,0,0,0.036776549,0.354146719,0.882079502,0.024915277,0,0,0.157572168,0,25.08480078,0.159798002,0.539794055,0,25.78439284,0,-1208.081473,0,-0.700996999999916
Jan 1980,Curry,Historic,Historic,Historic,23.91919922,0,0,0,0.038748112,0.354324184,0.886213097,0.024927642,0,0,0.156125182,0,23.91919922,0.15945089,0.545709382,0,24.62435949,0,-1208.781065,0,-0.699591999999939
Feb 1980,Curry,Historic,Historic,Historic,42.62430078,0,0,0,0.038748112,0.354068419,0.885470658,0.024894532,0,0,0.154914944,0,42.62430078,0.160405363,0.545255818,0,43.32996196,0,-1209.486226,0,-0.705161000000089
Mar 1980,Curry,Historic,Historic,Historic,37.46880078,0,0,0,0.038748112,0.353969475,0.885080356,0.024872347,0,0,0.155401822,0,37.46880078,0.159819542,0.544986645,0,38.17360697,0,-1210.191887,0,-0.705660999999964
Apr 1980,Curry,Historic,Historic,Historic,54.82889844,0,0,0,0.038748112,0.353870523,0.884690023,0.024850161,0.002245054,0,0.152018034,0,54.82665338,0.163104377,0.544717451,0.002245054,55.53672027,0,-1210.896693,0,-0.704805999999962
May 1980,Curry,Historic,Historic,Historic,190.45,0,0,0,0.038748112,0.353771563,38.26224515,10.70873091,0.02196253,0,0.149072554,0,190.4280375,0.165950897,27.23849079,0.02196253,217.8544417,0,-1211.604515,0,-0.707822000000078
Jun 1980,Curry,Historic,Historic,Historic,34.62089844,0,0,0,0.038748112,0.353672594,95.84060992,27.16669814,0.031366323,0,0.150473555,0,34.58953211,0.164450927,68.3589873,0.031366323,103.1443367,0,-1239.008957,0,-27.404442
Jul 1980,Curry,Historic,Historic,Historic,44.91710156,0,0,0,0.038748112,0.353573616,95.18015819,26.97800772,0.030273031,0,0.151064765,0,44.88682853,0.16376074,67.88732497,0.030273031,112.9681873,0,-1307.532395,0,-68.5234379999999
Aug 1980,Curry,Historic,Historic,Historic,171.276,0,0,0,0.038748112,0.35347463,56.27336974,15.85719827,0.024726473,0,0.150679779,0,171.2512735,0.164046739,40.10144495,0.024726473,211.5414917,0,-1375.583481,0,-68.0510859999999
Sep 1980,Curry,Historic,Historic,Historic,228.855,0,0,0,0.038748112,0.353375636,30.99069551,8.63062946,0.01872719,0,0.152388547,0,228.8362728,0.162238977,22.04543853,0.01872719,251.0626775,0,-1415.848972,0,-40.2654910000001
Oct 1980,Curry,Historic,Historic,Historic,31.48180078,0,0,0,0.038748112,0.353276633,21.51809034,5.923122391,0.008477688,0,0.152772519,0,31.47332309,0.161756002,15.28043943,0.008477688,46.92399621,0,-1438.05665,0,-22.207678
Nov 1980,Curry,Historic,Historic,Historic,52.59410156,0,0,0,0.038748112,0.353177622,0.881956807,0.024694807,0,0,0.154084864,0,52.59410156,0.160344646,0.54283249,0,53.2972787,0,-1453.498845,0,-15.4421950000001
Dec 1980,Curry,Historic,Historic,Historic,18.08309961,0,0,0,0.038748112,0.353078602,0.881566221,0.024672607,0,0,0.155739504,0,18.08309961,0.158590986,0.542563124,0,18.78425372,0,-1454.202022,0,-0.703176999999869
Jan 1981,Curry,Historic,Historic,Historic,14.7492002,0,0,0,0.046421209,0.359878345,0.867218529,0.023999175,0,0,0.154639561,0,14.7492002,0.158817575,0.529762217,0,15.43777999,0,-1454.903176,0,-0.701154000000088
Feb 1981,Curry,Historic,Historic,Historic,14.6247998,0,0,0,0.046421209,0.359778812,0.866828405,0.023977577,0,0,0.154766103,0,14.6247998,0.1585915,0.529493225,0,15.31288453,0,-1455.591756,0,-0.688580000000002
Mar 1981,Curry,Historic,Historic,Historic,77.58410156,0,0,0,0.046421209,0.359679271,0.866438249,0.023955976,0.000627351,0,0.154284652,0,77.58347421,0.15897341,0.529224212,0.000627351,78.27229918,0,-1456.279841,0,-0.688085000000001
Apr 1981,Curry,Historic,Historic,Historic,66.21720313,0,0,0,0.046421209,0.359579721,53.02248481,14.93203862,0.019894283,0,0.15373195,0,66.19730884,0.159426561,37.77728768,0.019894283,104.1539174,0,-1456.968039,0,-0.688198000000057
May 1981,Curry,Historic,Historic,Historic,108.542,0,0,0,0.046421209,0.359480163,54.5596894,15.37151452,0.022829655,0,0.142126251,0,108.5191703,0.170932702,38.87511593,0.022829655,147.5880486,0,-1494.904753,0,-37.9367139999999
Jun 1981,Curry,Historic,Historic,Historic,146.199,0,0,0,0.046421209,0.359380596,64.15502224,18.11428074,0.029532161,0,0.14450152,0,146.1694678,0.168457867,45.72778211,0.029532161,192.09524,0,-1533.950801,0,-39.0460479999999
Jul 1981,Curry,Historic,Historic,Historic,283.187,0,0,0,0.046421209,0.359281021,42.01790709,11.78682148,0.026685858,0,0.141459526,0,283.1603141,0.171400285,29.9182258,0.026685858,313.2766261,0,-1579.847041,0,-45.89624
Aug 1981,Curry,Historic,Historic,Historic,556.727,0,0,0,0.046421209,0.359181437,16.96382649,4.625593127,0.021702454,0,0.128418877,0,556.7052975,0.184341351,12.02547313,0.021702454,568.9368145,0,-1609.936667,0,-30.089626
Sep 1981,Curry,Historic,Historic,Historic,196.748,0,0,0,0.046421209,0.359081845,32.66019001,9.112243873,0.018238075,0,0.143333326,0,196.7297619,0.169327309,23.23528551,0.018238075,220.1526128,0,-1622.146482,0,-12.2098150000002
Oct 1981,Curry,Historic,Historic,Historic,193.945,0,0,0,0.046421209,0.358982244,16.00334346,4.351233962,0.011863757,0,0.150432671,0,193.9331362,0.162128364,11.33954846,0.011863757,205.4466768,0,-1645.551095,0,-23.4046129999999
Nov 1981,Curry,Historic,Historic,Historic,45.73080078,0,0,0,0.046421209,0.358882635,0.863315868,0.023783111,0,0,0.15398786,0,45.73080078,0.158473566,0.527071332,0,46.41634568,0,-1657.052772,0,-11.501677
Dec 1981,Curry,Historic,Historic,Historic,0.741617981,0,0,0,0.046421209,0.358783017,0.862925428,0.023761495,0,0,0.154693149,0,0.741617981,0.157668659,0.526802125,0,1.426088765,0,-1657.738317,0,-0.685545000000047
Jan 1982,Curry,Historic,Historic,Historic,12.8917998,0,0,0,0.045862135,0.360409537,0.864241602,0.023095912,0,0,0.155503523,0,12.8917998,0.159043879,0.526598287,0,13.57744197,0,-1658.422787,0,-0.684469999999919
Feb 1982,Curry,Historic,Historic,Historic,24.42659961,0,0,0,0.045862135,0.360309406,0.863851624,0.023074898,0,0,0.155727887,0,24.42659961,0.158719384,0.526329455,0,25.11164845,0,-1659.108429,0,-0.685641999999916
Mar 1982,Curry,Historic,Historic,Historic,17.47519922,0,0,0,0.045862135,0.360209266,0.863461615,0.023053883,4.47695e-05,0,0.154917937,0,17.47515445,0.159429194,0.526060601,4.47695e-05,18.16068901,0,-1659.793478,0,-0.685049000000163
Apr 1982,Curry,Historic,Historic,Historic,15.7772002,0,0,0,0.045862135,0.360109117,49.76123851,13.99981148,0.017786636,0,0.153484621,0,15.75941356,0.160762361,35.44718004,0.017786636,51.3851426,0,-1660.478968,0,-0.685489999999845
May 1982,Curry,Historic,Historic,Historic,119.528,0,0,0,0.045862135,0.36000896,43.94564441,12.33760506,0.022547028,0,0.14437101,0,119.505453,0.169775815,31.29389252,0.022547028,150.9916683,0,-1696.08691,0,-35.6079420000001
Jun 1982,Curry,Historic,Historic,Historic,173.648,0,0,0,0.045862135,0.359908795,44.8489223,12.59588345,0.026108367,0,0.140180313,0,173.6218916,0.173866347,31.93899219,0.026108367,205.7608585,0,-1727.550579,0,-31.463669
Jul 1982,Curry,Historic,Historic,Historic,352.326,0,0,0,0.045862135,0.35980862,28.37755459,7.887890296,0.026707273,0,0.132557978,0,352.2992927,0.181388508,20.17571781,0.026707273,372.6831063,0,-1759.663437,0,-32.112858
Aug 1982,Curry,Historic,Historic,Historic,130.987,0,0,0,0.045862135,0.359708438,52.24499166,14.71011555,0.024248518,0,0.140965127,0,130.9627515,0.172881175,37.22102981,0.024248518,168.380911,0,-1780.020544,0,-20.357107
Sep 1982,Curry,Historic,Historic,Historic,87.98279688,0,0,0,0.045862135,0.359608247,48.58510336,13.66408405,0.019712516,0,0.142655495,0,87.96308436,0.171090617,34.6072732,0.019712516,122.7611607,0,-1817.414455,0,-37.3939110000001
Oct 1982,Curry,Historic,Historic,Historic,100.081,0,0,0,0.045862135,0.359508047,15.7428088,4.27671673,0.010155813,0,0.146240583,0,100.0708442,0.167405329,11.15244616,0.010155813,111.4008515,0,-1852.192818,0,-34.7783629999999
Nov 1982,Curry,Historic,Historic,Historic,60.3015,0,0,0,0.045862135,0.359407839,0.860340409,0.022885702,0,0,0.153545261,0,60.3015,0.160000443,0.523909003,0,60.98540945,0,-1863.51267,0,-11.3198520000001
Dec 1982,Curry,Historic,Historic,Historic,92.21860156,0,0,0,0.045862135,0.359307622,0.859950116,0.022864672,0,0,0.154374812,0,92.21860156,0.159070675,0.523639956,0,92.90131219,0,-1864.196579,0,-0.683908999999858
Jan 1983,Curry,Historic,Historic,Historic,68.11129688,0,0,0,0.045810922,0.360927579,0.861860476,0.022206945,0,0,0.153730734,0,68.11129688,0.161385923,0.524536875,0,68.79721967,0,-1864.87929,0,-0.682711000000154
Feb 1983,Curry,Historic,Historic,Historic,61.96510156,0,0,0,0.045810922,0.360826848,0.861470646,0.022186517,0,0,0.152257308,0,61.96510156,0.162758618,0.524268203,0,62.65212838,0,-1865.565213,0,-0.685923000000003
Mar 1983,Curry,Historic,Historic,Historic,47.18210156,0,0,0,0.045810922,0.360726108,0.861080785,0.022166089,7.42e-05,0,0.148472924,0,47.18202736,0.166442262,0.52399951,7.42e-05,47.87254333,0,-1866.25224,0,-0.687026999999944
Apr 1983,Curry,Historic,Historic,Historic,58.22419922,0,0,0,0.045810922,0.36062536,31.40822149,8.753680996,0.01642502,0,0.147700943,0,58.2077742,0.167113495,22.33972606,0.01642502,80.73103877,0,-1866.942681,0,-0.690440999999964
May 1983,Curry,Historic,Historic,Historic,83.508,0,0,0,0.045810922,0.360524603,40.00568638,11.21122331,0.023634583,0,0.14687654,0,83.48436542,0.167837141,28.47974939,0.023634583,112.1555865,0,-1889.449521,0,-22.50684
Jun 1983,Curry,Historic,Historic,Historic,122.12,0,0,0,0.045810922,0.360423838,43.77094765,12.28755557,0.027029664,0,0.145376431,0,122.0929703,0.169236485,31.16877917,0.027029664,153.4580157,0,-1918.097108,0,-28.6475869999999
Jul 1983,Curry,Historic,Historic,Historic,73.00160156,0,0,0,0.045810922,0.360323064,56.45026776,15.91183256,0.02904229,0,0.153956542,0,72.97255927,0.1605556,40.22392305,0.02904229,113.3860802,0,-1949.435123,0,-31.338015
Aug 1983,Curry,Historic,Historic,Historic,52.26489844,0,0,0,0.045810922,0.360222281,55.33926296,15.59436021,0.026318341,0,0.150867512,0,52.2385801,0.163543847,39.43049139,0.026318341,91.85893368,0,-1989.819602,0,-40.3844790000001
Sep 1983,Curry,Historic,Historic,Historic,46.42869922,0,0,0,0.045810922,0.36012149,47.60144608,13.38271695,0.021473393,0,0.152001294,0,46.40722583,0.162309275,33.90441856,0.021473393,80.49542706,0,-2029.413637,0,-39.5940350000001
Oct 1983,Curry,Historic,Historic,Historic,254.406,0,0,0,0.045810922,0.360020691,6.728054992,1.699786447,0.01260506,0,0.151926084,0,254.3933949,0.162283685,4.714058776,0.01260506,259.2823425,0,-2063.480365,0,-34.0667279999998
Nov 1983,Curry,Historic,Historic,Historic,40.14210156,0,0,0,0.045810922,0.359919882,0.857960759,0.022002601,0.001442181,0,0.154177308,0,40.14065938,0.159931652,0.521849197,0.001442181,40.82388241,0,-2068.356707,0,-4.87634200000002
Dec 1983,Curry,Historic,Historic,Historic,37.90560156,0,0,0,0.045810922,0.359819066,0.857570613,0.021982158,0,0,0.155417091,0,37.90560156,0.158591052,0.521580312,0,38.58577293,0,-2069.038488,0,-0.681781000000228
Jan 1984,Curry,Historic,Historic,Historic,21.17940039,0,0,0,0.045761416,0.361432452,0.859489412,0.021332294,0,0,0.15475103,0,21.17940039,0.160920005,0.522486082,0,21.86280648,0,-2069.71866,0,-0.680171999999857
Feb 1984,Curry,Historic,Historic,Historic,6.490120117,0,0,0,0.045761416,0.36133112,0.85909973,0.021312454,0,0,0.15588547,0,6.490120117,0.159684234,0.522217572,0,7.172021924,0,-2070.402066,0,-0.683406000000105
Mar 1984,Curry,Historic,Historic,Historic,47.17810156,0,0,0,0.045761416,0.36122978,0.858710017,0.021292613,0,0,0.152613769,0,47.17810156,0.162854595,0.52194904,0,47.8629052,0,-2071.083967,0,-0.681900999999925
Apr 1984,Curry,Historic,Historic,Historic,63.304,0,0,0,0.045761416,0.361128431,0.858320272,0.02127277,0.003765245,0,0.151853113,0,63.30023476,0.163513902,0.521680487,0.003765245,63.98919439,0,-2071.768771,0,-0.684803999999986
May 1984,Curry,Historic,Historic,Historic,178.921,0,0,0,0.045761416,0.361027074,33.12728978,9.244946146,0.024351039,0,0.150864525,0,178.896649,0.164401132,23.56707797,0.024351039,202.6524791,0,-2072.453966,0,-0.685195000000022
Jun 1984,Curry,Historic,Historic,Historic,277.398,0,0,0,0.045761416,0.360925707,28.86137257,8.025691798,0.025851546,0,0.151084886,0,277.3721485,0.164079405,20.52051648,0.025851546,298.0825959,0,-2096.185445,0,-23.731479
Jul 1984,Curry,Historic,Historic,Historic,166.957,0,0,0,0.045761416,0.360824333,44.25409087,12.42555191,0.026486865,0,0.146292193,0,166.9305131,0.168770724,31.51347604,0.026486865,198.6392468,0,-2116.87004,0,-20.6845949999997
Aug 1984,Curry,Historic,Historic,Historic,370.81,0,0,0,0.045761416,0.360722949,17.33005906,4.729828797,0.022256067,0,0.141283023,0,370.7877439,0.17367851,12.28526873,0.022256067,383.2689472,0,-2148.552287,0,-31.6822470000002
Sep 1984,Curry,Historic,Historic,Historic,46.3885,0,0,0,0.045761416,0.360621557,46.03645533,12.93519619,0.019245441,0,0.152368698,0,46.36925456,0.162491443,32.786399,0.019245441,79.33739045,0,-2161.011235,0,-12.458948
Oct 1984,Curry,Historic,Historic,Historic,257.946,0,0,0,0.045761416,0.360520157,0.855981143,0.021153681,0.008627651,0,0.153283305,0,257.9373723,0.161475435,0.520068721,0.008627651,258.6275442,0,-2193.960125,0,-32.9488900000001
Nov 1984,Curry,Historic,Historic,Historic,104.443,0,0,0,0.045761416,0.360418747,0.855591178,0.021133828,0,0,0.153351812,0,104.443,0.161305519,0.519800019,0,105.1241055,0,-2194.641669,0,-0.681544000000031
Dec 1984,Curry,Historic,Historic,Historic,78.90420313,0,0,0,0.045761416,0.36031733,0.855201181,0.021113973,0,0,0.154843012,0,78.90420313,0.159712902,0.519531295,0,79.58344732,0,-2195.322775,0,-0.681106
Jan 1985,Curry,Historic,Historic,Historic,37.43510156,0,0,0,0.051973541,0.361924138,0.864372814,0.02047198,0,0,0.152817046,0,37.43510156,0.157133551,0.533950237,0,38.12618535,0,-2196.002019,0,-0.679243999999926
Feb 1985,Curry,Historic,Historic,Historic,20.12419922,0,0,0,0.051973541,0.361822205,0.863983281,0.020452729,0,0,0.151923597,0,20.12419922,0.157925067,0.533681888,0,20.81580617,0,-2196.693103,0,-0.691084000000046
Mar 1985,Curry,Historic,Historic,Historic,181.765,0,0,0,0.051973541,0.361720263,0.863593717,0.020433477,0.000707444,0,0.149618106,0,181.7642926,0.160128616,0.533413519,0.000707444,182.4585421,0,-2197.38471,0,-0.691606999999749
Apr 1985,Curry,Historic,Historic,Historic,90.76839844,0,0,0,0.051973541,0.361618312,36.17745967,10.11444357,0.019364525,0,0.149076923,0,90.74903391,0.160567848,25.75337133,0.019364525,116.6823376,0,-2198.078252,0,-0.693541999999979
May 1985,Curry,Historic,Historic,Historic,210.282,0,0,0,0.051973541,0.361516353,28.1912089,7.831790416,0.023340596,0,0.141154752,0,210.2586594,0.16838806,20.04987567,0.023340596,230.5002637,0,-2223.992191,0,-25.913939
Jun 1985,Curry,Historic,Historic,Historic,209.441,0,0,0,0.051973541,0.361414385,37.84342633,10.59081839,0.026819081,0,0.144659112,0,209.4141809,0.164781732,26.94316709,0.026819081,236.5489488,0,-2244.210455,0,-20.2182640000001
Jul 1985,Curry,Historic,Historic,Historic,167.11,0,0,0,0.051973541,0.361312408,46.75817877,13.13905351,0.028510678,0,0.143617627,0,167.0814893,0.16572124,33.30978639,0.028510678,200.5855076,0,-2271.318403,0,-27.1079480000003
Aug 1985,Curry,Historic,Historic,Historic,185.724,0,0,0,0.051973541,0.361210423,40.47200595,11.34234116,0.025936769,0,0.139517449,0,185.6980632,0.169719433,28.82042791,0.025936769,214.7141473,0,-2304.793911,0,-33.475508
Sep 1985,Curry,Historic,Historic,Historic,298.244,0,0,0,0.051973541,0.361108429,13.55900137,3.649770562,0.018965789,0,0.147213032,0,298.2250342,0.161921856,9.600095925,0.018965789,308.0060178,0,-2333.784058,0,-28.990147
Oct 1985,Curry,Historic,Historic,Historic,248.565,0,0,0,0.051973541,0.361006427,2.795139009,0.573180481,0.011410454,0,0.144969995,0,248.5535895,0.16406289,1.912925643,0.011410454,250.6419885,0,-2343.546076,0,-9.7620179999999
Nov 1985,Curry,Historic,Historic,Historic,26.634,0,0,0,0.051973541,0.360904415,0.860476071,0.020279403,0,0,0.15050095,0,26.634,0.158429924,0.531265794,0,27.32369572,0,-2345.623065,0,-2.07698900000014
Dec 1985,Curry,Historic,Historic,Historic,10.654,0,0,0,0.051973541,0.360802395,0.860086224,0.020260137,0,0,0.153141408,0,10.654,0.155687446,0.530997233,0,11.34068468,0,-2346.31276,0,-0.689694999999574
Jan 1986,Curry,Historic,Historic,Historic,0,0,0,0,0.010260689,0.351746861,0.886769143,0.019689249,0,0,0.168511823,0,0,0.172974349,0.525593722,0,0.69856807,0,-2346.999445,0,-0.686685000000125
Feb 1986,Curry,Historic,Historic,Historic,68.44579688,0,0,0,0.010260689,0.351644443,0.886379634,0.019670443,0,0,0.166451048,0,68.44579688,0.174932707,0.525325436,0,69.14605502,0,-2347.698013,0,-0.69856800000025
Mar 1986,Curry,Historic,Historic,Historic,13.92090039,0,0,0,0.010260689,0.351542018,0.964468669,0.042083513,0.001176338,0,0.167642212,0,13.91972405,0.173639117,0.581103827,0.001176338,14.67564333,0,-2348.398271,0,-0.700257999999849
Apr 1986,Curry,Historic,Historic,Historic,36.7695,0,0,0,0.010260689,0.351439583,61.0058468,17.20406785,0.020563738,0,0.166314795,0,36.74893626,0.1748641,43.46060005,0.020563738,80.40496415,0,-2349.153014,0,-0.754742999999962
May 1986,Curry,Historic,Historic,Historic,199.294,0,0,0,0.010260689,0.35133714,39.06665669,10.93318498,0.023780091,0,0.161056571,0,199.2702199,0.18001988,27.79239526,0.023780091,227.2664151,0,-2392.788478,0,-43.635464
Jun 1986,Curry,Historic,Historic,Historic,313.31,0,0,0,0.010260689,0.351234688,33.97870043,9.478964573,0.024527075,0,0.156000138,0,313.2854729,0.184973861,24.15876186,0.024527075,337.6537357,0,-2420.760894,0,-27.9724160000001
Jul 1986,Curry,Historic,Historic,Historic,80.23260156,0,0,0,0.010260689,0.351132228,81.45184393,23.04851503,0.027997334,0,0.162347711,0,80.20460423,0.178523827,58.06245737,0.027997334,138.4735828,0,-2445.104629,0,-24.3437349999999
Aug 1986,Curry,Historic,Historic,Historic,312.777,0,0,0,0.010260689,0.351029758,31.06574105,8.646525691,0.02379515,0,0.156121823,0,312.7532049,0.184647247,22.07844629,0.02379515,335.0400935,0,-2503.345611,0,-58.2409820000003
Sep 1986,Curry,Historic,Historic,Historic,265.918,0,0,0,0.010260689,0.35092728,23.67622395,6.534440024,0.018479871,0,0.155861057,0,265.8995201,0.184805535,16.80111733,0.018479871,282.9039229,0,-2525.608704,0,-22.263093
Oct 1986,Curry,Historic,Historic,Historic,221.085,0,0,0,0.010260689,0.350824794,3.820760051,0.859157836,0.010344093,0,0.161192144,0,221.0746559,0.179371961,2.62103811,0.010344093,223.8854101,0,-2542.594627,0,-16.9859229999997
Nov 1986,Curry,Historic,Historic,Historic,190.528,0,0,0,0.010260689,0.350722298,0.882872641,0.019501123,0,0,0.163004215,0,190.528,0.177457395,0.522909909,0,191.2283673,0,-2545.395037,0,-2.80040999999983
Dec 1986,Curry,Historic,Historic,Historic,108.164,0,0,0,0.010260689,0.350619795,0.882482818,0.019482302,0,0,0.166508981,0,108.164,0.173850125,0.522641411,0,108.8604915,0,-2546.095404,0,-0.700367000000369
Jan 1987,Curry,Historic,Historic,Historic,46.36960156,0,0,0,0.009636681,0.351809214,0.877615775,0.01900075,0,0,0.166128715,0,46.36960156,0.176043818,0.516442492,0,47.06208787,0,-2546.791896,0,-0.696492000000035
Feb 1987,Curry,Historic,Historic,Historic,103.98,0,0,0,0.009636681,0.351706313,0.877226291,0.01898239,0,0,0.164627112,0,103.98,0.177442519,0.51617427,0,104.6736168,0,-2547.484382,0,-0.692485999999917
Mar 1987,Curry,Historic,Historic,Historic,27.21590039,0,0,0,0.009636681,0.351603402,0.876836776,0.018964028,0,0,0.162241273,0,27.21590039,0.179725448,0.515906026,0,27.91153187,0,-2548.177999,0,-0.693616999999904
Apr 1987,Curry,Historic,Historic,Historic,20.47419922,0,0,0,0.009636681,0.351500483,1.072038194,0.074852293,0.00224817,0,0.158855876,0,20.47195105,0.183007926,0.655322099,0.00224817,21.31252924,0,-2548.87363,0,-0.695631000000049
May 1987,Curry,Historic,Historic,Historic,240.883,0,0,0,0.009636681,0.351397555,18.86259699,5.160099133,0.022123996,0,0.151358619,0,240.860876,0.190402255,13.36073699,0.022123996,254.4341392,0,-2549.71196,0,-0.838330000000042
Jun 1987,Curry,Historic,Historic,Historic,193.942,0,0,0,0.009636681,0.351294619,32.85617036,9.160036896,0.026486636,0,0.163061859,0,193.9155134,0.178596078,23.35447553,0.026486636,217.4750716,0,-2563.2631,0,-13.55114
Jul 1987,Curry,Historic,Historic,Historic,70.90070313,0,0,0,0.009636681,0.351191674,50.31751112,14.15118191,0.028070587,0,0.16241679,0,70.87263254,0.179138203,35.82477422,0.028070587,106.9046155,0,-2586.796171,0,-23.5330709999998
Aug 1987,Curry,Historic,Historic,Historic,451.305,0,0,0,0.009636681,0.35108872,12.69651565,3.397899936,0.023749401,0,0.156935633,0,451.2812506,0.184516406,8.957163675,0.023749401,460.4466801,0,-2622.800084,0,-36.003913
Sep 1987,Curry,Historic,Historic,Historic,172.491,0,0,0,0.009636681,0.350985757,23.16027536,6.388895524,0.018331851,0,0.159475473,0,172.4726681,0.181873603,16.43003076,0.018331851,189.1029044,0,-2631.941764,0,-9.14168000000018
Oct 1987,Curry,Historic,Historic,Historic,54.66010156,0,0,0,0.009636681,0.350882786,20.15842443,5.530956266,0.011609537,0,0.165161986,0,54.64849203,0.176084119,14.28622206,0.011609537,69.12240774,0,-2648.553668,0,-16.6119039999999
Nov 1987,Curry,Historic,Historic,Historic,26.21280078,0,0,0,0.009636681,0.350779806,0.873719522,0.018817083,0,0,0.166651138,0,26.21280078,0.174491986,0.513759314,0,26.90105208,0,-2663.015974,0,-14.4623059999999
Dec 1987,Curry,Historic,Historic,Historic,90.02310156,0,0,0,0.009636681,0.350676817,0.873329724,0.018798709,0,0,0.168865405,0,90.02310156,0.172174731,0.51349088,0,90.70876717,0,-2663.704226,0,-0.68825199999992
Jan 1988,Curry,Historic,Historic,Historic,8.246019531,0,0,0,0.00938256,0.351861186,0.872198285,0.018323167,0,0,0.167309756,0,8.246019531,0.17516887,0.511396493,0,8.932584894,0,-2664.389891,0,-0.685664999999972
Feb 1988,Curry,Historic,Historic,Historic,11.3092998,0,0,0,0.00938256,0.351757799,0.871808827,0.018305253,0,0,0.167743118,0,11.3092998,0.174632121,0.511128335,0,11.99506026,0,-2665.076457,0,-0.686566000000312
Mar 1988,Curry,Historic,Historic,Historic,20.93740039,0,0,0,0.00938256,0.351654403,0.871419337,0.018287338,0,0,0.16734118,0,20.93740039,0.174930663,0.510860156,0,21.62319121,0,-2665.762217,0,-0.685759999999846
Apr 1988,Curry,Historic,Historic,Historic,105.562,0,0,0,0.00938256,0.351550999,0.871029815,0.018269422,0.004239076,0,0.163785553,0,105.5577609,0.178382885,0.510591955,0.004239076,106.2509748,0,-2666.448008,0,-0.685790999999881
May 1988,Curry,Historic,Historic,Historic,202.72,0,0,0,0.00938256,0.351447586,22.28437996,6.139035123,0.022763759,0,0.159671239,0,202.6972362,0.182393786,15.80327981,0.022763759,218.7056736,0,-2667.136983,0,-0.688975000000028
Jun 1988,Curry,Historic,Historic,Historic,358.478,0,0,0,0.00938256,0.351344164,18.3206271,5.006151605,0.025925488,0,0.156144127,0,358.4520745,0.185817476,12.97251389,0.025925488,371.6363314,0,-2683.122656,0,-15.9856730000001
Jul 1988,Curry,Historic,Historic,Historic,282.493,0,0,0,0.00938256,0.351240733,24.69203227,6.827411877,0.02474641,0,0.153482478,0,282.4682536,0.188375695,17.52276222,0.02474641,300.2041379,0,-2696.280988,0,-13.158332
Aug 1988,Curry,Historic,Historic,Historic,194.271,0,0,0,0.00938256,0.351137293,30.49230331,8.485422371,0.022802937,0,0.156635911,0,194.2481971,0.185118822,21.6651262,0.022802937,216.121245,0,-2713.992126,0,-17.7111380000001
Sep 1988,Curry,Historic,Historic,Historic,259.184,0,0,0,0.00938256,0.351033845,14.31842609,3.862465205,0.018892506,0,0.157753293,0,259.1651075,0.183897992,10.1143096,0.018892506,269.4822076,0,-2735.842371,0,-21.8502450000001
Oct 1988,Curry,Historic,Historic,Historic,15.8667998,0,0,0,0.00938256,0.350930388,31.77124237,8.851174089,0.013296202,0,0.163546588,0,15.8535036,0.17800124,22.57852045,0.013296202,38.62332149,0,-2746.140578,0,-10.2982069999998
Nov 1988,Curry,Historic,Historic,Historic,12.1615,0,0,0,0.00938256,0.350826923,0.868302286,0.018143968,0,0,0.165941912,0,12.1615,0.17550245,0.508713956,0,12.84571641,0,-2768.8971,0,-22.7565220000001
Dec 1988,Curry,Historic,Historic,Historic,20.96419922,0,0,0,0.00938256,0.350723448,0.867912514,0.01812604,0,0,0.168658075,0,20.96419922,0.172682813,0.508445586,0,21.64532762,0,-2769.581316,0,-0.684215999999651
Jan 1989,Curry,Historic,Historic,Historic,16.0302002,0,0,0,0.01000416,0.351902761,0.87561862,0.017656513,0,0,0.168109814,0,16.0302002,0.173788787,0.516063506,0,16.72005249,0,-2770.262445,0,-0.681129000000055
Feb 1989,Curry,Historic,Historic,Historic,39.36180078,0,0,0,0.01000416,0.351798888,0.875229188,0.017639047,0,0,0.16764144,0,39.36180078,0.174153288,0.515795412,0,40.05174948,0,-2770.952297,0,-0.689851999999973
Mar 1989,Curry,Historic,Historic,Historic,14.1607002,0,0,0,0.01000416,0.351695006,0.874839723,0.01762158,0.000348682,0,0.165455095,0,14.16035151,0.176235752,0.515527297,0.000348682,14.85246324,0,-2771.642246,0,-0.68994900000007
Apr 1989,Curry,Historic,Historic,Historic,13.84290039,0,0,0,0.01000416,0.351591116,67.94922174,19.18988175,0.02105955,0,0.164271828,0,13.82184084,0.177315128,48.41775304,0.02105955,62.43796856,0,-2772.334009,0,-0.691763000000265
May 1989,Curry,Historic,Historic,Historic,58.48069922,0,0,0,0.01000416,0.351487216,73.30481835,20.72078941,0.025369163,0,0.156312392,0,58.45533006,0.185170664,52.24254589,0.025369163,110.9084158,0,-2820.929077,0,-48.5950679999996
Jun 1989,Curry,Historic,Historic,Historic,258.964,0,0,0,0.01000416,0.351383308,40.87698477,11.45189266,0.025964335,0,0.156799695,0,258.9380357,0.184579453,29.08371297,0.025964335,288.2322924,0,-2873.356793,0,-52.4277160000001
Jul 1989,Curry,Historic,Historic,Historic,142.019,0,0,0,0.01000416,0.351279391,67.26919724,18.99578898,0.027214551,0,0.157677568,0,141.9917854,0.183597663,47.93213303,0.027214551,190.1347307,0,-2902.625086,0,-29.2682930000001
Aug 1989,Curry,Historic,Historic,Historic,350.381,0,0,0,0.01000416,0.351175466,27.22774889,7.550659171,0.023117177,0,0.157474433,0,350.3578828,0.183696873,19.33591842,0.023117177,369.9006153,0,-2950.740817,0,-48.1157309999999
Sep 1989,Curry,Historic,Historic,Historic,139.218,0,0,0,0.01000416,0.351071531,43.83059962,12.29641909,0.018429445,0,0.160133094,0,139.1995706,0.180934278,31.19311316,0.018429445,170.5920474,0,-2970.260432,0,-19.5196150000002
Oct 1989,Curry,Historic,Historic,Historic,12.4822002,0,0,0,0.01000416,0.350967588,41.05157632,11.50217251,0.01197666,0,0.166255788,0,12.47022354,0.17470764,29.20844038,0.01197666,41.86534821,0,-3001.634479,0,-31.3740469999998
Nov 1989,Curry,Historic,Historic,Historic,0,0,0,0,0.01000416,0.350863636,0.871722881,0.017481791,0,0,0.167563748,0,0,0.173295728,0.513381614,0,0.686677342,0,-3031.017627,0,-29.3831480000003
Dec 1989,Curry,Historic,Historic,Historic,31.21490039,0,0,0,0.01000416,0.350759675,0.871333135,0.017464312,0,0,0.16872934,0,31.21490039,0.172026175,0.513113308,0,31.90003987,0,-3031.704305,0,-0.686678000000029
Jan 1990,Curry,Historic,Historic,Historic,74.20279688,0,0,0,0.009628377,0.351933926,0.868984295,0.017000806,0,0,0.167198838,0,74.20279688,0.175106712,0.509677939,0,74.88758153,0,-3032.389444,0,-0.685138999999708
Feb 1990,Curry,Historic,Historic,Historic,75.12020313,0,0,0,0.009628377,0.351669992,0.868612616,0.016872715,0,0,0.167120738,0,75.12020313,0.174920877,0.509698285,0,75.80482229,0,-3033.074229,0,-0.68478499999992
Mar 1990,Curry,Historic,Historic,Historic,39.42560156,0,0,0,0.009628377,0.351422153,0.868275805,0.016745251,0.000127756,0,0.166582712,0,39.42547381,0.175211065,0.509736778,0.000127756,40.11054941,0,-3033.758848,0,-0.684619000000112
Apr 1990,Curry,Historic,Historic,Historic,80.998,0,0,0,0.009628377,0.35117384,47.7846259,13.42702131,0.018301399,0,0.166112221,0,80.9796986,0.175433242,34.01605912,0.018301399,115.1894924,0,-3034.443796,0,-0.684948000000077
May 1990,Curry,Historic,Historic,Historic,28.5845,0,0,0,0.009628377,0.350925051,72.58800906,20.51665064,0.023569865,0,0.164141173,0,28.56093014,0.177155502,51.73006174,0.023569865,80.49171724,0,-3068.635288,0,-34.1914919999999
Jun 1990,Curry,Historic,Historic,Historic,0.715945007,0,0,0,0.009628377,0.350675789,103.3690734,29.31490701,0.032575792,0,0.167248162,0,0.683369215,0.17379925,73.71311896,0.032575792,74.60286322,0,-3120.542505,0,-51.9072169999999
Jul 1990,Curry,Historic,Historic,Historic,214.945,0,0,0,0.009628377,0.350426052,51.58322075,14.5126976,0.025941229,0,0.156255107,0,214.9190588,0.184542568,36.72972548,0.025941229,251.859268,0,-3194.429424,0,-73.886919
Aug 1990,Curry,Historic,Historic,Historic,193.892,0,0,0,0.009628377,0.35017584,47.87248971,13.45201221,0.023510012,0,0.153480033,0,193.86849,0.18706743,34.07993003,0.023510012,228.1589975,0,-3231.343692,0,-36.914268
Sep 1990,Curry,Historic,Historic,Historic,221.274,0,0,0,0.009628377,0.349925837,32.08334806,8.938901162,0.018591781,0,0.162350462,0,221.2554082,0.177946999,22.80414944,0.018591781,244.2560964,0,-3265.610689,0,-34.2669970000002
Oct 1990,Curry,Historic,Historic,Historic,39.77930078,0,0,0,0.009628377,0.349675358,27.61008224,7.660256872,0.010176253,0,0.161848384,0,39.76912453,0.178198598,19.60977839,0.010176253,59.56727777,0,-3288.592786,0,-22.9820970000001
Nov 1990,Curry,Historic,Historic,Historic,68.525,0,0,0,0.009628377,0.349424403,0.865556637,0.0157203,0,0,0.164387773,0,68.525,0.175408253,0.510040311,0,69.21044856,0,-3308.380763,0,-19.787977
Dec 1990,Curry,Historic,Historic,Historic,17.996,0,0,0,0.009628377,0.349172971,0.865214018,0.015591534,0,0,0.168567094,0,17.996,0.170977501,0.510077889,0,18.67705539,0,-3309.066211,0,-0.685447999999724
Jan 1991,Curry,Historic,Historic,Historic,52.13910156,0,0,0,0.004732423,0.355989772,0.878920964,0.013660585,0,0,0.169917208,0,52.13910156,0.181340141,0.51400303,0,52.83444473,0,-3309.747266,0,-0.681055000000015
Feb 1991,Curry,Historic,Historic,Historic,4.354060059,0,0,0,0.004732423,0.355733273,0.878549316,0.013547241,0,0,0.172107921,0,4.354060059,0.178892929,0.514001225,0,5.046954212,0,-3310.44261,0,-0.695344000000205
Mar 1991,Curry,Historic,Historic,Historic,54.73369922,0,0,0,0.004732423,0.35547629,0.878176822,0.013433766,6.28416e-05,0,0.16874456,0,54.73363638,0.181999307,0.513999188,6.28416e-05,55.42969771,0,-3311.135504,0,-0.692893999999797
Apr 1991,Curry,Historic,Historic,Historic,0,0,0,0,0.004732423,0.355219512,72.34713475,20.44171379,0.019828639,0,0.170504612,0,-0.019828639,0.179982477,51.55493387,0.019828639,51.73491635,0,-3311.831502,0,-0.695998000000145
May 1991,Curry,Historic,Historic,Historic,129.235,0,0,0,0.004732423,0.354962247,61.23359094,17.26507339,0.025633022,0,0.164654133,0,129.209367,0.185575692,43.61828772,0.025633022,173.0388634,0,-3363.566419,0,-51.7349170000002
Jun 1991,Curry,Historic,Historic,Historic,161.592,0,0,0,0.004732423,0.354704497,65.91273056,18.60252543,0.028048502,0,0.160808009,0,161.5639515,0.189164066,46.96023306,0.028048502,208.7413971,0,-3407.370282,0,-43.8038629999996
Jul 1991,Curry,Historic,Historic,Historic,496.926,0,0,0,0.004732423,0.354446262,26.98855488,7.476649744,0.024493264,0,0.161159471,0,496.9015067,0.188554368,19.1621913,0.024493264,516.2767457,0,-3454.519679,0,-47.1493970000001
Aug 1991,Curry,Historic,Historic,Historic,264.938,0,0,0,0.004732423,0.35418754,39.62888314,11.08968365,0.022363031,0,0.161922275,0,264.915637,0.187532843,28.18974437,0.022363031,293.3152772,0,-3473.870425,0,-19.3507460000001
Sep 1991,Curry,Historic,Historic,Historic,272.148,0,0,0,0.004732423,0.353928333,19.87115703,5.442238968,0.016313252,0,0.163532779,0,272.1316867,0.185663132,14.07972215,0.016313252,286.4133853,0,-3502.247702,0,-28.377277
Oct 1991,Curry,Historic,Historic,Historic,28.87019922,0,0,0,0.004732423,0.35366864,33.27187452,9.272618505,0.010690148,0,0.169242117,0,28.85950907,0.179694101,23.6503198,0.010690148,52.70021312,0,-3516.513087,0,-14.2653849999997
Nov 1991,Curry,Historic,Historic,Historic,112.386,0,0,0,0.004732423,0.353409143,0.875179651,0.012521488,0,0,0.170964757,0,112.386,0.177711964,0.513981442,0,113.0776934,0,-3540.343101,0,-23.8300140000001
Dec 1991,Curry,Historic,Historic,Historic,202.811,0,0,0,0.004732423,0.353149159,0.874802468,0.012406885,0,0,0.170614769,0,202.811,0.177801967,0.513978846,0,203.5027808,0,-3541.034795,0,-0.691694000000098
Jan 1992,Curry,Historic,Historic,Historic,76.30339844,0,0,0,0.005895035,0.358490982,0.907010541,0.010679895,0,0,0.170460553,0,76.30339844,0.182135394,0.543734699,0,77.02926853,0,-3541.726575,0,-0.691780000000108
Feb 1992,Curry,Historic,Historic,Historic,24.43680078,0,0,0,0.005895035,0.358225836,0.906603866,0.010580959,0,0,0.170793632,0,24.43680078,0.181537169,0.543692105,0,25.16203006,0,-3542.452446,0,-0.725870999999643
Mar 1992,Curry,Historic,Historic,Historic,31.04540039,0,0,0,0.005895035,0.357960195,0.906196305,0.01048191,0.000393349,0,0.172084568,0,31.04500704,0.179980593,0.543649234,0.000393349,31.76903022,0,-3543.177675,0,-0.725229000000127
Apr 1992,Curry,Historic,Historic,Historic,71.12670313,0,0,0,0.005895035,0.357694059,47.40177992,13.30053713,0.019201591,0,0.167361885,0,71.10750153,0.18443714,33.74944376,0.019201591,105.060584,0,-3543.901305,0,-0.723629999999957
May 1992,Curry,Historic,Historic,Historic,269.774,0,0,0,0.005895035,0.357428116,23.33432279,6.421247085,0.021451955,0,0.166849742,0,269.752548,0.184683339,16.56154262,0.021451955,286.520226,0,-3577.835186,0,-33.9338809999999
Jun 1992,Curry,Historic,Historic,Historic,289.413,0,0,0,0.005895035,0.357161675,31.59890349,8.783566086,0.026142429,0,0.163820289,0,289.3868576,0.187446352,22.46407076,0.026142429,312.0645171,0,-3594.581412,0,-16.7462260000002
Jul 1992,Curry,Historic,Historic,Historic,140.331,0,0,0,0.005895035,0.356894738,60.62326639,17.07974529,0.027703777,0,0.159018848,0,140.3032962,0.191980855,43.19252139,0.027703777,183.7155022,0,-3617.232929,0,-22.6515169999998
Aug 1992,Curry,Historic,Historic,Historic,236.798,0,0,0,0.005895035,0.356627303,36.33977403,10.13870536,0.023493774,0,0.161477615,0,236.7745062,0.189254653,25.8503364,0.023493774,262.837591,0,-3660.617431,0,-43.3845020000003
Sep 1992,Curry,Historic,Historic,Historic,120.909,0,0,0,0.005895035,0.356359371,45.7331067,12.82366094,0.019563939,0,0.166507797,0,120.8894361,0.183956539,32.55898143,0.019563939,153.651938,0,-3686.657022,0,-26.0395909999997
Oct 1992,Curry,Historic,Historic,Historic,10.1377998,0,0,0,0.005895035,0.356090942,45.85411898,12.85826844,0.013421028,0,0.169883084,0,10.12437878,0.180312823,32.64565463,0.013421028,42.96376726,0,-3719.39996,0,-32.7429380000003
Nov 1992,Curry,Historic,Historic,Historic,38.56589844,0,0,0,0.005895035,0.355822015,0.902914164,0.009685572,0,0,0.171581342,0,38.56589844,0.178345639,0.543301611,0,39.28754569,0,-3752.225927,0,-32.8259669999998
Dec 1992,Curry,Historic,Historic,Historic,49.78089844,0,0,0,0.005895035,0.355553274,0.902501542,0.009585539,0,0,0.172698136,0,49.78089844,0.176960103,0.543257763,0,50.5011163,0,-3752.947575,0,-0.721648000000187
Jan 1993,Curry,Historic,Historic,Historic,58.85419922,0,0,0,0.006853076,0.360835693,0.929926163,0.008065467,0,0,0.173696811,0,58.85419922,0.180285805,0.567878079,0,59.6023631,0,-3753.667792,0,-0.720217000000048
Feb 1993,Curry,Historic,Historic,Historic,21.65459961,0,0,0,0.006853076,0.360561694,0.92948358,0.00798135,0,0,0.173541168,0,21.65459961,0.18016745,0.567793612,0,22.40256067,0,-3754.415956,0,-0.748163999999633
Mar 1993,Curry,Historic,Historic,Historic,52.10119922,0,0,0,0.006853076,0.360287189,0.929040069,0.007897137,4.9431e-06,0,0.17202743,0,52.10119428,0.181406683,0.567708819,4.9431e-06,52.85031472,0,-3755.163917,0,-0.747961000000032
Apr 1993,Curry,Historic,Historic,Historic,29.97869922,0,0,0,0.006853076,0.360012177,57.36008719,16.13787484,0.019429586,0,0.168755695,0,29.95926963,0.184403406,40.86905326,0.019429586,71.03215588,0,-3755.913033,0,-0.749115999999958
May 1993,Curry,Historic,Historic,Historic,97.637,0,0,0,0.006853076,0.359736658,57.66515609,16.22511692,0.023891537,0,0.169883326,0,97.61310846,0.183000256,41.08715559,0.023891537,138.9071558,0,-3796.96649,0,-41.053457
Jun 1993,Curry,Historic,Historic,Historic,157.918,0,0,0,0.006853076,0.35946132,60.21172312,16.95305606,0.028528196,0,0.162263848,0,157.8894718,0.190344396,42.90605882,0.028528196,201.0144032,0,-3838.236645,0,-41.2701550000002
Jul 1993,Curry,Historic,Historic,Historic,273.397,0,0,0,0.006853076,0.359185473,45.05990788,12.62218875,0.02742973,0,0.16677985,0,273.3695703,0.185552547,32.08538674,0.02742973,305.6679393,0,-3881.333049,0,-43.0964039999999
Aug 1993,Curry,Historic,Historic,Historic,220.158,0,0,0,0.006853076,0.358909117,43.54715201,12.18983407,0.024304477,0,0.163339355,0,220.1336955,0.188716686,31.0052619,0.024304477,251.3519786,0,-3913.603988,0,-32.270939
Sep 1993,Curry,Historic,Historic,Historic,101.452,0,0,0,0.006853076,0.358632253,51.55351651,14.4783717,0.020093376,0,0.16973317,0,101.4319066,0.182046007,36.72336564,0.020093376,138.3574116,0,-3944.797967,0,-31.1939790000001
Oct 1993,Curry,Historic,Historic,Historic,93.38020313,0,0,0,0.006853076,0.35835488,9.337569942,2.411644926,0.008107409,0,0.17100086,0,93.37209572,0.180500944,6.574423212,0.008107409,100.1351273,0,-3981.703378,0,-36.9054110000002
Nov 1993,Curry,Historic,Historic,Historic,37.43889844,0,0,0,0.006853076,0.358076999,0.925467355,0.007220071,0,0,0.173140207,0,37.43889844,0.178083716,0.567023361,0,38.18400551,0,-3988.458302,0,-6.75492399999985
Dec 1993,Curry,Historic,Historic,Historic,12.39509961,0,0,0,0.006853076,0.357798609,0.925016945,0.00713501,0,0,0.173643733,0,12.39509961,0.1773018,0.566936403,0,13.13933781,0,-3989.203409,0,-0.745107000000189
Jan 1994,Curry,Historic,Historic,Historic,6.400479981,0,0,0,0.008034388,0.363020519,0.956880623,0.005824847,0,0,0.175146948,0,6.400479981,0.179839183,0.596069645,0,7.176388808,0,-3989.947648,0,-0.744238999999652
Feb 1994,Curry,Historic,Historic,Historic,1.510630005,0,0,0,0.008034388,0.362737458,0.956401237,0.005755965,0,0,0.175195471,0,1.510630005,0.179507599,0.595942202,0,2.286079806,0,-3990.723556,0,-0.775908000000072
Mar 1994,Curry,Historic,Historic,Historic,82.46160156,0,0,0,0.008034388,0.362453879,0.955920883,0.005687005,0.000472249,0,0.171830773,0,82.46112931,0.182588718,0.595814386,0.000472249,83.24000467,0,-3991.499006,0,-0.775450000000092
Apr 1994,Curry,Historic,Historic,Historic,67.65189844,0,0,0,0.008034388,0.362169782,48.11727687,13.48609384,0.019109945,0,0.168506991,0,67.63278849,0.185628403,34.27704764,0.019109945,102.1145745,0,-3992.277409,0,-0.778402999999798
May 1994,Curry,Historic,Historic,Historic,284.371,0,0,0,0.008034388,0.361885166,24.50323725,6.736457531,0.021884911,0,0.163192976,0,284.3491151,0.190657802,17.41292894,0.021884911,301.9745867,0,-4026.740085,0,-34.4626760000001
Jun 1994,Curry,Historic,Historic,Historic,83.25639844,0,0,0,0.008034388,0.361600032,79.16006029,22.35932715,0.030977767,0,0.167061564,0,83.22542067,0.18650408,56.4471675,0.030977767,139.89007,0,-4044.343672,0,-17.6035870000001
Jul 1994,Curry,Historic,Historic,Historic,197.234,0,0,0,0.008034388,0.361314379,55.86904857,15.70202373,0.028976022,0,0.160266719,0,197.205024,0.193013272,39.81374485,0.028976022,237.2407581,0,-4100.977344,0,-56.6336719999999
Aug 1994,Curry,Historic,Historic,Historic,134.421,0,0,0,0.008034388,0.361028893,60.63430061,17.06416566,0.025653646,0,0.163145659,0,134.3953464,0.189848847,43.21714044,0.025653646,177.8279893,0,-4140.984102,0,-40.0067580000004
Sep 1994,Curry,Historic,Historic,Historic,75.57120313,0,0,0,0.008034388,0.360742887,58.45529491,16.44139999,0.020381336,0,0.167294874,0,75.55082179,0.185413625,41.66118642,0.020381336,117.4178032,0,-4184.391091,0,-43.4069890000001
Oct 1994,Curry,Historic,Historic,Historic,79.39420313,0,0,0,0.008034388,0.360456361,32.91395803,9.140876399,0.012250242,0,0.170951439,0,79.38195288,0.181470535,23.42065965,0.012250242,102.9963333,0,-4226.237691,0,-41.8465999999999
Nov 1994,Curry,Historic,Historic,Historic,35.15660156,0,0,0,0.008034388,0.360169315,0.952048971,0.005132563,0,0,0.173089739,0,35.15660156,0.179045188,0.594781481,0,35.93042823,0,-4249.839821,0,-23.6021299999993
Dec 1994,Curry,Historic,Historic,Historic,25.77640039,0,0,0,0.008034388,0.359881748,0.951561339,0.005062912,0,0,0.174411587,0,25.77640039,0.177435773,0.594651067,0,26.54848723,0,-4250.613648,0,-0.773826999999983
Jan 1995,Curry,Historic,Historic,Historic,33.4855,0,0,0,0.009582383,0.365041339,0.990950241,0.003965677,0,0,0.175741663,0,33.4855,0.179717292,0.631525609,0,34.2967429,0,-4251.385735,0,-0.772087000000283
Feb 1995,Curry,Historic,Historic,Historic,4.967459961,0,0,0,0.009582383,0.364749005,0.990433148,0.003912454,0,0,0.175253738,0,4.967459961,0.179912883,0.631354072,0,5.778726916,0,-4252.196978,0,-0.811243000000104
Mar 1995,Curry,Historic,Historic,Historic,42.02519922,0,0,0,0.009582383,0.36445614,0.989915043,0.003859172,0.000256894,0,0.174532425,0,42.02494232,0.180341331,0.631182115,0.000256894,42.83672266,0,-4253.008245,0,-0.811267000000043
Apr 1995,Curry,Historic,Historic,Historic,37.23880078,0,0,0,0.009582383,0.364162745,52.93860438,14.8526771,0.018446396,0,0.171740064,0,37.22035439,0.182840298,37.73134692,0.018446396,75.152988,0,-4253.819768,0,-0.811523000000307
May 1995,Curry,Historic,Historic,Historic,237.033,0,0,0,0.009582383,0.363868821,29.64312288,8.194122189,0.022718279,0,0.170429509,0,237.0102817,0.183856928,21.09471425,0.022718279,258.3115712,0,-4291.733955,0,-37.9141869999994
Jun 1995,Curry,Historic,Historic,Historic,138.15,0,0,0,0.009582383,0.363574366,60.75718811,17.08768812,0.027431816,0,0.164992617,0,138.1225682,0.188999366,43.31550801,0.027431816,181.6545074,0,-4313.012527,0,-21.2785720000002
Jul 1995,Curry,Historic,Historic,Historic,93.09460156,0,0,0,0.009582383,0.363279382,75.44646964,21.28648594,0.029536104,0,0.156133535,0,93.06506546,0.197563464,53.8062867,0.029536104,147.0984517,0,-4356.517034,0,-43.5045070000006
Aug 1995,Curry,Historic,Historic,Historic,154.863,0,0,0,0.009582383,0.362983867,57.61305771,16.18917915,0.024941558,0,0.167875382,0,154.8380584,0.185526102,41.07047708,0.024941558,196.1190032,0,-4410.520884,0,-54.0038499999991
Sep 1995,Curry,Historic,Historic,Historic,218.455,0,0,0,0.009582383,0.362688506,29.91151646,8.27122127,0.01869293,0,0.169394722,0,218.4363071,0.183711401,21.28718907,0.01869293,239.9259005,0,-4451.776887,0,-41.2560030000004
Oct 1995,Curry,Historic,Historic,Historic,70.89489844,0,0,0,0.009582383,0.362392613,22.01766246,6.014982189,0.010863126,0,0.171210744,0,70.88403531,0.181599485,15.64987004,0.010863126,86.72636796,0,-4473.247788,0,-21.4709009999997
Nov 1995,Curry,Historic,Historic,Historic,1.160550049,0,0,0,0.009582383,0.362096188,0.985738136,0.00343078,0,0,0.17201647,0,1.160550049,0.180497334,0.629793552,0,1.970840936,0,-4489.079257,0,-15.8314690000007
Dec 1995,Curry,Historic,Historic,Historic,38.88519922,0,0,0,0.009582383,0.361799231,0.985212368,0.003376965,0,0,0.173793099,0,38.88519922,0.178423748,0.629618556,0,39.69324152,0,-4489.889548,0,-0.810290999999779
Jan 1996,Curry,Historic,Historic,Historic,6.593529785,0,0,0,0.007337017,0.357036555,1.018014356,0.002823634,0,0,0.172266604,0,6.593529785,0.177432935,0.665491185,0,7.436453904,0,-4490.69759,0,-0.808041999999659
Feb 1996,Curry,Historic,Historic,Historic,11.4367998,0,0,0,0.007337017,0.356739442,1.017492495,0.002766304,0,0,0.172419203,0,11.4367998,0.176983223,0.665323766,0,12.27910679,0,-4491.540515,0,-0.842924999999923
Mar 1996,Curry,Historic,Historic,Historic,0,0,0,0,0.007337017,0.356442475,1.01697106,0.002708916,0,0,0.169841196,0,0,0.179264261,0.665156686,0,0.844420947,0,-4492.382822,0,-0.842306999999892
Apr 1996,Curry,Historic,Historic,Historic,0,0,0,0,0.007337017,0.356144975,19.35830987,5.245386525,0.010181333,0,0.168402324,0,-0.010181333,0.180405635,13.76411538,0.010181333,13.94452102,0,-4493.227243,0,-0.844421000000693
May 1996,Curry,Historic,Historic,Historic,25.75069922,0,0,0,0.007337017,0.355846944,83.7119251,23.63995617,0.028333613,0,0.159747891,0,25.72236561,0.188762035,59.723459,0.028333613,85.66292025,0,-4507.171764,0,-13.9445209999994
Jun 1996,Curry,Historic,Historic,Historic,260.827,0,0,0,0.007337017,0.35554838,46.71140317,13.06402621,0.028571228,0,0.16179843,0,260.7984288,0.186412933,33.2991656,0.028571228,294.3125785,0,-4567.083985,0,-59.9122210000005
Jul 1996,Curry,Historic,Historic,Historic,284.675,0,0,0,0.007337017,0.355249284,43.59451498,12.17320487,0.02662438,0,0.158607698,0,284.6483756,0.189304569,31.07339784,0.02662438,315.9377024,0,-4600.569563,0,-33.4855779999998
Aug 1996,Curry,Historic,Historic,Historic,301.673,0,0,0,0.007337017,0.354949656,32.75204331,9.074146177,0.022883655,0,0.159880103,0,301.6501163,0.187732536,23.3302845,0.022883655,325.191017,0,-4631.832266,0,-31.2627030000003
Sep 1996,Curry,Historic,Historic,Historic,173.241,0,0,0,0.007337017,0.354650166,37.09926746,10.31682502,0.017931429,0,0.161928847,0,173.2230686,0.185384302,26.43512929,0.017931429,199.8615136,0,-4655.350283,0,-23.5180169999994
Oct 1996,Curry,Historic,Historic,Historic,84.25710156,0,0,0,0.007337017,0.354350142,24.61392208,6.748176544,0.010813791,0,0.168569607,0,84.24628777,0.178443517,17.51873241,0.010813791,101.9542775,0,-4681.970796,0,-26.6205129999998
Nov 1996,Curry,Historic,Historic,Historic,29.47790039,0,0,0,0.007337017,0.354049584,1.012767438,0.002247525,0,0,0.170461775,0,29.47790039,0.176250791,0.663807346,0,30.31795853,0,-4699.667972,0,-17.6971760000006
Dec 1996,Curry,Historic,Historic,Historic,10.0587002,0,0,0,0.007337017,0.353748492,1.012238315,0.002189566,0,0,0.17043776,0,10.0587002,0.175973715,0.663637275,0,10.89831119,0,-4700.50803,0,-0.840057999999772
Jan 1997,Curry,Historic,Historic,Historic,39.17380078,0,0,0,0.007688671,0.352367649,1.022141608,0.002257768,0,0,0.170134515,0,39.17380078,0.174544463,0.675204863,0,40.02355011,0,-4701.347641,0,-0.839611000000332
Feb 1997,Curry,Historic,Historic,Historic,50.91719922,0,0,0,0.007688671,0.352066412,1.021616475,0.002196241,0,0,0.169124979,0,50.91719922,0.175252761,0.675042493,0,51.76749447,0,-4702.197391,0,-0.849749999999403
Mar 1997,Curry,Historic,Historic,Historic,2.26702002,0,0,0,0.007688671,0.351764643,1.021406193,0.002224929,0.000172876,0,0.166426855,0,2.266847143,0.177649117,0.675105293,0.000172876,3.119774429,0,-4703.047686,0,-0.850295000000187
Apr 1997,Curry,Historic,Historic,Historic,334.441,0,0,0,0.007688671,0.351463003,1.020564594,0.002072986,0.015415771,0,0.162833399,0,334.4255842,0.180940932,0.674717276,0.015415771,335.2966582,0,-4703.90044,0,-0.852754000000459
May 1997,Curry,Historic,Historic,Historic,111.781,0,0,0,0.007688671,0.351160829,54.89776385,15.4021192,0.022295082,0,0.164336564,0,111.7587049,0.179135593,39.15217249,0.022295082,151.1123081,0,-4704.756098,0,-0.855657999999494
Jun 1997,Curry,Historic,Historic,Historic,224.143,0,0,0,0.007688671,0.350858121,47.6958215,13.34364532,0.026984944,0,0.157108621,0,224.1160151,0.186060828,34.00900672,0.026984944,258.3380676,0,-4744.087406,0,-39.3313079999998
Jul 1997,Curry,Historic,Historic,Historic,170.821,0,0,0,0.007688671,0.350554878,62.72560935,17.63976512,0.028640299,0,0.153744093,0,170.7923597,0.189122114,44.74297802,0.028640299,215.7531001,0,-4778.282474,0,-34.195068
Aug 1997,Curry,Historic,Historic,Historic,268.906,0,0,0,0.007688671,0.350251102,37.54433958,10.44218127,0.023979638,0,0.152401362,0,268.8820204,0.190161068,26.75959588,0.023979638,295.8557569,0,-4823.214574,0,-44.9321
Sep 1997,Curry,Historic,Historic,Historic,163.757,0,0,0,0.007688671,0.349946791,44.66858315,12.47862494,0.020102172,0,0.16343382,0,163.7368978,0.1788243,31.84770009,0.020102172,195.7835244,0,-4850.164331,0,-26.9497570000003
Oct 1997,Curry,Historic,Historic,Historic,79.10160156,0,0,0,0.007688671,0.349642602,37.46530902,10.41977088,0.012556385,0,0.165837303,0,79.08904518,0.176116627,26.70358421,0.012556385,105.9813024,0,-4882.190855,0,-32.0265239999999
Nov 1997,Curry,Historic,Historic,Historic,45.97269922,0,0,0,0.007688671,0.349337876,1.016858902,0.00163947,0,0,0.168024104,0,45.97269922,0.173625101,0.673570228,0,46.81989455,0,-4909.070556,0,-26.8797009999998
Dec 1997,Curry,Historic,Historic,Historic,172.87,0,0,0,0.007688671,0.349032615,1.016326466,0.001577268,0,0,0.168528319,0,172.87,0.172815625,0.673405255,0,173.7162209,0,-4909.917752,0,-0.847196000000622
Jan 1998,Curry,Historic,Historic,Historic,0.476867004,0,0,0,0.00955791,0.347658761,1.076370068,0.001599697,0,0,0.16351988,0,0.476867004,0.174580971,0.736669519,0,1.388117495,0,-4910.763973,0,-0.846220999999787
Feb 1998,Curry,Historic,Historic,Historic,47.44819922,0,0,0,0.00955791,0.347353367,1.075841704,0.001533874,0,0,0.166294984,0,47.44819922,0.171500473,0.736512373,0,48.35621207,0,-4911.675223,0,-0.911250000000109
Mar 1998,Curry,Historic,Historic,Historic,104.443,0,0,0,0.00955791,0.347047438,1.075312332,0.001467978,0,0,0.161316524,0,104.443,0.176173004,0.736354827,0,105.3555278,0,-4912.583236,0,-0.90801300000021
Apr 1998,Curry,Historic,Historic,Historic,62.82280078,0,0,0,0.00955791,0.346740975,1.074781954,0.00140201,0.003692395,0,0.163023888,0,62.81910839,0.174159177,0.736196879,0.003692395,63.73315684,0,-4913.495764,0,-0.912527999999838
May 1998,Curry,Historic,Historic,Historic,11.85640039,0,0,0,0.00955791,0.346434624,82.32209078,23.22476392,0.027214578,0,0.159247554,0,11.82918581,0.17762916,58.76045015,0.027214578,70.7944797,0,-4914.40612,0,-0.91035599999941
Jun 1998,Curry,Historic,Historic,Historic,10.79,0,0,0,0.00955791,0.346127738,95.81312214,27.08105056,0.031202697,0,0.164683679,0,10.7587973,0.171886149,68.39550175,0.031202697,79.3573879,0,-4973.344199,0,-58.9380790000005
Jul 1998,Curry,Historic,Historic,Historic,133.896,0,0,0,0.00955791,0.345820315,72.65937742,20.46299952,0.029699854,0,0.153087328,0,133.8663001,0.183175077,51.8601155,0.029699854,185.9392906,0,-5041.911587,0,-68.5673879999995
Aug 1998,Curry,Historic,Historic,Historic,165.308,0,0,0,0.00955791,0.345512356,54.72500518,15.33682495,0.024019048,0,0.153151564,0,165.283981,0.182802882,39.05222579,0.024019048,204.5430287,0,-5093.954878,0,-52.043291
Sep 1998,Curry,Historic,Historic,Historic,29.321,0,0,0,0.00955791,0.345203861,74.91521861,21.10796898,0.021873572,0,0.16188328,0,29.29912643,0.173762671,53.47160368,0.021873572,82.96636635,0,-5133.189906,0,-39.2350280000001
Oct 1998,Curry,Historic,Historic,Historic,446.058,0,0,0,0.00955791,0.344894829,1.071586781,0.001004696,0.013016511,0,0.160622737,0,446.0449835,0.174714183,0.735245165,0.013016511,446.9679593,0,-5186.835273,0,-53.6453670000001
Nov 1998,Curry,Historic,Historic,Historic,64.59489844,0,0,0,0.00955791,0.344585904,1.071052088,0.000938225,0.001501609,0,0.163354856,0,64.59339683,0.171673137,0.735085869,0.001501609,65.50165744,0,-5187.745232,0,-0.909959000000526
Dec 1998,Curry,Historic,Historic,Historic,21.715,0,0,0,0.00955791,0.34427644,1.070516381,0.000871682,0,0,0.165491637,0,21.715,0.169226893,0.734926169,0,22.61915306,0,-5188.651991,0,-0.906758999999511
Jan 1999,Curry,Historic,Historic,Historic,91.33410156,0,0,0,0.009152555,0.342909734,1.055582737,0.000847692,0,0,0.164181427,0,91.33410156,0.169575751,0.720977866,0,92.22465518,0,-5189.556144,0,-0.904153000000406
Feb 1999,Curry,Historic,Historic,Historic,0,0,0,0,0.009152555,0.342600148,1.055051185,0.000777472,0,0,0.162195373,0,0,0.17125222,0.72082612,0,0.89207834,0,-5190.446698,0,-0.890553999999611
Mar 1999,Curry,Historic,Historic,Historic,116.49,0,0,0,0.009152555,0.342290026,1.054518627,0.000707175,0.000442423,0,0.161086683,0,116.4895576,0.172050789,0.72067398,0.000442423,117.3827248,0,-5191.338776,0,-0.892077999999856
Apr 1999,Curry,Historic,Historic,Historic,133.522,0,0,0,0.009152555,0.341979368,34.70294055,9.618666088,0.0179398,0,0.16003377,0,133.5040602,0.172793043,24.75144765,0.0179398,158.4462407,0,-5192.231501,0,-0.89272500000061
May 1999,Curry,Historic,Historic,Historic,274.154,0,0,0,0.009152555,0.341668808,24.91546126,6.821149696,0.022174761,0,0.14386286,0,274.1318252,0.188653393,17.76179531,0.022174761,292.1044487,0,-5217.155741,0,-24.9242399999994
Jun 1999,Curry,Historic,Historic,Historic,211.55,0,0,0,0.009152555,0.341357709,49.37368387,13.81223346,0.026714813,0,0.154944121,0,211.5232852,0.177261033,35.22924526,0.026714813,246.9565063,0,-5235.10619,0,-17.9504490000008
Jul 1999,Curry,Historic,Historic,Historic,180.232,0,0,0,0.009152555,0.341046072,59.43831796,16.68913458,0.02718388,0,0.150248926,0,180.2048161,0.181644591,42.41728986,0.02718388,222.8309345,0,-5270.512696,0,-35.4065059999994
Aug 1999,Curry,Historic,Historic,Historic,245.984,0,0,0,0.009152555,0.340733896,42.22769234,11.76982818,0.024879531,0,0.149998877,0,245.9591205,0.181582465,30.12628282,0.024879531,276.2918653,0,-5313.111631,0,-42.598935
Sep 1999,Curry,Historic,Historic,Historic,153.647,0,0,0,0.009152555,0.340421183,41.92582358,11.68362651,0.018657582,0,0.15805905,0,153.6283424,0.173209578,29.91092844,0.018657582,183.731138,0,-5343.419496,0,-30.3078650000007
Oct 1999,Curry,Historic,Historic,Historic,34.58010156,0,0,0,0.009152555,0.340107931,24.54474305,6.715598663,0.009787975,0,0.160605353,0,34.57031359,0.170350023,17.49818901,0.009787975,52.24864059,0,-5373.503634,0,-30.0841379999993
Nov 1999,Curry,Historic,Historic,Historic,0.244671997,0,0,0,0.009152555,0.339794141,1.050231369,0.000142049,0,0,0.162169737,0,0.244671997,0.168471849,0.719447734,0,1.13259158,0,-5391.172173,0,-17.6685390000002
Dec 1999,Curry,Historic,Historic,Historic,45.02539844,0,0,0,0.009152555,0.33948044,1.049692435,7.10632e-05,0,0,0.162884666,0,45.02539844,0.167443219,0.719293486,0,45.91213514,0,-5392.060093,0,-0.887920000000122
Jan 2000,Curry,Historic,Historic,Historic,1.540890015,0,0,0,0.011561774,0.338121041,1.127693927,0,0,0,0.160465985,0,1.540890015,0.166093283,0.801134659,0,2.508117957,0,-5392.946829,0,-0.886736000000383
Feb 2000,Curry,Historic,Historic,Historic,0,0,0,0,0.011561774,0.338300189,1.128081672,0,0,0,0.160178082,0,0,0.166560332,0.801343258,0,0.96790359,0,-5393.914057,0,-0.967227999999523
Mar 2000,Curry,Historic,Historic,Historic,148.793,0,0,0,0.011561774,0.338472426,1.128454553,0,0.000373464,0,0.156921352,0,148.7926265,0.1699893,0.801543901,0.000373464,149.7645332,0,-5394.881961,0,-0.96790400000009
Apr 2000,Curry,Historic,Historic,Historic,44.33969922,0,0,0,0.011561774,0.338644629,57.9286041,16.23533058,0.020022793,0,0.157008157,0,44.31967643,0.170074698,41.36619066,0.020022793,85.87596458,0,-5395.853494,0,-0.971532999999909
May 2000,Curry,Historic,Historic,Historic,21.15890039,0,0,0,0.011561774,0.338816797,82.38398778,23.22541417,0.027189009,0,0.156234227,0,21.13171138,0.171020797,58.83131859,0.027189009,80.16123978,0,-5437.38976,0,-41.5362660000001
Jun 2000,Curry,Historic,Historic,Historic,239.467,0,0,0,0.011561774,0.338988931,46.69799322,13.0250225,0.026493356,0,0.152743197,0,239.4405066,0.174683961,33.34554356,0.026493356,272.9872275,0,-5496.392099,0,-59.0023389999997
Jul 2000,Curry,Historic,Historic,Historic,199.593,0,0,0,0.011561774,0.339161031,58.55591257,16.41431737,0.028333932,0,0.151246519,0,199.5646661,0.176352738,41.81399595,0.028333932,241.5833487,0,-5529.912326,0,-33.520227
Aug 2000,Curry,Historic,Historic,Historic,21.51969922,0,0,0,0.011561774,0.33933372,88.93215732,25.09678645,0.026686355,0,0.155259292,0,21.49301286,0.172512655,63.50759893,0.026686355,85.1998108,0,-5571.902675,0,-41.9903490000006
Sep 2000,Curry,Historic,Historic,Historic,0.0133379,0,0,0,0.011561774,0.339506375,79.70162306,22.45827531,0.0224203,0,0.157962961,0,-0.0090824,0.169981641,56.91540315,0.0224203,57.09872269,0,-5635.582787,0,-63.680112
Oct 2000,Curry,Historic,Historic,Historic,391.743,0,0,0,0.011561774,0.339678996,1.131066747,0,0.012033639,0,0.154094689,0,391.7309664,0.174022533,0.802949526,0.012033639,392.7199721,0,-5692.668172,0,-57.0853849999994
Nov 2000,Curry,Historic,Historic,Historic,77.37310156,0,0,0,0.011561774,0.339851581,1.131440399,0,0,0,0.16100428,0,77.37310156,0.167285528,0.803150592,0,78.34353768,0,-5693.645144,0,-0.976972000000387
Dec 2000,Curry,Historic,Historic,Historic,48.64219922,0,0,0,0.011561774,0.340024132,1.131813979,0,0,0,0.162579705,0,48.64219922,0.165882654,0.803351621,0,49.61143349,0,-5694.61558,0,-0.970435999999609
Jan 2001,Curry,Historic,Historic,Historic,83.65270313,0,0,0,0.007273085,0.334063315,1.211267235,0.000333333,0,0,0.160481764,0,83.65270313,0.166308466,0.884143672,0,84.70315526,0,-5695.584814,0,-0.969234000000142
Feb 2001,Curry,Historic,Historic,Historic,27.94640039,0,0,0,0.007273085,0.334233033,1.211639644,0.000333333,0,0,0.159646092,0,27.94640039,0.167313855,0.884346364,0,28.99806061,0,-5696.635266,0,-1.05045200000041
Mar 2001,Curry,Historic,Historic,Historic,168.718,0,0,0,0.007273085,0.334402716,1.212011983,0.000333333,0.000222681,0,0.158012755,0,168.7177773,0.169116876,0.884549018,0.000222681,169.7716659,0,-5697.686926,0,-1.05166000000008
Apr 2001,Curry,Historic,Historic,Historic,4.734689941,0,0,0,0.007273085,0.334572366,40.9471584,11.357899,0.020064721,0,0.160660416,0,4.714625221,0.166638865,29.26196013,0.020064721,34.16328893,0,-5698.740592,0,-1.05366599999979
May 2001,Curry,Historic,Historic,Historic,163.711,0,0,0,0.007273085,0.334741981,28.00126086,7.657409646,0.023382209,0,0.155274423,0,163.6876178,0.172194473,20.01638232,0.023382209,183.8995768,0,-5728.169191,0,-29.4285989999998
Jun 2001,Curry,Historic,Historic,Historic,83.64889844,0,0,0,0.007273085,0.334911563,47.55295064,13.24584896,0.029044229,0,0.156558086,0,83.61985421,0.171080392,33.9794632,0.029044229,117.799442,0,-5748.357768,0,-20.1885769999999
Jul 2001,Curry,Historic,Historic,Historic,111.618,0,0,0,0.007273085,0.335081722,47.70039041,13.28788559,0.029847538,0,0.154676841,0,111.5881525,0.173131796,34.08469618,0.029847538,145.875828,0,-5782.508312,0,-34.1505440000001
Aug 2001,Curry,Historic,Historic,Historic,177.83,0,0,0,0.007273085,0.335251847,32.87005166,9.048757782,0.024697911,0,0.154526158,0,177.8053021,0.173452604,23.49331512,0.024697911,201.4967677,0,-5816.76614,0,-34.2578279999998
Sep 2001,Curry,Historic,Historic,Historic,78.63689844,0,0,0,0.007273085,0.335421938,36.48877099,10.08300559,0.02047559,0,0.152431156,0,78.61642285,0.175717698,26.07761654,0.02047559,104.8902327,0,-5840.432907,0,-23.6667670000006
Oct 2001,Curry,Historic,Historic,Historic,33.59110156,0,0,0,0.007273085,0.335591995,26.19291977,7.139990385,0.012785876,0,0.159023706,0,33.57831569,0.169295204,18.72461048,0.012785876,52.48500724,0,-5866.686242,0,-26.2533349999994
Nov 2001,Curry,Historic,Historic,Historic,114.863,0,0,0,0.007273085,0.335762018,1.214994808,0.000333333,0,0,0.16036486,0,114.863,0.168124072,0.886172542,0,115.9172966,0,-5885.580147,0,-18.8939049999999
Dec 2001,Curry,Historic,Historic,Historic,16.75459961,0,0,0,0.007273085,0.335932618,1.215369174,0.000333333,0,0,0.163139419,0,16.75459961,0.165520114,0.886376308,0,17.80649603,0,-5886.634444,0,-1.05429700000059
Jan 2002,Curry,Historic,Historic,Historic,38.21419922,0,0,0,0.009194533,0.329408999,1.323750417,0.000333333,0,0,0.158050017,0,38.21419922,0.162164449,1.003202618,0,39.37956629,0,-5887.68634,0,-1.05189599999994
Feb 2002,Curry,Historic,Historic,Historic,8.352139648,0,0,0,0.009194533,0.329576126,1.324122265,0.000333333,0,0,0.15815692,0,8.352139648,0.162224673,1.003407339,0,9.51777166,0,-5888.851707,0,-1.16536699999961
Mar 2002,Curry,Historic,Historic,Historic,84.59070313,0,0,0,0.009194533,0.329743219,1.324494043,0.000333333,0,0,0.156755861,0,84.59070313,0.163792826,1.003612024,0,85.75810797,0,-5890.017339,0,-1.16563200000019
Apr 2002,Curry,Historic,Historic,Historic,44.65830078,0,0,0,0.009194533,0.329910279,34.41903204,9.459784775,0.019003206,0,0.156687311,0,44.63929758,0.164028435,24.63853152,0.019003206,69.46086073,0,-5891.184744,0,-1.16740500000014
May 2002,Curry,Historic,Historic,Historic,17.05719922,0,0,0,0.009194533,0.330077904,48.24140733,13.41058864,0.025965094,0,0.157318005,0,17.03123412,0.163565366,34.50993532,0.025965094,51.73069991,0,-5915.987304,0,-24.8025600000001
Jun 2002,Curry,Historic,Historic,Historic,79.88560156,0,0,0,0.009194533,0.330245496,50.44775565,14.04113232,0.030072094,0,0.146562028,0,79.85552947,0.174488935,36.08557237,0.030072094,116.1456629,0,-5950.660805,0,-34.6735010000002
Jul 2002,Curry,Historic,Historic,Historic,129.548,0,0,0,0.009194533,0.330413054,43.17881741,11.96331309,0.027184497,0,0.14527951,0,129.5208155,0.175939011,30.89428579,0.027184497,160.6182248,0,-5986.920866,0,-36.260061
Aug 2002,Curry,Historic,Historic,Historic,239.299,0,0,0,0.009194533,0.330580578,28.11506983,7.65746917,0.025853995,0,0.147173594,0,239.273146,0.174212451,20.13621462,0.025853995,259.6094271,0,-6017.991091,0,-31.0702249999995
Sep 2002,Curry,Historic,Historic,Historic,186.853,0,0,0,0.009194533,0.330748069,23.41771142,6.314695981,0.018766587,0,0.147575239,0,186.8342334,0.173978297,16.7814619,0.018766587,203.8084402,0,-6038.301518,0,-20.3104270000003
Oct 2002,Curry,Historic,Historic,Historic,203.697,0,0,0,0.009194533,0.330916124,5.65351359,1.236970122,0.01035615,0,0.157846624,0,203.6866438,0.163874967,4.094821877,0.01035615,207.9556968,0,-6055.256958,0,-16.9554399999997
Nov 2002,Curry,Historic,Historic,Historic,35.14960156,0,0,0,0.009194533,0.331084146,1.327477639,0.000333333,0,0,0.156920547,0,35.14960156,0.164969066,1.005254693,0,36.31982532,0,-6059.515655,0,-4.25869700000021
Dec 2002,Curry,Historic,Historic,Historic,73.15560156,0,0,0,0.009194533,0.331252135,1.327851429,0.000333333,0,0,0.159193233,0,73.15560156,0.162864368,1.005460494,0,74.32392642,0,-6060.685879,0,-1.17022399999951
Jan 2003,Curry,Historic,Historic,Historic,0,0,0,0,0.010857028,0.324684934,1.420831445,0.000333333,0,0,0.155161515,0,0,0.158666392,1.106670205,0,1.265336597,0,-6061.854204,0,-1.16832500000055
Feb 2003,Curry,Historic,Historic,Historic,22.95819922,0,0,0,0.010857028,0.324849434,1.421202714,0.000333333,0,0,0.155159601,0,22.95819922,0.158832805,1.106876975,0,24.223909,0,-6063.11954,0,-1.26533599999948
Mar 2003,Curry,Historic,Historic,Historic,40.48160156,0,0,0,0.010857028,0.325013901,1.421573915,0.000333333,0.00037651,0,0.151422908,0,40.48122505,0.162733964,1.107083709,0.00037651,41.75141924,0,-6064.38525,0,-1.26571000000058
Apr 2003,Curry,Historic,Historic,Historic,10.7052998,0,0,0,0.010857028,0.325178921,39.53728636,10.895009,0.020572473,0,0.154521454,0,10.68472733,0.159800439,28.32795547,0.020572473,39.19305572,0,-6065.655068,0,-1.26981799999976
May 2003,Curry,Historic,Historic,Historic,76.718,0,0,0,0.010857028,0.325343907,40.98221933,11.30791412,0.026101446,0,0.154396714,0,76.69189855,0.160090166,29.35981833,0.026101446,106.2379085,0,-6094.142824,0,-28.4877559999995
Jun 2003,Curry,Historic,Historic,Historic,327.483,0,0,0,0.010857028,0.325508861,20.1363776,5.349348863,0.026163321,0,0.144038169,0,327.4568367,0.170613664,14.4723769,0.026163321,342.1259906,0,-6123.662732,0,-29.5199080000002
Jul 2003,Curry,Historic,Historic,Historic,23.74559961,0,0,0,0.010857028,0.325673781,57.66522478,16.0762783,0.029099466,0,0.146814409,0,23.71650014,0.168002344,41.27412973,0.029099466,65.18773168,0,-6138.305723,0,-14.6429910000006
Aug 2003,Curry,Historic,Historic,Historic,148.626,0,0,0,0.010857028,0.325838669,37.88207445,10.42146685,0.025759562,0,0.148020381,0,148.6002404,0.166961259,27.14562596,0.025759562,175.9385872,0,-6179.747855,0,-41.4421319999992
Sep 2003,Curry,Historic,Historic,Historic,77.838,0,0,0,0.010857028,0.326004109,35.59502827,9.767643627,0.019134683,0,0.154381271,0,77.81886532,0.16076581,25.51223757,0.019134683,103.5110034,0,-6207.060442,0,-27.3125870000003
Oct 2003,Curry,Historic,Historic,Historic,91.04410156,0,0,0,0.010857028,0.326169515,26.40416654,7.140472389,0.014106149,0,0.15245176,0,91.02999541,0.162860728,18.94838166,0.014106149,110.155344,0,-6232.733445,0,-25.6730029999999
Nov 2003,Curry,Historic,Historic,Historic,31.70190039,0,0,0,0.010857028,0.326334889,1.424555432,0.000333333,0.000617063,0,0.155577265,0,31.70128333,0.159900595,1.108744238,0.000617063,32.97054522,0,-6251.844688,0,-19.1112430000003
Dec 2003,Curry,Historic,Historic,Historic,2.96848999,0,0,0,0.010857028,0.326500229,1.424928629,0.000333333,0,0,0.156738954,0,2.96848999,0.158904247,1.108952095,0,4.236346332,0,-6253.113333,0,-1.26864500000011
Jan 2004,Curry,Historic,Historic,Historic,15.7422998,0,0,0,0.011283756,0.319889193,1.444521072,0.000333333,0,0,0.15305338,0,15.7422998,0.155552057,1.1355823,0,17.03343416,0,-6254.381189,0,-1.26785599999948
Feb 2004,Curry,Historic,Historic,Historic,100.834,0,0,0,0.011283756,0.320051604,1.444893041,0.000333333,0,0,0.153109945,0,100.834,0.155657903,1.13579186,0,102.1254498,0,-6255.672323,0,-1.29113400000006
Mar 2004,Curry,Historic,Historic,Historic,100.957,0,0,0,0.011283756,0.320213981,1.528470188,0.024116255,0.009517133,0,0.150825635,0,100.9474829,0.158104591,1.195423707,0.009517133,102.3105283,0,-6256.963773,0,-1.29145000000062
Apr 2004,Curry,Historic,Historic,Historic,242.729,0,0,0,0.011283756,0.320376326,10.0564797,2.461608526,0.028941861,0,0.14922547,0,242.7000581,0.159867101,7.285778605,0.028941861,250.1746457,0,-6258.317301,0,-1.35352799999964
May 2004,Curry,Historic,Historic,Historic,29.96559961,0,0,0,0.011283756,0.320538638,47.18014916,13.07272436,0.043601594,0,0.152001943,0,29.92199802,0.157252939,33.79816991,0.043601594,63.92102246,0,-6265.762947,0,-7.44564600000012
Jun 2004,Curry,Historic,Historic,Historic,228.225,0,0,0,0.011283756,0.320700918,29.82044751,8.110618065,0.048799398,0,0.143541326,0,228.1762006,0.165875837,21.40041228,0.048799398,249.7912881,0,-6299.71837,0,-33.9554229999994
Jul 2004,Curry,Historic,Historic,Historic,280.704,0,0,0,0.011283756,0.320863738,25.55227572,6.89052111,0.044636574,0,0.138005583,0,280.6593634,0.171574399,18.35217463,0.044636574,299.227749,0,-6321.284658,0,-21.566288
Aug 2004,Curry,Historic,Historic,Historic,280.77,0,0,0,0.011283756,0.321026525,20.24432428,5.373219374,0.038813156,0,0.13847928,0,280.7311868,0.17126349,14.56136213,0.038813156,295.5026256,0,-6339.808407,0,-18.5237490000009
Sep 2004,Curry,Historic,Historic,Historic,313.872,0,0,0,0.011283756,0.32118928,10.58846911,2.613137169,0.031542447,0,0.141401324,0,313.8404576,0.1685042,7.66542642,0.031542447,321.7059306,0,-6354.541033,0,-14.732626
Oct 2004,Curry,Historic,Historic,Historic,297.434,0,0,0,0.011283756,0.321352002,1.929077701,0.13787861,0.020775432,0,0.147231669,0,297.4132246,0.162836577,1.481130844,0.020775432,299.0779674,0,-6362.374963,0,-7.83392999999978
Nov 2004,Curry,Historic,Historic,Historic,196.348,0,0,0,0.011283756,0.321514691,1.4482442,0.000333333,0,0,0.150524272,0,196.348,0.159706663,1.137679931,0,197.6453866,0,-6364.018931,0,-1.6439679999994
Dec 2004,Curry,Historic,Historic,Historic,34.69980078,0,0,0,0.011283756,0.32167792,1.448618082,0.000333333,0,0,0.152976327,0,34.69980078,0.157417838,1.137890584,0,35.9951092,0,-6365.316317,0,-1.29738600000019
Jan 2005,Curry,Historic,Historic,Historic,107.206,0,0,0,0.011591345,0.315023321,1.461110102,0.000333333,0,0,0.146195951,0,107.206,0.157236025,1.157344793,0,108.5205808,0,-6366.611626,0,-1.29530900000009
Feb 2005,Curry,Historic,Historic,Historic,65.05810156,0,0,0,0.011591345,0.315183019,1.461481448,0.000333333,0,0,0.145615824,0,65.05810156,0.157975851,1.15755644,0,66.37363385,0,-6367.926207,0,-1.31458100000054
Mar 2005,Curry,Historic,Historic,Historic,87.15620313,0,0,0,0.011591345,0.315342685,1.461852728,0.000333333,0,0,0.142757026,0,87.15620313,0.160994315,1.157768054,0,88.47496549,0,-6369.241739,0,-1.31553199999962
Apr 2005,Curry,Historic,Historic,Historic,65.62729688,0,0,0,0.011591345,0.315502319,4.924149643,0.989870819,0.013723993,0,0.140121132,0,65.61357288,0.163789843,3.63036785,0.013723993,69.42145457,0,-6370.560501,0,-1.31876199999988
May 2005,Curry,Historic,Historic,Historic,162.009,0,0,0,0.011591345,0.315662482,27.94612322,7.570236562,0.037827191,0,0.139831961,0,161.9711728,0.164239177,20.07181552,0.037827191,182.2450547,0,-6374.354659,0,-3.7941579999997
Jun 2005,Curry,Historic,Historic,Historic,51.30730078,0,0,0,0.011591345,0.315822612,51.4818769,14.29745836,0.050044549,0,0.139698324,0,51.25725623,0.164532944,36.88018727,0.050044549,88.352021,0,-6394.590714,0,-20.2360550000003
Jul 2005,Curry,Historic,Historic,Historic,113.41,0,0,0,0.011591345,0.31598271,44.70214386,12.35947096,0.04914793,0,0.141633397,0,113.3608521,0.162757969,32.03828153,0.04914793,145.6110395,0,-6431.635434,0,-37.0447199999999
Aug 2005,Curry,Historic,Historic,Historic,376.951,0,0,0,0.011591345,0.316142776,15.25683308,3.942881578,0.039477979,0,0.140272178,0,376.911522,0.164279253,11.00940007,0.039477979,388.1246793,0,-6463.836473,0,-32.2010390000005
Sep 2005,Curry,Historic,Historic,Historic,107.597,0,0,0,0.011591345,0.316302809,34.36149572,9.403545144,0.034579785,0,0.145587885,0,107.5624202,0.15912358,24.65323911,0.034579785,132.4093627,0,-6475.010153,0,-11.1736799999999
Oct 2005,Curry,Historic,Historic,Historic,93.69729688,0,0,0,0.011591345,0.316463371,23.18417088,6.208574387,0.021467081,0,0.147765477,0,93.67582979,0.15710655,16.67072446,0.021467081,110.5251279,0,-6499.822515,0,-24.8123619999997
Nov 2005,Curry,Historic,Historic,Historic,3.380800049,0,0,0,0.011591345,0.3166239,1.464832109,0.000333333,0,0,0.150565003,0,3.380800049,0.154467553,1.159466221,0,4.694733822,0,-6516.650346,0,-16.8278310000005
Dec 2005,Curry,Historic,Historic,Historic,0.490923004,0,0,0,0.011591345,0.316784397,1.465205354,0.000333333,0,0,0.151537241,0,0.490923004,0.153655812,1.159678968,0,1.804257784,0,-6517.96428,0,-1.31393399999979
Jan 2006,Curry,Historic,Historic,Historic,3.68498999,0,0,0,0.014432123,0.319077238,1.365408793,0.000583333,0,0,0.150437923,0,3.68498999,0.154207192,1.060180344,0,4.899377527,0,-6519.277615,0,-1.31333499999982
Feb 2006,Curry,Historic,Historic,Historic,4.936339844,0,0,0,0.014432123,0.31923826,1.36578231,0.000583333,0,0,0.150189851,0,4.936339844,0.154616286,1.06039284,0,6.15134897,0,-6520.492002,0,-1.21438699999999
Mar 2006,Curry,Historic,Historic,Historic,51.261,0,0,0,0.014432123,0.319399812,1.366157045,0.000583333,0.000746506,0,0.149705365,0,51.26025349,0.155262324,1.060606022,0.000746506,52.47686835,0,-6521.707012,0,-1.21500999999989
Apr 2006,Curry,Historic,Historic,Historic,29.25290039,0,0,0,0.014432123,0.319561331,48.18918157,13.38410776,0.03615691,0,0.149814102,0,29.21674348,0.155315105,34.49994461,0.03615691,63.9081601,0,-6522.92288,0,-1.21586800000023
May 2006,Curry,Historic,Historic,Historic,44.77269922,0,0,0,0.014432123,0.319722817,56.98646804,15.89856786,0.045625896,0,0.149243685,0,44.72707332,0.15604701,40.78260949,0.045625896,85.71135572,0,-6557.57814,0,-34.6552599999995
Jun 2006,Curry,Historic,Historic,Historic,122.128,0,0,0,0.014432123,0.319884271,54.52121086,15.19380548,0.051224345,0,0.144637339,0,122.0767757,0.160814809,39.02195324,0.051224345,161.310768,0,-6598.516796,0,-40.9386560000003
Jul 2006,Curry,Historic,Historic,Historic,157.609,0,0,0,0.014432123,0.320045693,49.73887519,13.82674235,0.048673616,0,0.136112965,0,157.5603264,0.169500605,35.60651927,0.048673616,193.3850199,0,-6637.699564,0,-39.1827679999997
Aug 2006,Curry,Historic,Historic,Historic,364.656,0,0,0,0.014432123,0.320207643,20.03065911,5.335004601,0.038800445,0,0.137293586,0,364.6171996,0.168481934,14.38987898,0.038800445,379.2143609,0,-6673.475584,0,-35.7760200000002
Sep 2006,Curry,Historic,Historic,Historic,144.256,0,0,0,0.014432123,0.320369561,30.66644297,8.374970227,0.030525184,0,0.142070604,0,144.2254748,0.163866835,21.9855353,0.030525184,166.4054021,0,-6688.033945,0,-14.5583610000003
Oct 2006,Curry,Historic,Historic,Historic,128.387,0,0,0,0.014432123,0.320531447,15.75023273,4.111296753,0.01938128,0,0.146247679,0,128.3676187,0.159851644,11.33283665,0.01938128,139.8796883,0,-6710.183347,0,-22.149402
Nov 2006,Curry,Historic,Historic,Historic,9.061610352,0,0,0,0.014432123,0.320693299,1.369157624,0.000583333,0,0,0.148967221,0,9.061610352,0.157293955,1.062313114,0,10.28121742,0,-6721.676035,0,-11.4926880000003
Dec 2006,Curry,Historic,Historic,Historic,107.55,0,0,0,0.014432123,0.320855119,1.369533034,0.000583333,0,0,0.151289346,0,107.55,0.15513365,1.062526704,0,108.7676604,0,-6722.895642,0,-1.219607
Jan 2007,Curry,Historic,Historic,Historic,69.25029688,0,0,0,0.014617793,0.322186824,1.37767929,0.000583333,0,0,0.149519066,0,69.25029688,0.158049966,1.069526925,0,70.47787377,0,-6724.113303,0,-1.21766099999968
Feb 2007,Curry,Historic,Historic,Historic,16.36940039,0,0,0,0.014617793,0.322349735,1.378056257,0.000583333,0,0,0.148870623,0,16.36940039,0.158861319,1.069740981,0,17.59800269,0,-6725.34088,0,-1.22757699999966
Mar 2007,Curry,Historic,Historic,Historic,220.929,0,0,0,0.014617793,0.322512613,1.378433156,0.000583333,0.004121868,0,0.143857107,0,220.9248781,0.164037713,1.069955002,0.004121868,222.1629927,0,-6726.569482,0,-1.22860200000014
Apr 2007,Curry,Historic,Historic,Historic,41.24319922,0,0,0,0.014617793,0.322675458,38.83051549,10.70556942,0.029232513,0,0.149300175,0,41.21396671,0.158757491,27.8168884,0.029232513,69.21884511,0,-6727.803475,0,-1.23399299999983
May 2007,Curry,Historic,Historic,Historic,193.03,0,0,0,0.014617793,0.32283827,28.60198739,7.781796448,0.036415823,0,0.149899898,0,192.9935842,0.15832058,20.51197046,0.036415823,213.700291,0,-6755.779121,0,-27.9756459999999
Jun 2007,Curry,Historic,Historic,Historic,234.601,0,0,0,0.014617793,0.323001613,33.4467864,9.16649867,0.045037001,0,0.145450207,0,234.555963,0.162933614,23.97190391,0.045037001,258.7358375,0,-6776.449412,0,-20.6702910000004
Jul 2007,Curry,Historic,Historic,Historic,93.68039844,0,0,0,0.014617793,0.323164923,56.36012766,15.71581199,0.046039413,0,0.146587057,0,93.63435902,0.161960074,40.33576854,0.046039413,134.178127,0,-6800.584249,0,-24.1348370000005
Aug 2007,Curry,Historic,Historic,Historic,109.249,0,0,0,0.014617793,0.3233282,52.38285816,14.57886352,0.044084279,0,0.141516124,0,109.2049157,0.167194283,37.49528423,0.044084279,146.9114785,0,-6841.081978,0,-40.4977289999997
Sep 2007,Curry,Historic,Historic,Historic,151.684,0,0,0,0.014617793,0.323491443,35.12530099,9.645951892,0.034262183,0,0.147423612,0,151.6497378,0.161450039,25.17047545,0.034262183,177.0159255,0,-6878.744456,0,-37.6624780000002
Oct 2007,Curry,Historic,Historic,Historic,15.55890039,0,0,0,0.014617793,0.323654654,40.41089889,11.15664968,0.024819907,0,0.152079411,0,15.53408048,0.15695745,28.94521235,0.024819907,44.66107019,0,-6904.076382,0,-25.3319259999998
Nov 2007,Curry,Historic,Historic,Historic,14.043,0,0,0,0.014617793,0.323818395,1.381454885,0.000583333,0,0,0.152774647,0,14.043,0.156425955,1.071670949,0,15.2710969,0,-6933.178552,0,-29.1021700000001
Dec 2007,Curry,Historic,Historic,Historic,65.46980078,0,0,0,0.014617793,0.323982103,1.381833738,0.000583333,0,0,0.153028687,0,65.46980078,0.156335624,1.071886094,0,66.6980225,0,-6934.406649,0,-1.22809699999925
Jan 2008,Curry,Historic,Historic,Historic,0.976539002,0,0,0,0.014100641,0.325322284,1.364552217,0.000583333,0,0,0.152281325,0,0.976539002,0.158940317,1.052747241,0,2.188226559,0,-6935.63487,0,-1.2282210000003
Feb 2008,Curry,Historic,Historic,Historic,20.12180078,0,0,0,0.014100641,0.325486523,1.364931343,0.000583333,0,0,0.154052561,0,20.12180078,0.157333321,1.052962128,0,21.33209623,0,-6936.846558,0,-1.21168800000032
Mar 2008,Curry,Historic,Historic,Historic,14.31759961,0,0,0,0.014100641,0.325650728,1.365310401,0.000583333,0,0,0.153729527,0,14.31759961,0.15782056,1.05317698,0,15.52859715,0,-6938.056853,0,-1.21029499999986
Apr 2008,Curry,Historic,Historic,Historic,28.16030078,0,0,0,0.014100641,0.325815466,2.221065585,0.245078915,0.006458266,0,0.153591041,0,28.15384252,0.158123784,1.664271845,0.006458266,29.98269641,0,-6939.267851,0,-1.21099799999956
May 2008,Curry,Historic,Historic,Historic,129.928,0,0,0,0.014100641,0.325980171,39.37613361,10.86516713,0.041522884,0,0.144989639,0,129.8864771,0.166889891,28.19908695,0.041522884,158.2939768,0,-6941.090246,0,-1.82239500000014
Jun 2008,Curry,Historic,Historic,Historic,133.148,0,0,0,0.014100641,0.326144842,52.32518245,14.56634219,0.053313828,0,0.151619088,0,133.0946862,0.160425113,37.44679606,0.053313828,170.7552212,0,-6969.456223,0,-28.3659770000004
Jul 2008,Curry,Historic,Historic,Historic,298.401,0,0,0,0.014100641,0.326309479,29.04602736,7.912250028,0.042417595,0,0.141801629,0,298.3585824,0.170407209,20.8215685,0.042417595,319.3929757,0,-7007.063444,0,-37.6072210000002
Aug 2008,Curry,Historic,Historic,Historic,295.717,0,0,0,0.014100641,0.326474084,24.77167355,6.690384018,0.040586666,0,0.137685119,0,295.6764133,0.174688324,17.76891609,0.040586666,313.6606044,0,-7028.05542,0,-20.9919759999993
Sep 2008,Curry,Historic,Historic,Historic,82.88579688,0,0,0,0.014100641,0.32663922,41.77292718,11.54981833,0.031680114,0,0.153574695,0,82.85411676,0.158963883,29.91057028,0.031680114,112.955331,0,-7045.999025,0,-17.9436050000004
Oct 2008,Curry,Historic,Historic,Historic,287.841,0,0,0,0.014100641,0.326804323,1.36797344,0.000583333,0.01942494,0,0.149815198,0,287.8215751,0.162888484,1.054686425,0.01942494,289.0585749,0,-7076.068559,0,-30.0695340000002
Nov 2008,Curry,Historic,Historic,Historic,6.712729981,0,0,0,0.014100641,0.326969392,1.368354516,0.000583333,0,0,0.154815855,0,6.712729981,0.158052896,1.054902432,0,7.925685308,0,-7077.286134,0,-1.21757499999967
Dec 2008,Curry,Historic,Historic,Historic,7.460779785,0,0,0,0.014100641,0.327134427,1.368735522,0.000583333,0,0,0.155509674,0,7.460779785,0.157524113,1.055118403,0,8.6734223,0,-7078.499089,0,-1.21295499999997
Jan 2009,Curry,Historic,Historic,Historic,0,0,0,0,0.014902486,0.328483125,1.399195123,0.000583333,0,0,0.155119943,0,0,0.158460695,1.085031151,0,1.243491846,0,-7079.711731,0,-1.21264200000041
Feb 2009,Curry,Historic,Historic,Historic,25.65469922,0,0,0,0.014902486,0.32864926,1.399577688,0.000583333,0,0,0.154725604,0,25.65469922,0.159021171,1.08524758,0,26.89896797,0,-7080.955223,0,-1.24349199999961
Mar 2009,Curry,Historic,Historic,Historic,29.66859961,0,0,0,0.014902486,0.328815362,1.399960183,0.000583333,0.000487328,0,0.152450924,0,29.66811228,0.161461953,1.085463974,0.000487328,30.91552554,0,-7082.199492,0,-1.2442689999998
Apr 2009,Curry,Historic,Historic,Historic,48.67389844,0,0,0,0.014902486,0.328981431,39.79144795,10.97408222,0.033808995,0,0.15386861,0,48.64008944,0.160210335,28.50328679,0.033808995,77.33739556,0,-7083.446418,0,-1.24692600000071
May 2009,Curry,Historic,Historic,Historic,50.45539844,0,0,0,0.014902486,0.329147465,52.25795623,14.53732994,0.042695804,0,0.152505369,0,50.41270263,0.161739611,37.4063813,0.042695804,88.02351935,0,-7112.109915,0,-28.6634969999996
Jun 2009,Curry,Historic,Historic,Historic,110.958,0,0,0,0.014902486,0.329313466,53.89248175,15.00442431,0.051469772,0,0.151678394,0,110.9065302,0.162732586,38.57364646,0.051469772,149.694379,0,-7149.678036,0,-37.5681210000002
Jul 2009,Curry,Historic,Historic,Historic,347.071,0,0,0,0.014902486,0.32948,27.39230222,7.429651553,0.049688701,0,0.136813338,0,347.0213113,0.177764176,19.64807315,0.049688701,366.8968373,0,-7188.414415,0,-38.7363789999999
Aug 2009,Curry,Historic,Historic,Historic,178.485,0,0,0,0.014902486,0.3296465,40.52431448,11.18312291,0.046015615,0,0.143091758,0,178.4389844,0.171652256,29.02644755,0.046015615,207.6830998,0,-7208.240252,0,-19.8258369999994
Sep 2009,Curry,Historic,Historic,Historic,88.89429688,0,0,0,0.014902486,0.329812967,40.6707455,11.22486836,0.033829602,0,0.152183248,0,88.86046727,0.162727233,29.13096666,0.033829602,118.1879908,0,-7237.438352,0,-29.1981000000005
Oct 2009,Curry,Historic,Historic,Historic,153.236,0,0,0,0.014902486,0.329979399,1.402640843,0.000583333,0.012757459,0,0.148852142,0,153.2232425,0.166224771,1.086980597,0.012757459,154.4892054,0,-7266.732046,0,-29.293694
Nov 2009,Curry,Historic,Historic,Historic,13.38959961,0,0,0,0.014902486,0.330145798,1.403024066,0.000583333,0,0,0.155960124,0,13.38959961,0.159283188,1.087197421,0,14.63608022,0,-7267.985251,0,-1.25320499999998
Dec 2009,Curry,Historic,Historic,Historic,55.44989844,0,0,0,0.014902486,0.330312729,1.403408505,0.000583333,0,0,0.156746934,0,55.44989844,0.158663309,1.087414928,0,56.69597667,0,-7269.231732,0,-1.24648100000013
Jan 2010,Curry,Historic,Historic,Historic,81.27670313,0,0,0,0.014327165,0.331670556,1.384037338,0.000583333,0,0,0.157018874,0,81.27670313,0.160324516,1.066110615,0,82.50313826,0,-7270.47781,0,-1.24607800000013
Feb 2010,Curry,Historic,Historic,Historic,79.89139844,0,0,0,0.014327165,0.331917768,1.384596969,0.000583333,0,0,0.155879034,0,79.89139844,0.161711569,1.066423034,0,81.11953304,0,-7271.704245,0,-1.22643499999958
Mar 2010,Curry,Historic,Historic,Historic,96.10039844,0,0,0,0.014327165,0.332144521,1.385110286,0.000583333,8.57209e-06,0,0.150807785,0,96.10038987,0.16700957,1.066709597,8.57209e-06,97.3341176,0,-7272.93238,0,-1.22813500000029
Apr 2010,Curry,Historic,Historic,Historic,109.862,0,0,0,0.014327165,0.332371274,32.16771918,8.799165412,0.033219059,0,0.147047911,0,109.8287809,0.170996197,23.05050966,0.033219059,133.0835059,0,-7274.166099,0,-1.23371899999984
May 2010,Curry,Historic,Historic,Historic,116.333,0,0,0,0.014327165,0.332598595,40.60134687,11.2096393,0.041352075,0,0.152884814,0,116.2916479,0.165386615,29.07343614,0.041352075,145.5718228,0,-7297.387605,0,-23.2215059999999
Jun 2010,Curry,Historic,Historic,Historic,152.889,0,0,0,0.014327165,0.332825916,50.70628654,14.09783167,0.053715908,0,0.146642223,0,152.8352841,0.171856528,36.28995613,0.053715908,189.3508127,0,-7326.626428,0,-29.2388229999997
Jul 2010,Curry,Historic,Historic,Historic,292.307,0,0,0,0.014327165,0.333053237,31.02509552,8.472122981,0.045151418,0,0.146342993,0,292.2618486,0.172383079,22.23424647,0.045151418,314.7136295,0,-7363.08824,0,-36.4618120000005
Aug 2010,Curry,Historic,Historic,Historic,315.669,0,0,0,0.014327165,0.333281127,25.69592861,6.948716251,0.04499408,0,0.143921343,0,315.6240059,0.175032619,18.4282584,0.04499408,334.272291,0,-7385.49487,0,-22.4066300000004
Sep 2010,Curry,Historic,Historic,Historic,101.144,0,0,0,0.014327165,0.333509017,44.28938374,12.26321804,0.037597088,0,0.146005537,0,101.1064029,0.173176314,31.70698385,0.037597088,133.0241602,0,-7404.098161,0,-18.6032909999994
Oct 2010,Curry,Historic,Historic,Historic,59.57389844,0,0,0,0.014327165,0.333736906,34.71443433,9.526220579,0.024799557,0,0.152166056,0,59.54909888,0.167243685,24.86880401,0.024799557,84.60994613,0,-7435.978321,0,-31.8801599999997
Nov 2010,Curry,Historic,Historic,Historic,25.44669922,0,0,0,0.014327165,0.333964796,1.389230971,0.000583333,0,0,0.157920685,0,25.44669922,0.161716945,1.069010007,0,26.67742617,0,-7461.014369,0,-25.0360480000008
Dec 2010,Curry,Historic,Historic,Historic,8.21044043,0,0,0,0.014327165,0.334193254,1.389748147,0.000583333,0,0,0.158842767,0,8.21044043,0.161023321,1.069298726,0,9.440762477,0,-7462.245096,0,-1.23072699999921
Jan 2011,Curry,Historic,Historic,Historic,0.022516701,0,0,0,0.01393107,0.334421711,1.375930779,0.000583333,0,0,0.158778441,0,0.022516701,0.1617122,1.054856804,0,1.239085705,0,-7463.475418,0,-1.23032200000034
Feb 2011,Curry,Historic,Historic,Historic,25.12740039,0,0,0,0.01393107,0.334650169,1.376447955,0.000583333,0,0,0.15898817,0,25.12740039,0.161730929,1.055145523,0,26.34427684,0,-7464.691987,0,-1.21656900000016
Mar 2011,Curry,Historic,Historic,Historic,6.35675,0,0,0,0.01393107,0.334878627,1.380018939,0.001456217,0.000952622,0,0.157548487,0,6.355797378,0.16339907,1.057615165,0.000952622,7.577764235,0,-7465.908863,0,-1.2168759999995
Apr 2011,Curry,Historic,Historic,Historic,0.194906006,0,0,0,0.01393107,0.335107653,52.22651456,14.53498602,0.03888507,0,0.15819402,0,0.156020936,0.162982563,37.37035196,0.03888507,37.72824053,0,-7467.129878,0,-1.22101500000008
May 2011,Curry,Historic,Historic,Historic,0.171529007,0,0,0,0.01393107,0.33533668,60.25987076,16.83104744,0.044937947,0,0.158183103,0,0.12659106,0.163222507,43.10741771,0.044937947,43.44216922,0,-7504.663212,0,-37.5333340000007
Jun 2011,Curry,Historic,Historic,Historic,51.61819922,0,0,0,0.01393107,0.335565706,67.77344629,18.97853766,0.057597243,0,0.157796141,0,51.56060198,0.163838495,48.47327399,0.057597243,100.2553117,0,-7547.933852,0,-43.2706399999997
Jul 2011,Curry,Historic,Historic,Historic,68.8965,0,0,0,0.01393107,0.3357953,66.52073161,18.62032014,0.053766387,0,0.155932864,0,68.84273361,0.165931366,47.57854724,0.053766387,116.6409786,0,-7596.570965,0,-48.6371129999998
Aug 2011,Curry,Historic,Historic,Historic,111.128,0,0,0,0.01393107,0.336024895,55.69155671,15.52482078,0.04944879,0,0.152211532,0,111.0785512,0.169882293,39.84464211,0.04944879,151.1425244,0,-7644.315443,0,-47.7444780000005
Sep 2011,Curry,Historic,Historic,Historic,99.7355,0,0,0,0.01393107,0.336254489,41.94893788,11.59655889,0.03657099,0,0.152900071,0,99.69892901,0.169423348,30.03005557,0.03657099,129.9349789,0,-7684.329968,0,-40.0145249999996
Oct 2011,Curry,Historic,Historic,Historic,98.6825,0,0,0,0.01393107,0.336484084,23.10167673,6.209214589,0.022736028,0,0.157158736,0,98.65976397,0.165394278,16.56990913,0.022736028,115.4178034,0,-7714.529447,0,-30.1994789999999
Nov 2011,Curry,Historic,Historic,Historic,6.961129883,0,0,0,0.01393107,0.336714247,1.381120552,0.000583333,0,0,0.159849221,0,6.961129883,0.162933955,1.057754042,0,8.18181788,0,-7731.26475,0,-16.7353030000004
Dec 2011,Curry,Historic,Historic,Historic,125.656,0,0,0,0.01393107,0.336944409,1.381641588,0.000583333,0,0,0.15976918,0,125.656,0.163244159,1.058044915,0,126.8772891,0,-7732.485438,0,-1.22068799999943
