date,Precipitation,Runoff,SW_In,SW_Out,SW_Diversions,SW_Returns,GW_Diversions,GW_Returns,Recharge,GW_In,SW_to_GW,GW_Out,ET_Land_Surface,ET_SW,ET_Human_Use,ET_GW,ET_Total,Cumulative_Storage_Change_Human_Use,Cumulative_Storage_Change_GW,Monthly_Storage_Change_Human_Use,Monthly_Storage_Change_GW
Jan 1975,395.2517849,0.752891429,0,0,0.410747437,0.358575914,0.995724494,0.318046387,0.624498309,0,0.191512457,0,393.8743952,0.509207448,0.72984963,0,395.1134522,0,0,0,0
Feb 1975,583.1613714,1.331044625,0,0,0.411051371,0.358945123,0.996441075,0.318184792,0.703921672,0,0.344341913,0,581.1264051,0.934596463,0.730362532,0,582.7913641,0,0.13833266,0,0.13833266
Mar 1975,399.8208461,0.582100956,0,0,0.411470553,0.359375891,0.997181662,0.318338932,0.320593057,0,-5.909001729,0,398.9181521,6.439008023,0.730937392,0.002953002,406.0910505,0,0.508339961,0,0.370007301
Apr 1975,131.5849925,1.690318618,0,0,3.391375054,0.842618386,5.215300019,2.945565449,0.450503577,0,-5.041084332,0,129.4441703,4.182646281,4.818491238,0.16482222,138.61013,0,-5.761864441,0,-6.270204402
May 1975,202.3687366,2.188524712,0,0,4.47540284,1.192755411,6.365982449,3.625837946,2.180620542,0,-11.22498327,0,197.9995913,10.13086055,6.022791932,0.580650122,214.733894,0,-12.78700199,0,-7.025137549
Jun 1975,93.39867588,2.997932144,0,0,8.53164286,5.730895029,23.80667166,7.186271226,3.072070224,0,-8.929736206,0,87.32867351,9.126920519,19.42114826,1.072385786,116.9491281,0,-25.15215934,0,-12.36515735
Jul 1975,1689.670199,1.530122823,0,0,5.295227687,3.643419446,14.21728761,4.228525637,2.860823707,0,-7.997856219,0,1685.279252,7.876170801,11.64057021,0.976674984,1705.772668,0,-48.70261154,0,-23.5504522
Aug 1975,881.8387222,2.057206935,0,0,6.392813668,4.094735924,17.00901066,5.332243461,2.644754799,0,-6.066851294,0,877.1367605,5.825980485,13.97484495,0.940341634,897.8779275,0,-64.80508101,0,-16.10246947
Sep 1975,2075.736361,6.930035888,0,0,2.531475694,1.614962151,6.248254706,2.023715583,5.169765892,0,5.438878527,0,2063.636559,0.574643817,5.141052666,0.666098225,2070.018353,0,-80.84428634,0,-16.03920533
Oct 1975,71.93820116,6.690716292,0,0,2.505459868,0.704073395,3.880305843,2.139681675,3.037373819,0,4.531763997,0,62.21011105,0.357565821,3.542010642,0.16345378,66.27314129,0,-75.12627927,0,5.71800707
Nov 1975,369.4410516,1.470299509,0,0,0.4138032,0.362293973,1.002953729,0.319446005,0.757348353,0,-0.736613985,0,367.2134037,2.155404267,0.735016951,0,370.1038249,0,-69.4612194,0,5.66505987
Dec 1975,260.6997356,1.712251465,0,0,0.414110657,0.362668833,1.003684471,0.319587985,0.899418497,0,0.056686842,0,258.0880656,1.604122798,0.73553831,0,260.4277267,0,-70.12399276,0,-0.66277336
Jan 1976,74.20678244,0.786307113,0,0,0.413520462,0.372138495,0.917689204,0.208821207,0.376620832,0,-1.264698665,0,73.04385449,2.009623811,0.750249963,0,75.80372826,0,-69.85198391,0,0.27200885
Feb 1976,322.6515901,0.720242924,0,0,0.413828984,0.372514803,0.918422914,0.208963785,0.307297828,0,-1.825322991,0,321.6240494,2.504251733,0.750773311,0.000164044,324.8792384,0,-71.44892973,0,-1.59694582
Mar 1976,104.6111415,1.366824012,0,0,2.945760079,0.759435853,4.506971606,2.472138257,0.284923906,0,-5.118846443,0,102.9593936,4.29934623,4.221157575,0.12829882,111.6081962,0,-73.67657807,0,-2.22764834
Apr 1976,313.2833631,2.513297628,0,0,3.411321885,0.859072661,5.405805413,2.924835721,1.257479319,0,-3.087903355,0,309.5125862,3.048951758,5.033218917,0.222458787,317.8172156,0,-80.67363278,0,-6.99705471
May 1976,915.3733463,2.711720121,0,0,5.591713808,1.856024694,8.40870051,4.171295291,2.629892848,0,-7.158900022,0,910.0317333,6.134931029,7.973094334,0.695776204,924.8355348,0,-85.20748529,0,-4.53385251
Jun 1976,386.3807485,4.047212922,0,0,8.145881869,5.69160597,24.47333624,7.140666745,3.813936427,0,-3.057709226,0,378.5195992,4.65064625,19.78694539,1.070583807,404.0277746,0,-94.66967389,0,-9.4621886
Jul 1976,1634.093084,1.672583421,0,0,5.383107563,4.031933444,16.1017371,4.441784261,3.001170104,0,-3.091622459,0,1629.41933,3.413031762,13.01112695,0.998039054,1646.841528,0,-112.3167,0,-17.64702611
Aug 1976,859.9403064,2.385505707,0,0,6.342609922,3.930937085,17.17672892,5.449690285,2.819284833,0,-6.196440072,0,854.7355159,6.170272942,14.13871147,0.91163829,875.9561386,0,-125.0651442,0,-12.7484442
Sep 1976,1225.934622,3.314658315,0,0,4.334622668,3.355133838,13.65338421,3.702051394,3.337885917,0,0.201982704,0,1219.282078,2.133186781,10.93082165,0.687197706,1233.033284,0,-141.0809764,0,-16.0158322
Oct 1976,547.4453998,4.790229225,0,0,0.65070622,0.48146422,1.009901054,0.272022278,2.356709636,0,4.071913296,0,540.2984609,0.549073929,0.907120776,0.068989894,541.8236455,0,-148.1796383,0,-7.0986619
Nov 1976,404.9255385,2.341183804,0,0,0.416622725,0.375928446,0.925090417,0.210262342,1.27627594,0,1.770181175,0,401.3080788,0.53030835,0.755522354,0,402.5939095,0,-142.557884,0,5.6217543
Dec 1976,23.27736218,2.011340972,0,0,0.416934892,0.376310601,0.925838604,0.210408532,0.971986232,0,0.665453554,0,20.29403498,1.305263128,0.756054363,0,22.35535247,0,-140.226255,0,2.331629
Jan 1977,466.5447839,1.657534309,0,0,0.412680396,0.376693759,0.921747038,0.210554863,0.917651618,0,1.045489354,0,463.969598,0.576058318,0.747178812,0,465.2928351,0,-139.3042453,0,0.9220097
Feb 1977,332.1687604,2.40763153,0,0,0.41299366,0.377077407,0.922498263,0.210701659,1.020030652,0,1.49744755,0,328.7410982,0.874267726,0.747712857,0,330.3630788,0,-138.0522965,0,1.2519488
Mar 1977,310.2135883,1.492429366,0,0,0.413307142,0.37746151,0.923250978,0.210848913,0.685553285,0,-3.960261112,0,308.0356056,5.416844846,0.748247697,0,314.2006982,0,-136.2466149,0,1.8056816
Apr 1977,657.3908839,1.731420416,0,0,1.936960148,0.802981093,2.559631835,1.210947172,1.337696718,0,-0.734137199,0,654.3217668,1.33157856,2.482663718,0.219984881,658.355994,0,-140.2337248,0,-3.9871099
May 1977,216.0008808,3.593193323,0,0,7.432070639,4.247636815,18.9722562,6.35702417,3.079034854,0,-2.34033728,0,209.3286527,2.74909678,15.79966586,0.864813302,228.7422286,0,-141.1988348,0,-0.96511
Jun 1977,286.2023482,3.626487877,0,0,9.0289977,5.352385391,23.73185512,7.743582519,3.422694759,0,-4.401314302,0,279.1531656,4.351189871,19.66488491,1.090380963,304.2596213,0,-153.9401826,0,-12.7413478
Jul 1977,1436.244447,2.252582463,0,0,6.251686939,3.313788196,15.06364846,5.310854586,3.067581577,0,-3.255015973,0,1430.924283,2.569699692,12.69069262,1.03246802,1447.217144,0,-171.9974557,0,-18.0572731
Aug 1977,1527.814171,2.015230491,0,0,5.557722931,3.102618404,13.77707535,4.701081882,2.82282561,0,-3.842250126,0,1522.976115,3.40237609,11.53109799,0.924419302,1538.834008,0,-182.970152,0,-10.9726963
Sep 1977,704.9180269,6.399587326,0,0,6.325639709,3.24285119,14.91825912,5.374371466,4.099590042,0,1.783417973,0,694.4188496,1.533380834,12.62667617,0.742133922,709.3210405,0,-193.9899893,0,-11.0198373
Oct 1977,649.9533921,5.409729349,0,0,2.918533883,0.837814169,4.605537758,2.410025211,2.92778798,0,3.125123869,0,641.6158748,0.203885766,4.27623226,0.293354251,646.3893471,0,-198.3930028,0,-4.4030135
Nov 1977,289.879468,0.420818806,0,0,0.41589251,0.380589592,0.929334047,0.212047025,0.465652245,0,-0.17170659,0,288.992997,0.557222478,0.752589941,0,290.3028094,0,-194.8289578,0,3.564045
Dec 1977,126.9263672,0.770052313,0,0,0.416147058,0.380946982,0.930091221,0.212189392,0.584433758,0,0.209931964,0,125.5718811,0.524920274,0.753101905,0,126.8499033,0,-195.2522991,0,-0.4233413
Jan 1978,486.4137562,0.765933052,0,0,0.415237467,0.381337609,0.929566509,0.212340352,0.56336473,0,0.182023803,0,485.0844584,0.550009391,0.751126015,0,486.3855938,0,-195.1758352,0,0.0764639
Feb 1978,661.3915222,0.818166748,0,0,0.415555506,0.3817287,0.930335431,0.212491375,0.404834007,0,-0.326314245,0,660.1685214,1.110654187,0.751670862,0,662.0308465,0,-195.1476729,0,0.0281623
Mar 1978,390.8569486,1.010937145,0,0,0.559948095,0.456624909,0.95182464,0.231269021,0.458190959,0,-2.500661756,0,389.3878205,3.408275714,0.823878805,0.022568123,393.6425431,0,-195.7869972,0,-0.6393243
Apr 1978,44.13455318,3.828876931,0,0,4.055695899,0.951883363,6.484768618,3.565378127,2.803356002,0,0.194641867,0,37.50232025,0.530422528,6.023203026,0.476062304,44.5320081,0,-198.5725917,0,-2.7855945
May 1978,929.7194573,6.260308353,0,0,5.571126248,2.575404382,11.66048187,4.536825128,4.334841095,0,-4.179833807,0,919.1243079,7.444420294,10.11937861,0.844525817,937.5326326,0,-198.9700466,0,-0.3974549
Jun 1978,919.7772972,2.626206152,0,0,7.239445172,3.721609856,16.24922894,5.866940183,3.28285288,0,-6.130646242,0,913.8682381,5.239017077,13.90012407,1.081555831,934.0889351,0,-206.7832219,0,-7.8131753
Jul 1978,583.0967236,3.444088882,0,0,8.75373438,4.243275859,19.33180544,7.225951429,3.152136391,0,-5.537345442,0,576.5004983,4.470975804,16.61631253,1.093262771,598.6810494,0,-221.0948598,0,-14.3116379
Aug 1978,1430.852413,2.022193313,0,0,5.953196773,2.969858564,13.14238675,4.836948401,2.654847166,0,-6.755731472,0,1426.175373,5.794586575,11.28877656,0.914619109,1444.173355,0,-236.6791857,0,-15.5843259
Sep 1978,1373.300704,1.231903274,0,0,4.802831857,2.772216,11.40193435,3.802336401,2.097628966,0,-3.482097556,0,1369.971171,2.683384972,9.63021381,0.692222886,1382.976993,0,-250.0001274,0,-13.3209417
Oct 1978,1162.860807,3.860509134,0,0,1.974241565,0.672557438,3.155776682,1.554943758,2.579619862,0,2.186950946,0,1156.420678,0.371874062,2.902517051,0.309599559,1160.004668,0,-259.6764169,0,-9.6762895
Nov 1978,1534.367573,1.137864388,0,0,0.418435571,0.385276674,0.93732627,0.2138685,0.882727418,0,0.48865547,0,1532.346982,0.61605002,0.756616666,0,1533.719648,0,-256.8202785,0,2.8561384
Dec 1978,652.284077,1.654227268,0,0,0.418757406,0.385673911,0.938110889,0.214023576,1.065223964,0,1.011693292,0,649.5646257,0.609450481,0.757170808,0,650.931247,0,-256.1723534,0,0.6479251
Jan 1979,765.4097768,0.970883021,0,0,0.416592426,0.386072195,0.936268475,0.214178801,0.66725455,0,0.316836849,0,763.7716393,0.623525941,0.752609905,0,765.1477751,0,-254.8195235,0,1.3528299
Feb 1979,419.2121067,0.423918429,0,0,0.416915391,0.38647098,0.937056219,0.214334491,0.400594399,0,-0.286781184,0,418.3875939,0.680255202,0.753166139,0,419.8210152,0,-254.5575218,0,0.2620017
Mar 1979,67.43489733,0.394339488,0,0,0.418710297,0.387629726,0.938050528,0.214680514,0.288886528,0,-6.812469337,0,66.75167131,7.175728253,0.754450586,0.000227865,74.68207801,0,-255.1664303,0,-0.6089085
Apr 1979,164.9179714,2.677494502,0,0,3.724760255,0.887803566,6.004335338,3.283493819,1.109110564,0,-7.534663782,0,161.1313664,7.375201594,5.557798209,0.230787574,174.2951537,0,-262.413611,0,-7.2471807
May 1979,1014.675231,3.780561553,0,0,5.076092649,1.542931678,7.384066914,3.865983822,3.34666404,0,-7.318772422,0,1007.548005,7.566173004,7.051244063,0.704362379,1022.869785,0,-271.7907933,0,-9.3771823
Jun 1979,1192.670775,3.691354255,0,0,6.223195488,3.081021674,13.49090191,5.012851495,3.861380923,0,-10.29588486,0,1185.11804,10.8450653,11.62022423,1.002882893,1208.586212,0,-279.9853471,0,-8.1945538
Jul 1979,1114.621115,2.687871919,0,0,7.287036872,3.877655222,17.22978019,6.058520028,3.183187862,0,-12.20782556,0,1108.750055,11.48631583,14.58064182,1.083572368,1135.900585,0,-295.9007844,0,-15.9154373
Aug 1979,1797.416393,1.574491662,0,0,4.762395701,2.890360081,12.16124918,3.914808336,2.946076179,0,-2.290718528,0,1792.895825,1.993174571,10.11847647,0.907588284,1805.915064,0,-317.1802546,0,-21.2794702
Sep 1979,926.187741,2.263809798,0,0,5.926650971,2.941190467,13.06733364,4.82999294,2.381294745,0,-3.091408014,0,921.5426365,2.369757308,11.22280121,0.754780493,935.8899755,0,-325.6789261,0,-8.4986715
Oct 1979,211.8254601,8.33199582,0,0,3.349751188,0.945647874,5.083057721,2.716594352,3.784973835,0,4.550430442,0,199.7084904,1.377462064,4.770566683,0.284605296,206.1411245,0,-335.3811605,0,-9.7022344
Nov 1979,230.349002,0.64400035,0,0,0.41983999,0.390088658,0.944217238,0.215753669,0.471310035,0,-2.119628911,0,229.2336917,2.733877929,0.758214901,0,232.7257845,0,-329.6968249,0,5.6843356
Dec 1979,527.9342995,2.720222762,0,0,0.420167448,0.390494265,0.945021616,0.215913506,1.143136837,0,0.132025274,0,524.07094,2.558524305,0.758781292,0,527.3882455,0,-332.0736074,0,-2.3767825
Jan 1980,500.5188052,1.067232407,0,0,0.42558776,0.390900372,0.951247054,0.216073414,0.518612531,0,-1.264427053,0,498.9329602,2.296972072,0.769861028,0,501.9997933,0,-331.5275534,0,0.546054
Feb 1980,471.6940228,0.735623925,0,0,0.426738687,0.390534525,0.947994358,0.215455731,0.32244974,0,-3.231897359,0,470.6359491,3.931317122,0.768742789,0,475.336009,0,-333.0085415,0,-1.4809881
Mar 1980,167.9387199,0.009633037,0,0,1.104110041,0.739905095,1.041638578,0.302670139,0.08059871,0,-6.001518542,0,167.8484882,5.646946633,1.103173385,0,174.5986082,0,-336.6505278,0,-3.6419863
Apr 1980,304.7916075,0.079731697,0,0,1.334459563,0.844819092,1.180701339,0.379122777,0.346064869,0,-5.754273427,0,304.3658109,5.344364654,1.291219033,0.039929926,311.0413246,0,-343.3104161,0,-6.6598883
May 1980,500.0664562,2.362773608,0,0,4.389915273,1.199439263,6.524925043,3.540863321,2.515081932,0,-9.426452381,0,495.1886006,8.59874998,6.174537732,0.641330265,510.6032186,0,-349.5601331,0,-6.249717
Jun 1980,145.8209016,3.863751105,0,0,9.524618044,5.506240349,24.26796107,8.044430097,3.801850381,0,-10.39149406,0,138.1553002,10.23686747,20.24190867,1.18051925,169.8145955,0,-360.0968955,0,-10.5367624
Jul 1980,434.6271984,3.03342252,0,0,9.039067093,5.213737746,22.9788518,7.628405357,3.267518627,0,-8.066006348,0,428.3262573,7.274099521,19.17577579,1.150489472,455.926622,0,-384.0905894,0,-23.9936939
Aug 1980,1616.832736,1.273968737,0,0,5.359934669,2.973101011,12.58207656,4.313561086,2.529109052,0,-4.672883587,0,1613.029659,3.560018666,10.65534913,0.929386984,1628.174413,0,-405.3900131,0,-21.2994237
Sep 1980,2234.738629,1.098876766,0,0,3.653089045,2.443909319,8.934727342,2.653471119,2.568442135,0,-0.535299526,0,2231.071311,0.424996566,7.490435949,0.717534111,2239.704277,0,-416.7316901,0,-11.341677
Oct 1980,186.2646792,6.147205101,0,0,1.641548163,0.696575013,2.358780879,1.078471904,2.730307643,0,3.718648555,0,177.3871665,1.483583396,2.225282125,0.10340911,181.1994411,0,-421.6973378,0,-4.9656477
Nov 1980,335.9195323,1.125913527,0,0,0.44388928,0.397667744,0.943787882,0.216066192,0.581039563,0,-1.290553662,0,334.2125792,2.370245653,0.773943226,0,337.3567681,0,-416.6320997,0,5.0652381
Dec 1980,146.1410044,0.985297215,0,0,0.445814663,0.398467704,0.943310239,0.216133152,0.600080595,0,-1.240523934,0,144.5556266,2.178474189,0.774524047,0,147.5086249,0,-418.0693355,0,-1.4372358
Jan 1981,315.5490826,0.2707487,0,0,0.479349253,0.413060163,0.806499003,0.139830444,0.331546418,0,-2.812716851,0,314.9467874,3.017176461,0.732957649,0,318.6969216,0,-419.4369559,0,-1.3676204
Feb 1981,182.278524,0.83665036,0,0,0.481282729,0.413864469,0.80601858,0.139896972,0.367454346,0,-2.33994306,0,181.0744193,3.10917516,0.733539868,0,184.9171343,0,-422.5847949,0,-3.147839
Mar 1981,415.1051856,0.958377795,0,0,0.492443306,0.41944549,0.806878571,0.14115691,0.411727608,0,-7.707344998,0,413.7350802,8.592724977,0.738719477,0.002410744,423.0689354,0,-425.2234052,0,-2.6386103
Apr 1981,363.2422956,2.309332249,0,0,3.251458183,0.921960488,4.270454511,2.381162919,1.860600097,0,-3.221424305,0,359.0723633,3.20125886,4.218789287,0.357463402,366.8498748,0,-433.187155,0,-7.9637498
May 1981,515.1900839,2.485130039,0,0,6.060890109,3.674525272,14.56922392,4.657770052,2.916887403,0,-5.101995827,0,509.7880665,5.200761029,12.29781871,0.86406093,528.1507072,0,-436.7947342,0,-3.6075792
Jun 1981,510.7879422,3.96545495,0,0,7.628075995,4.876175138,19.44168928,5.969991482,4.194940479,0,-5.066758819,0,502.6275467,6.280312912,16.22359865,1.127372995,526.2588313,0,-449.7553574,0,-12.9606232
Jul 1981,1515.63187,3.092895863,0,0,5.966665209,3.607784724,13.93597315,4.454764205,3.894084313,0,-4.704758493,0,1508.64489,5.438773871,11.84008943,1.051783379,1526.975537,0,-465.2262466,0,-15.4708892
Aug 1981,2114.072566,1.637961403,0,0,4.158882846,2.607014963,9.540567996,2.956996985,3.148327758,0,-3.461131215,0,2109.286276,3.547224735,8.135438894,0.904298855,2121.873239,0,-476.5699131,0,-11.3436665
Sep 1981,1128.228961,6.412221616,0,0,4.794803785,2.652743523,10.14270928,3.473845935,4.498863234,0,3.264210577,0,1117.317876,1.005950777,8.810923602,0.711320007,1127.846071,0,-484.3705864,0,-7.8006733
Oct 1981,750.0395414,6.644610952,0,0,2.398655499,0.817804909,3.019629786,1.583285232,3.688702133,0,4.624584165,0,739.7062283,0.439176198,3.017195144,0.296251574,743.4588512,0,-483.9876959,0,0.3828905
Nov 1981,344.9093654,0.902360258,0,0,0.498861801,0.421168863,0.801600252,0.140488072,0.587099314,0,-0.961300607,0,343.4199059,1.785967928,0.738805118,0,345.9446789,0,-477.4070058,0,6.5806901
Dec 1981,68.20143121,0.503543591,0,0,0.500834881,0.42198779,0.801098716,0.140552868,0.427333088,0,-0.914577849,0,67.27055453,1.339274349,0.739392939,0,69.34922182,0,-478.4423192,0,-1.0353134
Jan 1982,458.5666049,0.398195397,0,0,0.506643691,0.423263186,0.80454703,0.140415997,0.388680436,0,-0.640435635,0,457.779729,0.955250526,0.747511538,0,459.4824911,0,-479.5901098,0,-1.1477906
Feb 1982,364.2437446,0.216240342,0,0,0.508624938,0.424086543,0.804042597,0.140480289,0.274229474,0,-1.904168633,0,363.7532748,2.035870581,0.748100702,0,366.5372461,0,-480.5059961,0,-0.9158863
Mar 1982,157.3584311,0.941037379,0,0,0.575299426,0.455870985,0.82061318,0.153836666,0.625018848,0,-7.096109174,0,155.7923749,7.917718111,0.786204954,0.009206722,164.5055047,0,-482.7994975,0,-2.2935014
Apr 1982,52.55581785,1.353563284,0,0,3.355607167,0.926729455,4.436364529,2.484492041,1.61289247,0,-5.230061766,0,49.5893621,4.154747337,4.3807502,0.263545704,58.38840534,0,-489.9465711,0,-7.1470736
May 1982,535.85281,1.466681674,0,0,5.78487638,3.650642953,14.27438561,4.421248846,2.340172002,0,-9.279011771,0,532.0459563,8.611460019,11.98737019,0.853496401,553.4982829,0,-495.7791586,0,-5.8325875
Jun 1982,194.7378871,3.190842162,0,0,8.118468645,5.291941276,21.11964829,6.385562675,3.664766766,0,-8.642294453,0,187.8822782,9.006609247,17.56061298,1.085406572,215.534907,0,-513.4246315,0,-17.6454729
Jul 1982,1086.256268,2.369492674,0,0,6.414928603,4.191848213,16.47155371,4.963764858,3.453444112,0,-6.129373654,0,1080.433332,6.275785938,13.73086924,1.071678519,1101.511665,0,-534.2216514,0,-20.7970199
Aug 1982,1480.648733,3.870431812,0,0,5.283029409,2.97168746,11.5656462,3.903245025,3.976098998,0,-4.503749588,0,1472.802202,6.06283945,9.973743128,0.909419828,1489.748204,0,-549.4770483,0,-15.2553969
Sep 1982,1404.264334,5.433342192,0,0,3.942095959,2.229191487,8.381342272,2.823749151,4.450270155,0,1.632586265,0,1394.380722,2.087851455,7.270497593,0.699677357,1404.438748,0,-558.5765199,0,-9.0994716
Oct 1982,796.7293379,4.121687939,0,0,1.185177268,0.628577152,1.380005536,0.521073086,2.15765309,0,1.904892158,0,790.4499969,1.660195666,1.415532566,0.134929775,793.6606549,0,-558.750934,0,-0.1744141
Nov 1982,595.82473,1.695200487,0,0,0.526639459,0.431565973,0.799407946,0.141050542,0.868939264,0,0.108468938,0,593.2605902,1.491658064,0.753430889,0,595.5056792,0,-555.6822509,0,3.0686831
Dec 1982,1214.659026,2.088299277,0,0,0.528661619,0.432404792,0.79888238,0.141112946,1.123829827,0,1.479334217,0,1211.446897,0.512708233,0.75402626,0,1212.713632,0,-555.3632001,0,0.3190508
Jan 1983,582.9395841,0.938800027,0,0,0.527396647,0.433715457,0.794813741,0.140968,0.611140634,0,-0.833952009,0,581.3896434,1.679070847,0.74752693,0,583.8162412,0,-553.4178055,0,1.9453946
Feb 1983,556.4328222,0.127665313,0,0,0.529427083,0.434558851,0.794285242,0.141029838,0.161137875,0,-2.068147254,0,556.1440191,2.100944335,0.748123636,0,558.993087,0,-554.2944626,0,-0.8766571
Mar 1983,443.497454,1.849326853,0,0,1.045637816,0.701614568,0.868613009,0.207644004,1.056924826,0,-3.59121762,0,440.5912023,5.096521224,1.004992253,0.007726283,446.7004421,0,-556.8547274,0,-2.5602648
Apr 1983,411.5964706,0.863466562,0,0,2.396139557,0.759874636,3.187239177,1.684196996,1.614466798,0,-6.741666696,0,409.1185372,5.968868337,3.139307102,0.375929119,418.6026418,0,-560.0577155,0,-3.2029881
May 1983,190.7669788,1.947202622,0,0,3.868577008,1.105855584,5.042861775,2.802982832,2.619952066,0,-8.75452986,0,186.1998241,7.939011058,5.002600367,0.605922852,199.7473584,0,-567.0638867,0,-7.0061712
Jun 1983,442.635373,2.604464129,0,0,7.141428016,4.624811428,18.09459488,5.492891874,3.425923313,0,-9.046429058,0,436.6049856,9.134276598,15.11831959,1.031348153,461.8889299,0,-576.0442663,0,-8.9803796
Jul 1983,938.5567117,3.099218976,0,0,6.626922623,3.955664647,15.57988861,5.029159086,3.821790109,0,-5.285628685,0,931.6357026,5.713589686,13.2219875,1.07855159,951.6498314,0,-595.2978232,0,-19.2535569
Aug 1983,899.051743,2.404615533,0,0,6.054251462,3.993579757,15.80677053,4.739147886,3.19014057,0,-5.094404829,0,893.4569869,5.438348657,13.12829435,0.934874602,912.9585045,0,-608.3909429,0,-13.0931197
Sep 1983,972.3792439,2.394790474,0,0,5.264677012,3.493284574,13.43373645,3.993058855,2.950642429,0,-1.818578133,0,967.033811,2.441976169,11.21207004,0.776631422,981.4644886,0,-622.2977044,0,-13.9067615
Oct 1983,1565.347403,6.668300576,0,0,1.489772104,0.672118633,1.783183057,0.790206125,4.165023459,0,5.198238454,0,1554.514079,0.652408651,1.810630403,0.345453078,1557.322572,0,-631.3829491,0,-9.0852447
Nov 1983,867.0523223,1.26542641,0,0,0.547884171,0.442217376,0.789429105,0.14157729,0.729044068,0,-0.438038154,0,865.0578518,1.597797769,0.75351861,0.009408494,867.4185767,0,-623.3581172,0,8.0248319
Dec 1983,432.3494209,0.780911162,0,0,0.54995542,0.443075961,0.788878784,0.141637279,0.58735426,0,-0.164110726,0,430.9811555,0.838142428,0.754120965,0,432.5734189,0,-623.7243716,0,-0.3662544
Jan 1984,262.9091498,1.887312449,0,0,0.548037694,0.444422251,0.783870257,0.141483691,0.882204984,0,-0.028832982,0,260.1396323,1.812529988,0.746002009,0,262.6981643,0,-623.9483696,0,-0.223998
Feb 1984,13.19149042,0.71867677,0,0,0.550117255,0.445285452,0.783316195,0.141542677,0.362795028,0,-2.233639562,0,12.11001862,2.847484529,0.74660532,0,15.70410847,0,-623.7373841,0,0.2109855
Mar 1984,293.0387978,0.147389758,0,0,0.558566324,0.449445863,0.783686948,0.142425472,0.291840541,0,-7.721038784,0,292.5995675,7.759308081,0.750381936,8.43E-05,301.1093418,0,-626.2500022,0,-2.5126181
Apr 1984,131.2585334,2.047515146,0,0,3.425588865,0.946684233,4.466414907,2.518145038,0.825277425,0,-5.424602445,0,128.3857408,4.993212959,4.427174501,0.194430379,138.0005586,0,-634.3205462,0,-8.070544
May 1984,542.9220902,5.274029699,0,0,6.868585513,4.119391508,15.95969638,5.135474524,4.5496067,0,-8.310016896,0,533.0984538,10.83485259,13.57341586,0.940862732,558.447585,0,-641.0625715,0,-6.7420253
Jun 1984,1312.180935,1.589321794,0,0,5.836434538,4.219679915,15.89468003,4.422157861,2.925223925,0,-7.899194191,0,1307.66639,7.871761361,13.0892768,1.008727487,1329.636155,0,-656.5880663,0,-15.5254948
Jul 1984,884.5730244,2.42893918,0,0,7.41190019,4.687306719,18.25786084,5.637289415,3.020084689,0,-6.280256723,0,879.1240005,5.984602431,15.34516489,1.043959162,901.497727,0,-674.0432862,0,-17.4552199
Aug 1984,2721.322531,4.997646572,0,0,3.476375242,2.412883552,8.786190706,2.501954595,4.584228339,0,1.609496575,0,2711.740656,2.324658306,7.347727802,0.869591133,2722.282633,0,-690.9679888,0,-16.9247026
Sep 1984,629.8098786,2.099193356,0,0,5.835114464,3.343991531,13.11770831,4.376421612,2.094107391,0,-3.931934118,0,625.6165778,3.540004541,11.23240963,0.731748597,641.1207406,0,-691.9280911,0,-0.9601023
Oct 1984,1930.758574,5.10357296,0,0,0.756361183,0.547581354,0.848643282,0.181413245,2.912574053,0,4.729228848,0,1922.742427,0.165564284,0.876009866,0.174513844,1923.958515,0,-703.2389532,0,-11.3108621
Nov 1984,669.0528294,2.011411864,0,0,0.56902464,0.453127733,0.778234571,0.142065669,0.996675573,0,1.514598621,0,666.0447419,0.380916336,0.752065808,0,667.1777241,0,-696.4388941,0,6.8000591
Dec 1984,1559.690073,2.861333231,0,0,0.571146396,0.454007008,0.777658631,0.142122637,1.439397162,0,2.696200684,0,1555.389342,0.047993159,0.752675382,0,1556.190011,0,-694.5637888,0,1.8751053
Jan 1985,615.2062498,2.642848936,0,0,0.572271316,0.455390309,0.775926821,0.141960294,1.14296946,0,1.521379517,0,611.4204314,1.004588413,0.750847533,0,613.1758673,0,-691.063727,0,3.5000618
Feb 1985,323.5775205,1.512952265,0,0,0.574401453,0.456274281,0.775347637,0.14201653,0.54390706,0,-0.683206064,0,321.5206612,2.078031158,0.75145828,0,324.3501506,0,-689.0333445,0,2.0303825
Mar 1985,658.4542466,2.337869035,0,0,0.619332802,0.479317713,0.780996704,0.147611764,1.240149991,0,-3.534023913,0,654.8762276,5.731877858,0.77340003,0.029049421,661.4105549,0,-689.8059747,0,-0.7726302
Apr 1985,762.8117507,3.158162869,0,0,3.049223252,0.996695614,3.66664171,2.004579848,2.688277593,0,-5.432928717,0,756.9653102,6.538563949,3.7145895,0.464328497,767.6827922,0,-692.7622829,0,-2.9563082
May 1985,378.0054843,3.677601728,0,0,6.01241599,3.900936743,15.24601414,4.639438571,3.26231183,0,-3.770874781,0,371.0655707,5.336997263,12.71805482,0.861409376,389.9820322,0,-697.6333244,0,-4.8710415
Jun 1985,713.156395,2.586640521,0,0,6.48710308,5.046591511,19.13666078,5.059164416,3.222981221,0,-6.257785962,0,707.3467733,7.403914914,15.51800793,1.052650024,731.3213461,0,-709.6098723,0,-11.9765479
Jul 1985,1018.3399,2.256391629,0,0,6.218245554,4.675970593,18.11473191,4.930327097,2.941559539,0,-7.746924111,0,1013.141949,8.46104078,14.72667978,1.056102734,1037.385772,0,-727.7748235,0,-18.1649512
Aug 1985,1382.023016,1.961657505,0,0,5.235795295,4.22357771,16.2409502,4.182025239,2.928795511,0,-3.467795115,0,1377.132563,4.417235036,13.07114255,0.950863797,1395.571804,0,-746.8206956,0,-19.0458721
Sep 1985,1535.546166,1.796876261,0,0,3.436103607,2.355096468,8.410742385,2.426287917,2.458754623,0,-2.419740931,0,1531.290535,3.135610053,7.065461607,0.692745998,1542.184353,0,-760.3694839,0,-13.5487883
Oct 1985,2637.553582,6.230566186,0,0,0.786961165,0.557497654,0.896799124,0.203513489,3.683868921,0,5.693143163,0,2627.639147,0.307959513,0.922749146,0.238509746,2629.108365,0,-767.0076707,0,-6.6381868
Nov 1985,237.1241037,2.550957443,0,0,0.595817313,0.465366466,0.770332528,0.14277768,1.179758857,0,0.639779059,0,233.3933874,1.780727536,0.758005695,0,235.9321207,0,-758.562454,0,8.4452167
Dec 1985,145.6869495,1.382080993,0,0,0.595939147,0.465204853,0.769432105,0.142566145,0.763276941,0,-0.19161024,0,143.5415916,1.442956939,0.757600253,0,145.7421488,0,-757.3704709,0,1.1919831
Jan 1986,76.69281146,0.286135769,0,0,0.614018055,0.471265861,0.844464875,0.225253724,0.154537726,0,-3.159063084,0,76.25213796,3.302446659,0.761963344,0,80.31654797,0,-757.4256702,0,-0.0551993
Feb 1986,600.7654699,0.228721758,0,0,0.616266214,0.472253965,0.84393981,0.225305432,0.038581713,0,-9.106441674,0,600.4981664,9.191151183,0.762646626,0.000879658,610.4528439,0,-761.0494067,0,-3.6237365
Mar 1986,250.2842099,1.413298551,0,0,1.784359649,0.817103742,2.908548766,1.226254517,0.593406261,0,-5.638062903,0,248.2775051,6.084105547,2.649550155,0.130477799,257.1416386,0,-770.7367807,0,-9.687374
Apr 1986,149.6634088,1.113403197,0,0,2.412373756,0.985739864,4.437431208,1.908324515,1.844190991,0,-6.419406634,0,146.7058147,6.106175939,3.955740587,0.469986524,157.2377177,0,-777.5942094,0,-6.8574287
May 1986,642.5889548,1.930179649,0,0,5.023658875,3.199573956,11.66465073,3.587447542,2.603912359,0,-6.65309589,0,638.0548628,6.75919062,9.901288105,0.879642567,655.5949841,0,-785.1685183,0,-7.5743089
Jun 1986,1972.0722,2.769572076,0,0,3.823654744,2.545529256,8.496110733,2.513545813,3.715533986,0,-5.683657234,0,1965.587094,7.175103822,7.260690409,0.968485691,1980.991374,0,-798.1745475,0,-13.0060292
Jul 1986,1438.027694,5.927623123,0,0,4.963545037,3.513812425,12.81414236,3.617522615,4.831916519,0,0.325325602,0,1427.268155,4.152564909,10.64635236,0.987060204,1443.054132,0,-807.0937214,0,-8.9191739
Aug 1986,1620.915369,2.916641801,0,0,4.657235632,3.150154212,10.94525724,3.187754382,3.431971882,0,-5.092912601,0,1614.566756,6.502472983,9.264584281,0.923201016,1631.257014,0,-812.1201592,0,-5.0264378
Sep 1986,1040.66129,1.502869359,0,0,3.619361237,2.512571582,8.832130047,2.541420494,2.361943979,0,-2.104086618,0,1036.796477,2.500166322,7.397499208,0.700155306,1047.394298,0,-822.4618038,0,-10.3416446
Oct 1986,1567.720159,8.157002125,0,0,1.18899042,0.722171023,1.455550051,0.508937623,4.328578198,0,7.319110557,0,1555.234578,0.37107217,1.413431825,0.170562324,1557.189645,0,-829.1948113,0,-6.7330075
Nov 1986,1646.619697,5.117690631,0,0,0.636704275,0.48123929,0.839134392,0.225760648,2.316152536,0,4.720459233,0,1639.185854,0.241766412,0.768838729,0,1640.196459,0,-818.6642973,0,10.530514
Dec 1986,1184.217969,3.768244688,0,0,0.638997311,0.482247477,0.838591106,0.225810035,1.92143349,0,3.152235333,0,1178.528291,0.459259521,0.769530905,0,1179.757082,0,-812.2410593,0,6.423238
Jan 1987,516.0210966,1.03041465,0,0,0.65485194,0.497710571,0.841393056,0.220623382,0.766481343,0,-0.446877275,0,514.2242006,1.320150556,0.777911043,0,516.3222622,0,-807.7801715,0,4.4608878
Feb 1987,716.2153246,0.284349337,0,0,0.657222348,0.498811566,0.840933755,0.220670754,0.059876312,0,-4.111163092,0,715.8710989,4.237101647,0.778673784,0,720.8868744,0,-808.0813371,0,-0.3011656
Mar 1987,207.1000489,2.479679339,0,0,0.659597526,0.499915041,0.840473386,0.220717989,1.377837299,0,-4.509462385,0,203.2425323,6.829459239,0.779437882,0,210.8514294,0,-812.7528869,0,-4.6715498
Apr 1987,253.8088865,2.640450418,0,0,1.369091478,0.871672703,1.193413007,0.387435173,1.386275482,0,-1.472358919,0,249.7821606,3.615390562,1.303396609,0.082143686,254.7830915,0,-816.5042674,0,-3.7513805
May 1987,987.1245014,2.274646972,0,0,4.187540185,1.673232071,4.85355676,2.384297004,2.401767664,0,-6.003062066,0,982.4480867,5.763400924,4.98356787,0.688181423,993.8832369,0,-817.4784724,0,-0.974205
Jun 1987,1099.093198,2.094580971,0,0,5.952227695,4.108261847,13.98486614,3.977713139,3.064714015,0,-6.304531052,0,1093.933903,6.555146176,11.85111884,1.043796846,1113.383964,0,-824.2372079,0,-6.7587355
Jul 1987,505.0200489,4.424482016,0,0,6.748377922,4.673078077,16.71756675,4.766396858,4.197546746,0,-8.55142346,0,496.3980201,10.90060563,14.02646974,1.074285023,522.3993805,0,-838.5279748,0,-14.2907669
Aug 1987,2250.492189,3.264882515,0,0,3.38259821,2.038628464,6.68315298,2.161373881,3.545813943,0,-0.798802507,0,2243.681493,2.719715276,5.865748845,0.894662062,2253.161619,0,-855.9073065,0,-17.3793317
Sep 1987,514.4488648,2.217702435,0,0,5.201565051,3.188076297,10.83154724,3.423267939,2.396716604,0,-1.148426578,0,509.8344457,1.352640259,9.421768057,0.697376393,521.3062304,0,-858.5767362,0,-2.6694297
Oct 1987,240.175286,4.376480187,0,0,2.004242906,0.960635693,3.13503664,1.284696703,2.615399363,0,2.574333777,0,233.1834064,0.758539196,2.89394715,0.300520909,237.1364137,0,-865.4341019,0,-6.8573657
Nov 1987,521.9538237,2.271873289,0,0,0.678771134,0.50883144,0.836744153,0.221087744,1.057027836,0,0.143586544,0,518.6249226,1.958347051,0.785596103,0,521.3688657,0,-862.3952296,0,3.0388723
Dec 1987,897.580453,1.224933272,0,0,0.681189492,0.50995726,0.83627272,0.221133123,0.639778687,0,-0.295370524,0,895.7157411,1.349071564,0.78637183,0,897.8511845,0,-861.8102716,0,0.584958
Jan 1988,253.0351075,1.97835357,0,0,0.69752495,0.526624961,0.841043699,0.215923189,0.88439558,0,1.361455618,0,250.1723583,0.445997963,0.796020498,0,251.4143768,0,-862.081003,0,-0.2707314
Feb 1988,505.0953168,0.328734999,0,0,0.700022833,0.527848642,0.840663126,0.215966532,0.153042262,0,-3.139494201,0,504.6135396,3.29605501,0.796870785,0,508.7064654,0,-860.4602723,0,1.6207307
Mar 1988,50.55181983,0.457238474,0,0,0.702525707,0.529075241,0.840282021,0.216009731,0.222022598,0,-11.26806178,0,49.87255875,11.55184979,0.797722757,0,62.2221313,0,-864.0714209,0,-3.6111486
Apr 1988,575.4259129,4.286866113,0,0,1.425585786,0.888608748,1.336712781,0.447175323,2.168209625,0,-0.822643831,0,568.9708372,4.572532907,1.426514495,0.129532467,575.0994171,0,-875.7417323,0,-11.6703114
May 1988,381.7290224,4.849031953,0,0,5.497697723,2.10415526,7.195770407,3.464204024,3.569280322,0,-4.58186443,0,373.3107101,6.03735392,7.125108847,0.716307244,387.1894801,0,-875.4152365,0,0.3264958
Jun 1988,868.2777101,5.291831596,0,0,5.489410337,3.579856314,12.75335586,3.836581804,4.829064809,0,-2.367889181,0,858.1568137,5.750166753,10.82632808,1.025145562,875.7584541,0,-880.8756942,0,-5.4604577
Jul 1988,2030.529266,4.686414661,0,0,4.709600612,3.134698758,10.49320639,3.086455193,4.617039577,0,-2.809245315,0,2021.225812,5.920758122,8.981653047,1.024327417,2037.152551,0,-888.3564382,0,-7.480744
Aug 1988,2239.119561,4.613248735,0,0,3.501898292,2.507223559,8.474925025,2.353113005,3.553966457,0,2.408323744,0,2230.952346,1.210250257,7.116486753,0.83132243,2240.110405,0,-894.9797225,0,-6.6232843
Sep 1988,1295.203938,3.435297189,0,0,3.281387907,1.943449833,6.390570353,2.107876571,2.791343928,0,0.357105555,0,1288.977297,1.740253559,5.620631856,0.686382208,1297.024565,0,-895.9705668,0,-0.9908443
Oct 1988,173.790696,6.672393483,0,0,2.147949972,0.954750124,3.689051824,1.546425151,3.381430982,0,4.877305045,0,163.7368715,0.60188859,3.335826521,0.283994462,167.9585811,0,-897.7911933,0,-1.8206265
Nov 1988,210.4868407,3.270069942,0,0,0.722828015,0.539047481,0.837237627,0.216363054,1.362518282,0,1.006579483,0,205.8542525,2.079709924,0.804655107,0,208.7386175,0,-891.9590784,0,5.8321149
Dec 1988,560.1570683,2.575314399,0,0,0.725268371,0.540240534,0.83681992,0.216389734,1.127760154,0,1.362170547,0,556.4539938,1.028116016,0.805458023,0,558.2875678,0,-890.2108552,0,1.7482232
Jan 1989,280.1520221,2.151261392,0,0,0.743583452,0.558175297,0.846607755,0.211159674,0.972066239,0,-2.983105117,0,277.0286945,4.948958354,0.820856236,0,282.7985091,0,-888.3413547,0,1.8695005
Feb 1989,421.1553968,0.676311822,0,0,0.746212261,0.55953097,0.846319643,0.211199444,0.310299978,0,-2.641582669,0,420.168785,3.1312132,0.821801489,0,424.1217997,0,-890.9878417,0,-2.646487
Mar 1989,298.2419871,0.87213823,0,0,1.333196143,0.884717126,1.02048549,0.295484151,0.607699994,0,-9.411295071,0,296.7621489,9.834954283,1.173480356,0.021428721,307.7920123,0,-893.9542445,0,-2.9664028
Apr 1989,22.79166875,1.261049254,0,0,2.866154848,1.274660515,4.506173796,1.921768999,1.972458495,0,-8.953628352,0,19.558161,8.623183273,4.175899131,0.527378556,32.88462196,0,-903.5042697,0,-9.5500252
May 1989,300.7480562,6.842243224,0,0,6.708348164,4.549369206,16.27901978,4.720832528,4.88574639,0,0.760564833,0,289.0200666,3.922699434,13.71716621,0.965456498,307.6253887,0,-913.5972229,0,-10.0929532
Jun 1989,171.5129298,5.25951572,0,0,7.76032078,5.322971955,19.1099207,5.485530736,4.61859636,0,-3.79883895,0,161.6348177,6.621005845,16.06173879,1.089826228,185.4073885,0,-920.4745554,0,-6.8773325
Jul 1989,1450.203728,4.000734835,0,0,5.509850828,3.467295913,11.94038408,3.684075821,4.17393179,0,-3.88263274,0,1442.029061,5.84081266,10.29886318,1.052466092,1459.221203,0,-934.3690142,0,-13.8944588
Aug 1989,1876.616338,3.011533656,0,0,4.639434969,3.304273213,10.96669974,3.029816871,3.475388013,0,-0.874089861,0,1870.129417,2.55046176,9.272044622,0.889137171,1882.84106,0,-943.3864895,0,-9.0174753
Sep 1989,700.3462892,3.122891113,0,0,5.320166919,3.602025969,12.33608114,3.575559371,3.120528656,0,0.580737923,0,694.1028695,0.82401224,10.47866272,0.744153384,706.1496978,0,-949.6112114,0,-6.2247219
Oct 1989,339.6168837,7.364103897,0,0,1.820636929,0.919316899,2.734782359,1.08291469,3.726077099,0,6.298161195,0,328.5267027,0.164622672,2.553187699,0.212472971,331.456986,0,-955.41462,0,-5.8034086
Nov 1989,4.343836716,2.227567899,0,0,0.770107334,0.571885115,0.843727061,0.211549525,0.979103612,0,1.540017799,0,1.137165205,0.489327881,0.830399756,0,2.456892842,0,-947.2547223,0,8.1598977
Dec 1989,267.0152539,1.982821557,0,0,0.772788619,0.573274897,0.843439101,0.211587531,1.153620505,0,0.062898001,0,263.8788118,1.720409833,0.831365292,0,266.430587,0,-945.3677784,0,1.8869439
Jan 1990,360.4140795,0.992748857,0,0,0.791712725,0.592543899,0.851550211,0.206341366,0.514850443,0,0.371361538,0,358.9064802,0.422218493,0.844377671,0,360.1730764,0,-944.7831115,0,0.5846669
Feb 1990,389.5681115,1.049318592,0,0,0.790735341,0.592957341,0.854078613,0.205981084,0.650276576,0,-1.448813334,0,387.8685163,2.300353925,0.84587553,0,391.0147458,0,-944.5421084,0,0.2410031
Mar 1990,461.4793954,1.039665666,0,0,0.856176356,0.630239895,0.875576223,0.214843211,0.549170502,0,-6.996919259,0,459.8905593,7.810648464,0.886669473,0.010995527,468.5988727,0,-945.9887427,0,-1.4466343
Apr 1990,553.5887636,2.297889125,0,0,2.248438965,1.017773069,3.722542973,1.547745762,2.631246004,0,-2.739257996,0,548.6596285,3.806481224,3.405463107,0.456487485,556.3280603,0,-953.1082199,0,-7.1194772
May 1990,332.5269856,3.348716231,0,0,6.064150189,3.996471871,14.43298972,4.292720085,3.18315502,0,-4.984011706,0,325.9951143,6.265049619,12.20794795,0.8503459,345.3184578,0,-955.8475166,0,-2.7392967
Jun 1990,111.0800024,6.185835735,0,0,8.313557713,5.588720106,20.66432809,6.041293037,5.163113414,0,-3.571806889,0,99.73105322,7.032805016,17.34787266,1.170813197,125.2825441,0,-968.6389888,0,-12.7914722
Jul 1990,1760.648941,2.840515006,0,0,4.707401793,3.23129471,11.25915511,3.231107797,3.659895519,0,-2.818873598,0,1754.14853,4.183281522,9.504154397,0.988834798,1768.824801,0,-982.8415306,0,-14.2025418
Aug 1990,1817.771803,3.573702376,0,0,4.244090474,2.461197222,8.317975334,2.76299806,3.640901503,0,-1.548786103,0,1810.557199,3.339595227,7.337870526,0.869928161,1822.104593,0,-991.0173908,0,-8.1758602
Sep 1990,1559.690866,4.106606329,0,0,3.810474408,2.647826616,8.907433961,2.529283767,3.64381177,0,0.697289095,0,1551.940448,2.246669442,7.540797986,0.70454884,1562.432464,0,-995.3501808,0,-4.33279
Oct 1990,670.5829877,7.478527241,0,0,1.578596986,0.862688093,2.203120138,0.826685653,3.766518172,0,6.530091712,0,659.3379423,0.232526636,2.092343379,0.218891901,661.8817042,0,-998.091779,0,-2.7415982
Nov 1990,704.7142484,2.528060277,0,0,0.78041521,0.595365292,0.875431769,0.202381873,1.259657085,0,1.281276449,0,700.926531,1.061733909,0.858099814,0,702.8463647,0,-989.3904955,0,8.7012835
Dec 1990,592.0902598,1.59161054,0,0,0.779242597,0.595628668,0.877837754,0.201970362,0.843606063,0,0.59178552,0,589.6550432,0.81621109,0.859481321,0,591.3307356,0,-987.5226118,0,1.8678837
Jan 1991,369.3550293,1.096684962,0,0,0.816219022,0.602609514,0.865953497,0.168722805,0.660829697,0,0.223425291,0,367.5975146,0.659650162,0.9108402,0,369.168005,0,-986.7630876,0,0.7595242
Feb 1991,295.1843033,0.720777486,0,0,0.815010452,0.602873931,0.868373007,0.168326527,0.369166673,0,-1.659585174,0,294.0943591,2.168226139,0.912183001,0,297.1747683,0,-986.5760633,0,0.1870243
Mar 1991,282.5973318,1.223090283,0,0,1.376365955,0.898482532,0.972728215,0.243261214,0.827760429,0,-5.292233524,0,280.5464811,6.037440385,1.207350423,0.002544557,287.7938165,0,-988.5665283,0,-1.990465
Apr 1991,0.312056912,1.298608623,0,0,2.424196258,1.038771051,4.244656299,1.745623194,0.656630001,0,-4.252186269,0,-1.643181712,4.165369685,3.884458313,0.217247299,6.623893585,0,-993.763013,0,-5.1964847
May 1991,531.1180304,2.175160496,0,0,3.428290049,1.523112417,5.414622113,2.242854536,2.876365112,0,-5.834198146,0,526.0665048,6.10418101,5.076945207,0.757222298,538.0048533,0,-1000.07485,0,-6.311837
Jun 1991,448.7367549,3.46010601,0,0,6.280179883,4.415420699,15.9831582,4.47441767,4.076653583,0,-7.103533628,0,441.1999953,8.698880455,13.37349971,1.040852243,464.3132277,0,-1006.961673,0,-6.886823
Jul 1991,2610.325614,2.908845999,0,0,3.891995136,2.48181061,7.835858234,2.347164007,3.395080255,0,-1.534763937,0,2604.021688,3.03342541,6.898878753,0.954162334,2614.908154,0,-1022.538145,0,-15.576472
Aug 1991,2054.228508,6.93430535,0,0,3.864621799,2.524132755,8.470890493,2.492774004,5.614449944,0,2.246131476,0,2041.679752,3.34768483,7.318605533,0.865550304,2053.211593,0,-1027.120686,0,-4.582541
Sep 1991,1905.306987,3.906703659,0,0,3.29605877,2.030406813,6.11210481,1.888570758,3.637708848,0,0.854464988,0,1897.762574,1.786586714,5.489186008,0.666357213,1905.704704,0,-1026.103771,0,1.016915
Oct 1991,202.6484818,5.236205625,0,0,2.147300807,1.03922417,3.267985952,1.278630165,2.564130853,0,3.001615369,0,194.8481453,1.126513618,3.097432425,0.24895323,199.3210446,0,-1026.501488,0,-0.397717
Nov 1991,932.4165203,3.61270258,0,0,0.80389094,0.605214668,0.890458298,0.164654912,1.48080002,0,0.205200863,0,927.3230177,3.208825446,0.924479658,0,931.4563228,0,-1023.174051,0,3.327437
Dec 1991,2190.634621,3.280675577,0,0,0.802628532,0.605470409,0.892946856,0.164235027,1.808711209,0,2.964378583,0,2185.545234,0.119138871,0.925869952,0,2186.590243,0,-1022.213854,0,0.960197
Jan 1992,734.3857449,2.715648976,0,0,0.816552027,0.615710234,0.897371771,0.161457311,1.577381192,0,0.782117807,0,730.0927147,1.732689377,0.936756253,0,732.7621603,0,-1018.169476,0,4.044378
Feb 1992,237.2610619,0.593881402,0,0,0.815251748,0.615966906,0.899874971,0.161053475,0.483302435,0,-2.028771054,0,236.1838781,2.423367615,0.938106338,0,239.5453521,0,-1016.545891,0,1.623585
Mar 1992,300.5884297,0.417051409,0,0,1.355148353,0.900555091,0.996514085,0.231730419,0.29472525,0,-6.961062785,0,299.876653,6.923520932,1.219376928,0.00509537,308.0246462,0,-1018.830181,0,-2.28429
Apr 1992,456.6611156,2.92563252,0,0,2.226138101,1.028493094,3.657207458,1.45051881,2.106637222,0,-2.621026938,0,451.6288458,4.349014451,3.404333656,0.355290854,459.7374848,0,-1026.266398,0,-7.436217
May 1992,2059.410215,5.687457512,0,0,3.334387126,2.050259408,6.246034653,1.929145651,3.786272678,0,1.640178988,0,2049.936485,2.763150806,5.601016721,0.805974998,2059.106628,0,-1029.342767,0,-3.076369
Jun 1992,511.0362839,2.517429565,0,0,6.838144939,4.901823621,17.49925317,4.800397739,3.221113094,0,-5.779707833,0,505.2977413,6.360816081,14.63517675,1.018309333,527.3120434,0,-1029.039179,0,0.303588
Jul 1992,1089.396909,2.362647876,0,0,6.247222964,4.108297166,14.65399062,4.309760822,3.291531588,0,-5.066350416,0,1083.74273,5.290072494,12.48315559,1.034027046,1102.549985,0,-1045.314939,0,-16.27576
Aug 1992,1271.418194,1.387516078,0,0,4.715279547,3.361587999,11.84074557,3.257023573,2.568159291,0,-3.248777296,0,1267.462518,3.282601826,9.93741354,0.912090289,1281.594624,0,-1058.468015,0,-13.153076
Sep 1992,662.2831156,2.658660824,0,0,5.356938201,3.627233562,12.9410494,3.717652183,2.870816606,0,-1.859325429,0,656.7536381,2.788281613,10.95310186,0.762925183,671.2579468,0,-1068.644445,0,-10.17643
Oct 1992,441.1799264,4.295338429,0,0,2.233090285,1.050423007,3.443623899,1.366557777,2.740952019,0,2.767074263,0,434.143636,0.345596888,3.2597334,0.315720656,438.0646869,0,-1077.619276,0,-8.974831
Nov 1992,324.7895804,2.882432782,0,0,0.803291754,0.618230727,0.922716411,0.157309522,1.223197817,0,1.114486277,0,320.6839498,1.582885478,0.950467917,0,323.2173032,0,-1074.504037,0,3.115239
Dec 1992,927.8041719,1.691687201,0,0,0.8019345,0.618477395,0.925289784,0.156881186,0.885292134,0,1.219455724,0,925.2271926,0.288774373,0.951865702,0,926.4678326,0,-1072.931759,0,1.572278
Jan 1993,854.4493789,2.004102112,0,0,0.813475066,0.628738999,0.929817507,0.154350302,1.254330651,0,0.038615731,0,851.1909461,1.780750313,0.960203272,0,853.9318997,0,-1071.59542,0,1.336339
Feb 1993,422.826609,0.683743698,0,0,1.241781668,0.85474044,1.007142558,0.210377276,0.455016881,0,-1.922113095,0,421.6878484,2.218815566,1.183806509,0,425.0904705,0,-1071.077941,0,0.517479
Mar 1993,276.2062049,0.643709594,0,0,1.398429292,0.938022018,1.037227521,0.230722184,0.356430316,0,-6.466955217,0,275.206065,6.650257537,1.26691261,0.00445659,283.1276917,0,-1073.341802,0,-2.263861
Apr 1993,103.8615427,1.275046857,0,0,2.415864137,1.08023296,4.178023643,1.672507673,0.933382765,0,-4.871141601,0,101.6531131,4.810557281,3.841147147,0.282867729,110.5876852,0,-1080.263289,0,-6.921487
May 1993,385.532467,3.574206855,0,0,5.367696665,3.885112531,14.01576359,3.825388368,3.819269335,0,-5.883562923,0,378.1389909,7.975185645,11.67295936,0.882720235,398.6698561,0,-1086.989432,0,-6.726143
Jun 1993,426.559052,3.003188573,0,0,6.612157427,5.047173255,18.47503963,4.847771158,3.837079647,0,-6.266339184,0,419.7187837,7.704543585,15.19225264,1.077652808,443.6932328,0,-1100.126821,0,-13.137389
Jul 1993,1462.51692,2.479788274,0,0,5.67023809,4.469732007,15.75496102,3.98913346,3.785290714,0,-3.866373675,0,1456.251841,5.145655867,12.96633364,1.068594427,1475.432425,0,-1117.261002,0,-17.134181
Aug 1993,2351.726821,2.532027459,0,0,3.010013891,2.036216355,6.70324795,1.905581959,3.362435711,0,-1.940448746,0,2345.832358,3.498678669,5.771463528,0.879172509,2355.981673,0,-1130.176507,0,-12.915505
Sep 1993,306.7699946,1.753199167,0,0,5.255032548,3.802576588,13.81539393,3.772997563,2.469460229,0,-1.979936548,0,302.5473352,2.280679756,11.49485233,0.726932976,317.0498003,0,-1134.431358,0,-4.254851
Oct 1993,683.0080847,4.392598258,0,0,1.620001499,0.9267988,2.096891846,0.702087687,2.045515691,0,2.404173584,0,676.5699707,1.295221975,2.088006858,0.163902381,680.1171019,0,-1144.711164,0,-10.279806
Nov 1993,424.9624268,2.305285732,0,0,0.799231669,0.63116081,0.956026988,0.150122178,1.098146404,0,0.594564092,0,421.5589947,1.54265078,0.973975668,0,424.0756211,0,-1141.820181,0,2.890983
Dec 1993,252.9271423,1.445655694,0,0,0.797774356,0.63139714,0.958688265,0.149685415,0.756691116,0,-0.17977502,0,250.7247954,1.459053499,0.975380066,0,253.159229,0,-1140.933375,0,0.886806
Jan 1994,125.6935519,0.754757742,0,0,0.810533094,0.641676444,0.964006039,0.147411788,0.448253881,0,-1.0300582,0,124.4905403,1.615959291,0.985450901,0,127.0919505,0,-1141.165462,0,-0.232087
Feb 1994,169.2531633,0.28618373,0,0,0.809033776,0.641912702,0.966682416,0.146992458,0.087993648,0,-3.824671603,0,168.878986,3.943734259,0.986811032,0,173.8095313,0,-1142.563861,0,-1.398399
Mar 1994,523.9721033,0.914971406,0,0,0.890426738,0.685700546,0.983784981,0.157458727,0.65893136,0,-8.062871195,0,522.3982005,8.773116409,1.031052446,0.014486419,532.2168558,0,-1147.120229,0,-4.556368
Apr 1994,231.8941493,1.317210545,0,0,2.497036024,1.094785255,4.535354615,1.814761309,1.1344477,0,-7.144452783,0,229.442491,7.059412559,4.122844075,0.439155208,241.0639029,0,-1155.364981,0,-8.244752
May 1994,1221.224204,3.209810006,0,0,3.751987094,2.413171467,8.24017965,2.46230661,3.808703287,0,-7.767979491,0,1214.205691,9.63897387,7.116688667,0.865043188,1231.826396,0,-1164.534735,0,-9.169754
Jun 1994,341.8937983,2.605359576,0,0,7.319428926,5.537298741,20.84304756,5.53802756,3.704751714,0,-10.45362093,0,335.583687,11.27685032,17.08715018,1.153101397,365.1007889,0,-1175.136927,0,-10.602192
Jul 1994,910.8925284,2.810867205,0,0,6.455664809,4.570053981,17.06798994,4.755897284,3.677520149,0,-5.893703902,0,904.404141,6.81896028,14.19770348,1.100430775,926.5212355,0,-1198.343918,0,-23.206991
Aug 1994,1289.976603,3.080649226,0,0,5.017282269,3.580883032,12.8429965,3.535736302,3.687524704,0,-3.340823529,0,1283.208429,4.985073518,10.74365944,0.965064141,1299.902226,0,-1213.972625,0,-15.628707
Sep 1994,794.278053,1.895128757,0,0,4.506373246,3.366612521,12.18076387,3.238459419,2.685829763,0,-0.528022477,0,789.6970945,1.28339051,10.08206518,0.74296351,801.8055137,0,-1223.898248,0,-9.925623
Oct 1994,936.8850541,4.608025563,0,0,1.916393965,1.006894261,2.941859685,1.061035429,2.47927574,0,3.303764733,0,929.7977528,0.394761125,2.790323961,0.219339198,933.2021771,0,-1231.425709,0,-7.527461
Nov 1994,1064.010383,2.603975721,0,0,0.795257945,0.643988007,0.991109481,0.14310293,1.171120783,0,-2.152515285,0,1060.235287,4.605221068,0.999276489,0,1065.839784,0,-1227.742832,0,3.682877
Dec 1994,790.3771198,8.030338805,0,0,0.793696047,0.6442129,0.993861363,0.142657622,4.160620661,0,7.754875218,0,778.1861603,0.125980441,1.000686888,0,779.3128277,0,-1229.572233,0,-1.829401
Jan 1995,490.9134841,0.977610339,0,0,0.805646625,0.654506388,1.00165053,0.140651994,0.601856193,0,0.244418476,0,489.3340175,0.582051626,1.012138773,0,490.9282079,0,-1218.507941,0,11.064292
Feb 1995,326.2404454,0.513189624,0,0,0.812695684,0.659278144,1.005923993,0.141361721,0.316371851,0,-2.237840534,0,325.4108839,2.597612618,1.017979811,0.00475047,329.0312268,0,-1218.522665,0,-0.014724
Mar 1995,255.1556122,1.960561649,0,0,2.176238057,1.01403614,3.941913155,1.515899736,1.141426398,0,-5.79809804,0,252.0536241,6.596457772,3.588215336,0.129321264,262.3676185,0,-1221.313446,0,-2.790781
Apr 1995,177.8175551,1.985725946,0,0,2.695652001,1.232439053,4.73796526,1.873199981,2.304178228,0,-4.704784393,0,173.527651,5.227297391,4.327978227,0.418313816,183.5012404,0,-1228.525452,0,-7.212006
May 1995,225.2252827,2.292952098,0,0,4.182520198,2.189510541,8.555938057,3.025003441,2.902098018,0,-6.865622295,0,220.0302326,7.165564736,7.523944272,0.717234457,235.436976,0,-1234.209138,0,-5.683686
Jun 1995,696.8689429,5.697249428,0,0,6.876674821,4.887605401,17.82252579,4.925718275,5.145511632,0,-6.063389597,0,686.0261819,9.771569605,14.88587693,1.04190549,711.7255339,0,-1244.420831,0,-10.211693
Jul 1995,864.0380703,4.831235726,0,0,6.943945924,4.617300497,17.34840456,5.066192496,4.552521904,0,-8.428602035,0,854.6543127,10.93319233,14.60885749,1.079606835,881.2759693,0,-1259.277422,0,-14.856591
Aug 1995,1248.641205,4.848913392,0,0,5.633963976,3.827377903,13.98905481,4.004771996,4.360649843,0,-2.273097993,0,1239.431641,5.315425312,11.79086889,0.961018451,1257.498954,0,-1276.515321,0,-17.237899
Sep 1995,1521.834734,2.699976623,0,0,4.084181214,2.782521,9.569167922,2.702757446,3.015871635,0,-1.060596662,0,1516.118885,2.458913072,8.16807069,0.720632242,1527.466501,0,-1285.37307,0,-8.857749
Oct 1995,5.464499875,3.94380015,0,0,2.316789232,1.079850962,4.139420298,1.598745685,1.982556174,0,2.096842575,0,-0.46185645,0.610019305,3.777612883,0.199858293,4.125634032,0,-1291.004838,0,-5.631768
Nov 1995,108.9919713,3.15545143,0,0,0.87266044,0.700495887,1.044177812,0.147212126,1.414154828,0,0.897359144,0,104.422365,2.085927733,1.06913024,0,107.577423,0,-1289.665972,0,1.338866
Dec 1995,203.1412975,1.690053748,0,0,0.78761391,0.65690509,1.032522015,0.13580765,0.75410939,0,0.406471362,0,200.6971343,1.152873566,1.027423185,0,202.8774311,0,-1288.251424,0,1.414548
Jan 1996,294.5202447,0.760517604,0,0,0.785542658,0.642972444,0.927283509,0.057676395,0.300770118,0,-1.108415848,0,293.458957,1.726363238,1.012177328,0,296.1974976,0,-1287.987558,0,0.263866
Feb 1996,218.4568888,0.944908548,0,0,0.826542235,0.666458921,0.940747603,0.063025911,0.633949606,0,-2.298106048,0,216.8780307,3.082931281,1.037805006,0.006157099,221.004924,0,-1289.66481,0,-1.677252
Mar 1996,23.53527708,2.348182185,0,0,2.415586421,0.9921025,3.385483283,1.458962076,1.118587741,0,-4.982941312,0,20.06850716,5.907639575,3.350005128,0.121363629,29.44751549,0,-1292.212846,0,-2.548036
Apr 1996,106.5687805,4.115816648,0,0,2.823109113,1.07176477,4.36305271,1.929308806,2.239476644,0,-1.155488348,0,100.2134872,3.519960653,4.185088247,0.293182611,108.2117188,0,-1298.125084,0,-5.912238
May 1996,0.003264993,5.72508339,0,0,7.760875397,5.037922692,19.89971015,5.924029221,4.51858627,0,-3.019842622,0,-10.24040467,6.021973306,16.69863364,1.022746622,13.5029489,0,-1299.768022,0,-1.642938
Jun 1996,1828.62479,6.940377924,0,0,4.903623013,2.891378137,10.49737188,3.327783087,5.835845563,0,-1.59675054,0,1815.848567,6.524883589,9.181833664,1.078169508,1832.633453,0,-1313.267706,0,-13.499684
Jul 1996,1711.230033,4.378477434,0,0,5.311611904,3.275473919,12.32479291,3.775770599,4.262538732,0,-1.536047613,0,1702.589016,3.878387063,10.5851603,0.996356467,1718.04892,0,-1317.27637,0,-4.008664
Aug 1996,1576.12068,3.642691989,0,0,4.576608042,2.871131004,10.33752357,3.112323013,3.700640356,0,-3.466027266,0,1568.777348,5.403242217,8.930677594,0.888231786,1583.999499,0,-1324.095257,0,-6.818887
Sep 1996,1499.607404,4.512552559,0,0,3.599690481,2.212615138,7.740371877,2.341865442,3.517705336,0,0.367138828,0,1491.577146,2.758338388,6.785581778,0.663670868,1501.784737,0,-1331.974076,0,-7.878819
Oct 1996,886.4079862,10.50372193,0,0,2.129862233,0.986359007,3.119175725,1.207916465,4.878468146,0,9.084760546,0,871.0257961,0.275458156,3.054762484,0.227229592,874.5832464,0,-1334.15141,0,-2.177334
Nov 1996,260.9188464,1.647106652,0,0,0.774909526,0.648522529,0.9578765,0.053729308,1.047466964,0,1.18640452,0,258.2242727,0.334315135,1.030534189,0,259.5891221,0,-1322.32667,0,11.82474
Dec 1996,14.45436711,0.827594658,0,0,0.766728302,0.64520843,0.959221726,0.052353073,0.664463017,0,-0.047867267,0,12.96230944,0.753942053,1.028388525,0,14.74464002,0,-1320.996945,0,1.329725
Jan 1997,606.1120361,0.231668443,0,0,0.761832747,0.642016026,0.96187467,0.052256825,0.146475167,0,-0.994972091,0,605.7338925,1.106823812,1.029434566,0,607.8701509,0,-1321.287218,0,-0.290273
Feb 1997,425.3333646,1.021018313,0,0,0.760084407,0.642210817,0.964837185,0.051741771,0.376283081,0,-2.692219804,0,423.9360632,3.595364527,1.030969004,0,428.5623967,0,-1323.045333,0,-1.758115
Mar 1997,230.9248417,0.624161194,0,0,1.293704238,0.93173972,1.110908503,0.130048422,0.595546004,0,-5.59050058,0,229.7051345,5.852697256,1.3428246,0.019937245,236.9205936,0,-1326.274365,0,-3.229032
Apr 1997,813.6512824,2.309361099,0,0,2.324508179,1.035339213,3.267382703,1.319677171,1.535748015,0,-1.952214286,0,809.8061733,2.972406419,3.236874498,0.221193096,816.2366473,0,-1332.270117,0,-5.995752
May 1997,790.8268564,4.336535684,0,0,4.797326888,2.719348504,10.15710425,3.325225086,3.848584265,0,-6.189804892,0,782.6417365,8.448362191,8.909857546,0.810509388,800.8104656,0,-1334.855482,0,-2.585365
Jun 1997,1016.987477,8.140872181,0,0,5.947908764,3.675991908,14.02253491,4.301276242,6.134406393,0,-7.05758849,0,1002.712198,12.92654381,11.99317552,1.018387199,1028.650305,0,-1344.839091,0,-9.983609
Jul 1997,1367.543704,2.229980374,0,0,5.779059674,3.705237358,14.00425746,4.169480312,3.233705612,0,-4.499018399,0,1362.080018,4.655176456,11.90859946,1.039418837,1379.683213,0,-1356.501919,0,-11.662828
Aug 1997,1295.701117,2.467842991,0,0,4.917961512,3.106555145,11.58928614,3.477113779,3.204185656,0,-2.706143113,0,1290.029089,3.362579738,9.923578724,0.899320628,1304.214568,0,-1368.641428,0,-12.139509
Sep 1997,1763.541508,4.895718432,0,0,3.757958382,1.890035094,6.610807939,2.381239834,3.926243432,0,0.425480263,0,1754.719547,2.60231488,6.097491393,0.729703997,1764.149057,0,-1377.154878,0,-8.51345
Oct 1997,534.2053597,3.213982411,0,0,1.992627162,0.965619555,2.93928766,1.085631478,1.725895814,0,0.818810312,0,529.2654815,1.368164491,2.88066379,0.21248704,533.7267968,0,-1377.762427,0,-0.607549
Nov 1997,441.6054022,3.463566663,0,0,0.744037496,0.643901443,0.991872454,0.046967319,1.446365304,0,1.747688612,0,436.6954702,1.615741998,1.045041188,0,439.3562534,0,-1377.283864,0,0.478563
Dec 1997,1379.946458,1.855889911,0,0,0.742219271,0.644081905,0.994917768,0.046421081,0.909699399,0,0.467881329,0,1377.180868,1.289871217,1.046634053,0,1379.517374,0,-1375.034715,0,2.249149
Jan 1998,88.58077514,0.796964991,0,0,0.737444072,0.640886545,0.998245971,0.046147455,0.483182641,0,-0.313244654,0,87.30062751,1.013652118,1.048656043,0,89.36293567,0,-1374.605631,0,0.429084
Feb 1998,433.3254657,0.278462954,0,0,0.735622612,0.641065877,1.001311642,0.045583787,0.180323815,0,-2.873772311,0,432.8666789,3.057678529,1.05028459,0,436.9746421,0,-1375.387792,0,-0.782161
Mar 1998,811.8917551,0.386534469,0,0,0.73747462,0.643251039,1.005299687,0.045518765,0.250423324,0,-7.556184112,0,811.2547973,7.848495,1.054004503,0.001045799,820.1583427,0,-1379.036968,0,-3.649176
Apr 1998,155.100225,2.319828562,0,0,2.667643537,1.047839993,4.386831121,1.857673578,1.15055579,0,-3.497458044,0,151.6298406,4.197483063,4.148961086,0.173011929,160.1492967,0,-1387.303555,0,-8.266587
May 1998,3.194610859,3.811107844,0,0,4.792047076,1.926586543,8.01757972,3.403114025,3.32472915,0,-5.932816737,0,-3.941226136,6.878464047,7.479926228,0.6957164,11.11288054,0,-1392.352627,0,-5.049072
Jun 1998,131.8979238,4.674366882,0,0,7.931767644,5.213245857,20.61501541,6.074245914,4.335799786,0,-4.546761037,0,122.8877571,6.502606132,17.25929129,1.085229837,147.7348843,0,-1400.270897,0,-7.91827
Jul 1998,1943.167963,3.870834851,0,0,4.44036744,2.706763463,10.16963612,3.127186272,4.246563501,0,-2.965827317,0,1935.050564,5.10305819,8.776053824,0.993464207,1949.923141,0,-1416.107857,0,-15.83696
Aug 1998,1134.830419,3.042994329,0,0,5.606554059,3.771410641,14.11243452,4.036330798,3.533515508,0,-3.336439399,0,1128.253909,4.544290309,11.91124715,0.911585499,1145.621032,0,-1422.863035,0,-6.755178
Sep 1998,418.5457128,3.873985513,0,0,6.216566476,3.782553847,14.75685701,4.583088748,3.328506321,0,-2.074426389,0,411.3432209,3.514399273,12.60778089,0.791743707,428.2571448,0,-1433.653648,0,-10.790613
Oct 1998,2047.053544,2.994295169,0,0,1.146287137,0.781706819,1.572663365,0.329469151,2.702429911,0,2.33209157,0,2041.356819,0.297623281,1.607774532,0.315759602,2043.577976,0,-1443.36508,0,-9.711432
Nov 1998,624.6931565,3.140062441,0,0,0.750266928,0.65971562,1.037073941,0.044637108,1.725021008,0,2.872214157,0,619.8280731,0.177296975,1.082988142,0.014925053,621.1032832,0,-1439.889513,0,3.475567
Dec 1998,353.4368415,1.882251197,0,0,0.71701446,0.642775518,1.032435131,0.039763871,0.924648225,0,0.88570639,0,350.629942,0.922305866,1.066910201,0,352.6191581,0,-1436.29964,0,3.589873
Jan 1999,250.4012438,0.328998488,0,0,0.713016021,0.639579143,1.040896125,0.039304005,0.401862452,0,-0.177168528,0,249.6703829,0.432730138,1.075028998,0,251.178142,0,-1435.481956,0,0.817684
Feb 1999,0.806542253,1.070005704,0,0,0.711150735,0.639758955,1.044075591,0.038692611,0.371573531,0,-1.499300864,0,-0.635036982,2.497914788,1.07677476,0,2.939652567,0,-1436.258854,0,-0.776898
Mar 1999,579.1243412,1.063009303,0,0,1.241092808,0.930000985,1.17936423,0.110593756,0.723338229,0,-4.217580662,0,577.3379937,4.969498143,1.379862297,0.020262828,583.707617,0,-1438.391965,0,-2.133111
Apr 1999,272.0426621,4.393735982,0,0,2.86930457,1.178415075,4.514135212,1.892168792,3.145189485,0,-0.692655486,0,264.5037366,3.395501973,4.312855915,0.427574097,272.6396686,0,-1442.97524,0,-4.583275
May 1999,629.1011838,3.129999684,0,0,3.813423154,1.577387983,5.843254225,2.472263164,3.322581473,0,-6.39841806,0,622.6486027,7.292382573,5.607026232,0.708862921,636.2568744,0,-1443.572247,0,-0.597007
Jun 1999,887.7295715,4.880865755,0,0,5.953039183,4.073278006,15.5595953,4.404022433,4.675663183,0,-2.139660792,0,878.1730425,5.14076537,13.03533404,1.016690146,897.3658321,0,-1450.727938,0,-7.155691
Jul 1999,1630.799632,6.147530314,0,0,5.212069213,3.485071425,13.25575463,3.79722067,5.120875473,0,0.276903107,0,1619.531226,4.14362942,11.18553174,0.974371365,1635.834758,0,-1460.364198,0,-9.63626
Aug 1999,1761.014665,7.422557317,0,0,4.107717918,2.483834558,9.646689803,2.972839793,5.72200058,0,2.178686854,0,1747.870107,3.619987104,8.29773337,0.862583802,1760.650411,0,-1465.399325,0,-5.035127
Sep 1999,871.8136159,2.217161349,0,0,5.065167456,3.25988308,12.39183728,3.6546826,2.573916712,0,-1.339666657,0,867.0225379,1.75154363,10.54243906,0.706157134,880.0226777,0,-1465.035071,0,0.364254
Oct 1999,303.553392,2.660406408,0,0,2.018307161,0.97832844,3.120165365,1.13427853,1.688755586,0,1.242420377,0,299.20423,0.378007309,3.025865556,0.190605064,302.7987079,0,-1473.244133,0,-8.209062
Nov 1999,0.005110159,2.616713075,0,0,0.693720821,0.64113518,1.073010492,0.032986706,1.11833391,0,1.401595203,0,-3.729936826,1.162532231,1.092609427,0,-1.474795167,0,-1472.489449,0,0.754684
Dec 1999,272.1035756,1.764036684,0,0,0.691751177,0.641282428,1.076271788,0.03233499,0.830037213,0,0.858444197,0,269.5095017,0.855123738,1.094405547,0,271.459031,0,-1471.009544,0,1.479905
Jan 2000,18.79164646,0.744877234,0,0,0.686657211,0.63808648,1.078327546,0.031679565,0.488601663,0,0.139762666,0,17.55816756,0.556543837,1.095218712,0,19.20993011,0,-1470.364999,0,0.644545
Feb 2000,82.0742232,0.507792636,0,0,0.687224103,0.637734551,1.077578157,0.031917771,0.18865009,0,-2.467168498,0,81.37778047,2.925471582,1.095149938,0,85.39840199,0,-1470.783283,0,-0.418284
Mar 2000,536.8064325,1.898592891,0,0,1.207496654,0.920659361,1.205379216,0.103045876,1.013948718,0,-3.747486795,0,533.8938909,5.359242393,1.389170633,0.008366233,540.6506702,0,-1474.107461,0,-3.324178
Apr 2000,130.234299,3.550823381,0,0,2.96347059,1.151471703,4.90078974,2.084473657,2.444446311,0,-1.746422858,0,124.2390293,3.48524735,4.628314971,0.373541721,132.7261333,0,-1477.951699,0,-3.844238
May 2000,21.74373397,4.667386628,0,0,7.490069116,4.867731121,19.27234673,5.71049866,3.983457403,0,-4.384240127,0,13.09288994,6.42928876,16.18418606,0.989098227,36.69546299,0,-1480.443533,0,-2.491834
Jun 2000,1566.261717,3.747370259,0,0,5.607556466,3.912047004,14.74170187,4.080889695,4.091901382,0,-3.087592808,0,1558.422445,5.139453606,12.35632164,1.030464237,1576.948685,0,-1495.395262,0,-14.951729
Jul 2000,1075.033567,4.329298062,0,0,6.61382659,4.223814146,16.2689418,4.853600552,4.239200608,0,-3.827021476,0,1066.465068,5.766307095,13.80535369,1.055459264,1087.092188,0,-1506.08223,0,-10.686968
Aug 2000,1022.682964,3.79159917,0,0,5.743305647,3.72474684,14.56017692,4.290359438,3.853283544,0,-3.16585364,0,1015.038081,4.938894004,12.28837628,0.947570432,1033.212922,0,-1518.140852,0,-12.058622
Sep 2000,127.8603922,3.545298481,0,0,6.780681617,4.335389362,16.96844382,5.072163624,3.173067313,0,-1.921624014,0,121.1420264,3.02163024,14.34157245,0.797469232,139.3026984,0,-1528.67081,0,-10.529958
Oct 2000,1705.864146,2.982153616,0,0,1.361672922,0.819159608,2.037567956,0.554599861,2.478091272,0,2.105902934,0,1700.403902,0.333737369,2.025481408,0.254244203,1703.017365,0,-1540.113116,0,-11.442306
Nov 2000,946.3375186,3.205762763,0,0,0.673205829,0.622456301,1.06112901,0.031679565,1.562877344,0,2.908393892,0,941.5688785,0.246619343,1.080198973,0,942.8956968,0,-1537.266334,0,2.846782
Dec 2000,423.1474263,1.85155355,0,0,0.671842496,0.620859432,1.059339662,0.031679565,1.125937115,0,1.649118942,0,420.1699356,0.151451544,1.078643161,0,421.4000303,0,-1533.824512,0,3.441822
Jan 2020,533.5476331,1.349320349,0,0,0.653295719,0.634460432,1.156336719,0.02184553,0.668991938,0,-0.896340638,0,531.5293209,2.226825701,1.153326477,0,534.909473,0,-1532.077116,0,1.747396
Feb 2020,325.9584492,0.565389454,0,0,0.651905191,0.63283546,1.154512405,0.02184553,0.261871031,0,-1.468097615,0,325.1311887,2.014417338,1.151736607,0,328.2973426,0,-1533.438956,0,-1.36184
Mar 2020,559.9069193,1.494851405,0,0,1.047980784,0.874460929,1.349704198,0.082658402,0.93141128,0,-4.496386593,0,557.4806566,5.817718142,1.440565652,0.004775193,564.7437156,0,-1535.77785,0,-2.338894
Apr 2020,101.8731085,4.077656375,0,0,2.60754502,1.036350312,4.811729159,1.941369982,2.363585084,0,-1.683134927,0,95.43186707,4.189596594,4.441553886,0.458659384,104.5216769,0,-1540.614646,0,-4.836796
May 2020,387.0313279,4.592067185,0,0,5.555197502,3.908437237,15.66530595,4.354718953,4.406200103,0,-5.936594098,0,378.0330606,8.881901019,12.95734727,0.927779378,400.8000882,0,-1543.263214,0,-2.648568
Jun 2020,384.6557854,4.971024959,0,0,6.648639699,4.73034115,19.21269341,5.330941614,4.885945036,0,-5.612602187,0,374.7988154,8.665328596,15.80005035,1.10175463,400.3659489,0,-1557.031975,0,-13.768761
Jul 2020,920.7896676,4.66999234,0,0,5.860752606,4.191060296,16.90673083,4.653696271,4.646310151,0,-4.3602737,0,911.4733651,7.360573731,13.92272687,1.055690474,933.8123562,0,-1572.742138,0,-15.710163
Aug 2020,1169.768305,2.64619688,0,0,4.414951948,3.026952461,12.07273091,3.392664644,3.417838569,0,-3.487325554,0,1163.70427,4.745522947,10.06806575,0.900157259,1179.418016,0,-1585.764827,0,-13.022689
Sep 2020,631.9756246,3.386239125,0,0,5.173736742,3.928975782,15.16096788,3.947053778,3.367740953,0,-0.869060378,0,625.2216445,3.010538544,12.45867506,0.768088229,641.4589464,0,-1595.414537,0,-9.64971
Oct 2020,93.03548177,5.07336032,0,0,2.617607174,1.080248915,4.5873723,1.836573207,2.855319492,0,3.073021689,0,85.10680196,0.462980372,4.288157352,0.287045682,90.14498536,0,-1604.897859,0,-9.483322
Nov 2020,582.8311264,1.830355468,0,0,0.741016689,0.678956275,1.192478041,0.040061062,1.011519447,0,1.041694944,0,579.9892515,0.726600111,1.214477392,0.023396027,581.953725,0,-1602.007363,0,2.890496
Dec 2020,227.3706312,1.014353865,0,0,0.63800817,0.616533947,1.136164877,0.02184553,0.792936079,0,0.778245793,0,225.5633413,0.214633849,1.135793571,0,226.9137687,0,-1601.129961,0,0.877402
Jan 2020,288.1889273,1.399554275,0,0,0.642234962,0.624233615,1.134747427,0.02184553,0.93998062,0,1.232497805,0,285.8493924,0.149055123,1.130903245,0,287.1293508,0,-1600.673099,0,0.456862
Feb 2020,310.1469455,0.87703135,0,0,0.640818199,0.62257034,1.132867597,0.02184553,0.328616478,0,-1.319710325,0,308.9412976,2.178493815,1.129269927,0,312.2490614,0,-1599.613522,0,1.059577
Mar 2020,148.5497941,1.972582067,0,0,0.661580088,0.63447943,1.141979313,0.02523889,1.000216719,0,-4.007454147,0,145.5769953,5.952935556,1.14384108,0.000519958,152.6742919,0,-1601.715638,0,-2.102116
Apr 2020,72.44962851,3.79102721,0,0,3.032326912,1.213094236,5.282327186,2.17720701,2.954577003,0,-3.056191375,0,65.70402429,5.027985909,4.924352852,0.473301887,76.12966494,0,-1605.840136,0,-4.124498
May 2020,109.9226639,3.82447896,0,0,6.188909527,4.415826125,17.84096421,4.931622208,3.763402316,0,-4.511045814,0,102.3347826,6.562441372,14.6824254,0.93207568,124.511725,0,-1609.520172,0,-3.680036
Jun 2020,321.362757,5.054875347,0,0,6.940806976,5.031945679,20.23967852,5.54210178,4.96178372,0,-5.411271749,0,311.346098,8.557285798,16.60643803,1.137576324,337.6473981,0,-1624.109234,0,-14.589062
Jul 2020,1451.620642,3.747465118,0,0,5.125303091,3.552367074,13.97737589,3.901582673,4.176410115,0,-3.002986427,0,1443.696767,5.177515528,11.64872924,1.012346482,1461.535358,0,-1640.393875,0,-16.284641
Aug 2020,865.6887621,3.35912686,0,0,5.640814867,4.086087602,15.98918648,4.335423822,3.811296741,0,-3.983147576,0,858.5183385,5.787547172,13.20848993,0.956673597,878.4710492,0,-1650.308591,0,-9.914716
Sep 2020,1121.571529,3.274991104,0,0,3.662751953,2.404557402,9.021864414,2.580944435,3.344724404,0,-1.054764998,0,1114.951814,3.071561551,7.699114529,0.697061191,1126.419551,0,-1663.090878,0,-12.782287
Oct 2020,966.0930257,2.963980681,0,0,1.524920345,0.852097265,2.583065741,0.77912491,2.090334325,0,1.926280692,0,961.0387107,0.36487691,2.476763911,0.244417339,964.1247688,0,-1667.938899,0,-4.848021
Nov 2020,263.7810504,1.575515203,0,0,0.631635067,0.609734857,1.117623351,0.022391157,1.03737608,0,1.302802237,0,261.1681591,0.250812756,1.117132404,0,262.5361043,0,-1665.970643,0,1.968256
Dec 2020,950.9631155,1.507314847,0,0,0.626652538,0.605878297,1.113955052,0.02184553,1.083516803,0,1.369847695,0,948.3722838,0.116692911,1.112883763,0,949.6018605,0,-1664.725697,0,1.244946
Jan 2020,9.517143344,1.214886195,0,0,0.628339263,0.613221475,1.106677141,0.02184553,0.989601236,0,1.064004284,0,7.312655913,0.135764123,1.099949399,0,8.548369434,0,-1663.364442,0,1.361255
Feb 2020,652.9049242,1.580919758,0,0,0.626895448,0.61151873,1.104740115,0.02184553,0.878003728,0,1.227603318,0,650.4460007,0.337939721,1.098271304,3.80E-05,651.8822497,0,-1662.395668,0,0.968774
Mar 2020,300.2354383,2.436809442,0,0,1.891030363,0.87152696,3.227269189,1.189963449,1.02710811,0,0.415542811,0,296.7715208,1.001763228,3.056809142,0.118637321,300.9487305,0,-1661.372993,0,1.022675
Apr 2020,28.8454487,3.11843415,0,0,2.725307857,1.127778488,4.748522016,1.920430263,1.741472388,0,-0.394138986,0,23.98554216,1.915043767,4.425621122,0.255944463,30.58215151,0,-1662.086285,0,-0.713292
May 2020,103.3450386,3.11329905,0,0,6.029432458,3.227163849,13.25735229,4.511497079,3.126925235,0,-3.122319082,0,97.10481435,3.433349523,11.54812382,0.823307612,112.9095953,0,-1663.822988,0,-1.736703
Jun 2020,466.293321,3.295374565,0,0,6.41632596,4.549370965,18.37647193,5.110008275,3.884704252,0,-5.100389876,0,459.1132422,6.528809446,15.13341865,1.041813282,481.8172836,0,-1673.387545,0,-9.564557
Jul 2020,418.9174706,3.15081525,0,0,7.099383026,5.342744096,21.31314347,5.681277435,3.985904232,0,-2.36050663,0,411.7807511,3.75468295,17.38850497,1.129704861,434.0536439,0,-1688.911507,0,-15.523962
Aug 2020,928.5269027,2.805181966,0,0,5.410929728,3.932530011,15.39245269,4.164157259,3.503148776,0,-5.458795772,0,922.218572,6.785578021,12.70669515,0.942798555,942.6536437,0,-1704.047681,0,-15.136174
Sep 2020,436.535032,4.357646536,0,0,5.116096571,3.530605477,14.05710861,3.957219597,3.545378699,0,0.889086522,0,428.6320068,1.883068921,11.68538011,0.73874181,442.9391976,0,-1718.174422,0,-14.126741
Oct 2020,847.7755162,3.08565801,0,0,2.40686483,1.182392628,4.122537606,1.471436387,2.639743438,0,1.605590933,0,842.0501147,0.255594875,3.875573421,0.41990818,846.6011912,0,-1724.578587,0,-6.404165
Nov 2020,466.1471639,0.130521003,0,0,0.625095195,0.602659254,1.099895337,0.026067095,0.079752713,0,-2.245401007,0,465.9368902,2.353486069,1.096264182,0.015735689,469.4023762,0,-1723.404262,0,1.174325
Dec 2020,81.57824741,0.456096395,0,0,0.61246027,0.594431609,1.085253769,0.02184553,0.584995756,0,-0.463245755,0,80.53715526,0.901313489,1.0814369,0,82.51990564,0,-1726.659474,0,-3.255212
Jan 2020,229.4776175,0.119152435,0,0,0.620852666,0.601416227,1.084046751,0.02184553,0.335311362,0,-0.549272245,0,229.0231537,0.648988242,1.081637659,0,230.7537796,0,-1727.601133,0,-0.941659
Feb 2020,541.0388695,1.219256598,0,0,0.940654146,0.796294336,1.241302066,0.071000546,0.738000726,0,0.489392853,0,539.0816122,0.585503935,1.31466133,0,540.9817774,0,-1728.877295,0,-1.276162
Mar 2020,562.3357476,0.41879416,0,0,1.076896042,0.831117692,1.499948011,0.198362281,1.103455006,0,-4.140530616,0,560.8134985,4.313546426,1.54736408,0.498805081,567.1732141,0,-1728.820203,0,0.057092
Apr 2020,1414.209233,2.257887417,0,0,2.613402922,1.514981384,2.894736691,0.984281629,4.720246128,0,-1.374371111,0,1407.231099,2.53383699,3.008876599,1.884696526,1414.658509,0,-1733.657669,0,-4.837466
May 2020,133.2656307,2.626912089,0,0,9.297533009,6.560433768,19.38669903,5.462750542,8.007947734,0,-4.015532639,0,122.6307709,3.905345487,16.66104773,5.156351672,148.3535158,0,-1734.106946,0,-0.449277
Jun 2020,587.8554133,2.863456693,0,0,9.392461584,6.496250219,19.09686538,5.494152181,9.436709317,0,-7.708636549,0,575.5552473,7.675881878,16.49892456,6.00786614,605.7379199,0,-1749.194831,0,-15.087885
Jul 2020,1191.528005,2.282536456,0,0,7.963740617,5.362320728,14.99515343,4.405365965,8.905824913,0,-7.035748849,0,1180.339643,6.716865417,13.19120735,5.757953699,1206.00567,0,-1767.077337,0,-17.882506
Aug 2020,1488.935145,2.476751056,0,0,6.711846871,4.715952128,13.46979008,3.765101811,8.088936974,0,-4.065586313,0,1478.369457,4.546442626,11.70058301,4.992713567,1499.609196,0,-1781.555002,0,-14.477665
Sep 2020,1088.2118,1.985065293,0,0,5.904449589,4.082592928,11.06696423,3.118294404,6.376274899,0,-1.582477432,0,1079.85046,1.745686064,9.770526487,3.903975276,1095.270648,0,-1792.229054,0,-10.674052
Oct 2020,1279.646172,3.552143702,0,0,1.963644567,1.138767412,2.621378482,0.812977959,4.104944055,0,2.531095944,0,1271.989084,0.196170603,2.633277678,1.235897019,1276.054429,0,-1799.287901,0,-7.058847
Nov 2020,1200.449159,0.164866887,0,0,0.606153108,0.583945977,1.064005063,0.02184553,0.388731876,0,-1.173074279,0,1199.895561,1.315734035,1.064366665,0.020925979,1202.296587,0,-1795.696159,0,3.591742
Dec 2020,461.4661784,0.440262147,0,0,0.604683463,0.582192745,1.061988822,0.02184553,0.61798359,0,0.077776648,0,460.4079327,0.339994781,1.06263401,0,461.8105615,0,-1797.543587,0,-1.847428
Jan 2020,758.7894067,0.71638378,0,0,0.609688148,0.588817262,1.060364505,0.02184553,0.631168506,0,0.356791115,0,757.4418544,0.338721779,1.059389861,3.00E-06,758.839969,0,-1797.88797,0,-0.344383
Feb 2020,1228.791527,0.672629165,0,0,0.814192781,0.654937408,1.330239834,0.16390095,1.219450125,0,0.112788856,0,1226.899448,0.400584935,1.325594257,0.482291689,1229.107919,0,-1797.938532,0,-0.050562
Mar 2020,558.5628117,1.324406801,0,0,1.992217633,0.931559246,3.401685512,1.242860277,1.729834941,0,-2.342228021,0,555.50857,2.605976436,3.219483622,0.93818715,562.2722172,0,-1798.254924,0,-0.316392
Apr 2020,388.097855,1.873997205,0,0,3.999686499,2.05706717,4.585564081,1.878675417,4.341511786,0,-9.658070786,0,381.882346,9.589448662,4.649507993,1.578531101,397.6998337,0,-1801.964329,0,-3.709405
May 2020,651.5983998,4.273127949,0,0,7.988966253,4.607680397,12.35259218,4.288806473,7.960576675,0,-9.218542414,0,639.3646951,10.11038451,11.44507156,4.441455026,665.3616062,0,-1811.566308,0,-9.601979
Jun 2020,80.60618244,3.366079981,0,0,10.45727816,7.227528538,21.65863121,6.257294557,9.417670918,0,-12.34803589,0,67.82243155,12.48436626,18.63108627,6.114546297,105.0524304,0,-1825.329514,0,-13.763206
Jul 2020,429.3556132,3.115334738,0,0,10.38596175,7.137278627,21.18983799,6.149556572,9.679537893,0,-8.549908745,0,416.5607406,8.416560358,18.28896454,6.266683535,449.532949,0,-1849.775762,0,-24.446248
Aug 2020,1781.820635,2.266927998,0,0,6.6341444,5.165120544,14.17295151,3.518881451,8.154410274,0,-6.244317787,0,1771.399297,7.042221929,12.12309391,4.973789237,1795.538402,0,-1869.953098,0,-20.177336
Sep 2020,1115.34183,1.880082225,0,0,5.780876648,3.479748619,9.746914843,3.201800769,6.705578259,0,-5.943951349,0,1106.75617,5.522905545,8.846242103,4.298084343,1125.423402,0,-1883.670865,0,-13.717767
Oct 2020,1132.133404,1.830185634,0,0,2.52747703,1.491351724,2.832568071,0.935086982,3.900342179,0,-0.518972825,0,1126.402876,1.313033152,2.933606396,1.566547308,1132.216063,0,-1893.752436,0,-10.081571
Nov 2020,5.511835143,1.255717208,0,0,0.603661138,0.576416461,1.044164666,0.023213844,1.003365125,0,-1.347068762,0,3.25275281,2.575541293,1.048195498,0,6.876489602,0,-1893.835096,0,-0.08266
Dec 2020,9.358096468,0.580363254,0,0,0.593221332,0.569149449,1.037655989,0.02184553,0.708362664,0,-0.994040869,0,8.06937055,1.55033224,1.039882343,0,10.65958513,0,-1895.19975,0,-1.364654
Jan 2020,11.96897134,0.173460359,0,0,0.551896282,0.573734269,1.170331859,0.044274823,0.247319146,0,-0.491516626,0,11.54819183,0.686814973,1.104219048,0,13.33922586,0,-1896.501239,0,-1.301489
Feb 2020,100.1113628,0.093615574,0,0,0.550397154,0.571924847,1.168227378,0.044274823,0.08302143,0,-1.435151142,0,99.93472578,1.550294409,1.102424862,0,102.5874451,0,-1897.871493,0,-1.370254
Mar 2020,110.9423723,0.176467199,0,0,1.043265253,0.822533146,1.540629896,0.20976449,0.360191331,0,-4.092426065,0,110.4057137,4.048161156,1.551597513,0.244358385,116.2498308,0,-1900.347575,0,-2.476082
Apr 2020,92.12974209,2.646033593,0,0,4.954475707,2.499882168,5.713087981,2.421350992,5.677454239,0,-4.448260137,0,83.80625425,4.63970019,5.746330529,2.380665356,96.57295033,0,-1905.655034,0,-5.307459
May 2020,148.2466873,1.883964572,0,0,9.144609823,7.077865147,22.54680773,5.867107331,8.089284281,0,-6.993917239,0,138.2734385,6.811137136,18.74644507,5.504418043,169.3354387,0,-1910.098242,0,-4.443208
Jun 2020,733.3078837,2.187232713,0,0,9.176419608,6.929789346,21.94017677,5.818455726,9.317737305,0,-7.995386538,0,721.8029137,7.935988989,18.36835131,6.152309072,754.259563,0,-1931.186994,0,-21.088752
Jul 2020,1733.002625,2.699830021,0,0,6.146205434,4.357452392,13.46449126,3.749632216,9.004091683,0,-3.058194942,0,1721.298703,3.969271921,11.50361209,5.634965404,1742.406553,0,-1952.138673,0,-20.951679
Aug 2020,3962.010436,7.99263892,0,0,3.020817751,2.595574023,7.509255128,1.639510469,10.13065208,0,1.485381894,0,3943.887145,6.082013298,6.294988386,4.453803495,3960.71795,0,-1961.542601,0,-9.403928
Sep 2020,1907.772515,3.917876689,0,0,4.146292773,2.933067157,7.894482368,2.132977701,6.7577141,0,1.106120714,0,1897.096925,1.598530359,6.974730284,3.363388818,1909.033574,0,-1960.250115,0,1.292486
Oct 2020,1588.589777,1.14142155,0,0,1.017844301,0.716734269,1.93200479,0.420425145,2.626346735,0,-1.578290379,0,1584.822008,2.418601896,1.812689677,1.225854213,1590.279154,0,-1961.511173,0,-1.261058
Nov 2020,95.61972406,0.656550514,0,0,0.587675341,0.586376899,1.173307389,0.051972037,0.388945406,0,-1.991269309,0,94.57422814,2.64652138,1.122633795,0,98.34338332,0,-1963.200551,0,-1.689378
Dec 2020,552.4741891,0.278926082,0,0,0.535411887,0.553767726,1.1470577,0.044274823,0.270447263,0,-2.195254134,0,551.9248157,2.492536055,1.084427038,0,555.5017788,0,-1965.92421,0,-2.723659
Jan 2020,688.1795872,0.104783423,0,0,0.535140938,0.560184075,1.148872941,0.044274823,0.172583162,0,-1.681969081,0,687.9022206,1.81179564,1.079554982,0,690.7935712,0,-1968.9518,0,-3.02759
Feb 2020,392.5826347,0.157643458,0,0,0.533640966,0.558348013,1.146717653,0.044274823,0.156399915,0,-1.78758851,0,392.2685913,1.969939015,1.077735783,0,395.3162661,0,-1971.565784,0,-2.613984
Mar 2020,343.9090679,1.418938218,0,0,0.95704643,0.805214929,1.373068735,0.125932735,1.412004798,0,-5.107338572,0,341.0781249,6.374445288,1.398967502,0.258956602,349.1104943,0,-1974.299415,0,-2.733631
Apr 2020,432.015547,2.543502547,0,0,2.407334386,1.157095266,3.929872148,1.472289586,3.971835831,0,-3.607022617,0,425.5002086,4.900286044,3.707821682,2.003452944,436.1117693,0,-1979.500842,0,-5.201427
May 2020,1194.807407,1.977647624,0,0,5.417212139,2.806236399,7.402247706,2.846410223,6.290708873,0,-6.495302291,0,1186.53905,5.861974175,7.166813222,3.924042316,1203.49188,0,-1983.597064,0,-4.096222
Jun 2020,449.617833,3.732026017,0,0,8.853586394,6.926788044,21.6903899,5.573037528,10.12330314,0,-5.883754509,0,435.7625038,7.688982176,18.04415072,6.10228305,467.5979198,0,-1992.281537,0,-8.684473
Jul 2020,1453.373741,1.836325485,0,0,7.462374378,6.334971666,19.59155847,4.60680128,9.106328229,0,-5.727680714,0,1442.431087,6.436603486,16.1121599,5.867777078,1470.847628,0,-2010.261624,0,-17.980087
Aug 2020,952.3038283,1.974641576,0,0,7.596164522,6.120420016,19.34703163,4.81549797,8.281385989,0,-7.026019213,0,942.0478007,7.524916283,16.00727817,5.390088188,970.9700833,0,-2027.735511,0,-17.473887
Sep 2020,839.1063703,2.205729239,0,0,6.199824588,4.952804196,15.49411361,3.862497546,6.84699685,0,-4.241607173,0,830.0536442,5.20031602,12.87863646,4.24468603,852.3772827,0,-2046.401766,0,-18.666255
Oct 2020,150.7530746,1.361905586,0,0,2.949066128,1.430814442,4.425011855,1.726071468,3.086309672,0,-1.711780804,0,146.3048594,1.555434703,4.217192072,1.574999078,153.6524852,0,-2059.672678,0,-13.270912
Nov 2020,242.0993534,0.738181715,0,0,0.568137924,0.570876287,1.150018719,0.051551424,0.552364818,0,-1.339584394,0,240.8088068,2.080504472,1.095728932,0,243.9850402,0,-2062.572089,0,-2.899411
Dec 2020,773.2809087,1.667762985,0,0,0.518647347,0.539921897,1.125034391,0.044274823,1.173803825,0,-0.002250314,0,770.4393419,1.691287849,1.059485018,0,773.1901148,0,-2064.457776,0,-1.885687
Jan 2020,137.1856047,0.075385568,0,0,0.520690353,0.546149531,1.12754016,0.044274823,0.259511657,0,-1.435239228,0,136.8507074,1.536083973,1.057806159,0,139.4445976,0,-2064.366982,0,0.090794
Feb 2020,162.0745862,0.072338579,0,0,0.5191893,0.544285699,1.125331669,0.044274823,0.004883006,0,-3.010126793,0,161.9973646,3.107561771,1.055960448,0,166.1608868,0,-2066.625975,0,-2.258993
Mar 2020,76.77091626,1.743439869,0,0,0.543328154,0.55799357,1.135384884,0.048168053,1.239615144,0,-7.343088531,0,73.78786124,9.101193815,1.072551416,0.017435843,83.97904232,0,-2070.712275,0,-4.0863
Apr 2020,25.21248753,2.146566617,0,0,2.389051972,0.99808967,4.486097641,1.779277788,2.997986911,0,-6.738116977,0,20.067934,7.493721292,4.097782154,1.362947788,33.02238524,0,-2077.920401,0,-7.208126
May 2020,319.7435583,2.621602553,0,0,5.85909728,3.137222787,8.237400251,3.12897924,6.72834962,0,-10.12506064,0,310.3936062,10.0247887,7.830295504,3.710937193,331.9596276,0,-2085.730299,0,-7.809898
Jun 2020,258.7000177,2.767451389,0,0,9.829056087,7.733695628,24.46407279,6.275008106,9.664231236,0,-9.560329946,0,246.268335,10.23242088,20.28442514,6.334290917,283.119472,0,-2097.946368,0,-12.216069
Jul 2020,3450.937835,3.627609234,0,0,4.533403236,3.638612498,10.60163337,2.545021501,9.226534832,0,0.454314826,0,3438.083691,2.27850367,8.951402602,5.172448364,3454.486046,0,-2122.365823,0,-24.419455
Aug 2020,1604.957006,2.442710298,0,0,6.001803909,4.382578616,13.24434456,3.564161687,8.026842226,0,-5.06252778,0,1594.487453,5.886012785,11.29940817,4.935774156,1616.608648,0,-2125.914033,0,-3.54821
Sep 2020,1135.54797,3.763604,0,0,5.808658982,4.792599229,14.87122096,3.574098291,7.307391548,0,-1.279015381,0,1124.476975,4.026559628,12.31318242,3.899608677,1144.716326,0,-2137.565676,0,-11.651643
Oct 2020,931.2925688,0.887180856,0,0,1.711429658,0.995981884,2.624947495,0.809073712,2.701013556,0,-2.079518224,0,927.7043743,2.251251306,2.531321557,1.18378438,933.6707316,0,-2146.734031,0,-9.168355
Nov 2020,178.2004151,1.256449919,0,0,0.505686265,0.527457185,1.105346137,0.044274823,0.619373834,0,0.415855568,0,176.3245914,0.862365272,1.039300394,0,178.226257,0,-2149.112194,0,-2.378163
Dec 2020,334.4621219,0.877324772,0,0,0.504186681,0.52558132,1.103113336,0.044274823,0.561131749,0,0.536916406,0,333.0236653,0.361803004,1.037443874,0,334.4229122,0,-2149.138036,0,-0.025842
Jan 2020,42.88317889,0.469967373,0,0,0.504503429,0.531619296,1.105319445,0.044274823,0.247962489,0,-1.13897111,0,42.16524903,1.63605435,1.033928755,0,44.83523213,0,-2149.098826,0,0.03921
Feb 2020,24.70060128,0.069553751,0,0,0.503019203,0.529738048,1.103065108,0.04427747,0.016086067,0,-3.019586676,0,24.61496146,3.115859272,1.032068792,0,28.76288953,0,-2151.050879,0,-1.952053
Mar 2020,170.8629474,0.261512066,0,0,0.938118292,0.775776128,1.36617477,0.145270581,0.444137773,0,-6.825168065,0,170.1572976,6.924337966,1.383246354,0.199293677,178.6641756,0,-2155.113168,0,-4.062289
Apr 2020,127.3368667,2.728396196,0,0,4.268832786,2.20816832,4.942657874,2.039980636,5.518323123,0,-4.340390173,0,119.0901474,5.008121902,4.963341704,2.010128651,131.0717396,0,-2162.914396,0,-7.801228
May 2020,546.3722326,2.027241607,0,0,7.508825157,5.5188077,17.1628208,4.651605586,8.143959858,0,-6.617617161,0,536.2010311,6.654841311,14.50123267,5.013625415,562.3707305,0,-2166.649269,0,-3.734873
Jun 2020,635.513728,1.596445276,0,0,8.023780658,6.342225771,19.84873197,5.051899352,8.459785741,0,-7.244369632,0,625.457497,7.159260022,16.47838751,5.633265489,654.72841,0,-2182.647767,0,-15.998498
Jul 2020,1586.168992,1.078309437,0,0,6.992946206,5.756361379,17.35249329,4.183341187,9.315731311,0,-7.263484389,0,1575.774951,7.105208998,14.40573693,6.014061325,1603.299958,0,-2201.862449,0,-19.214682
Aug 2020,687.6347583,2.256659425,0,0,7.995374487,6.244620304,19.55475904,5.022173538,8.778480621,0,-6.349518715,0,676.5996183,6.855423957,16.28333969,5.411010151,705.1493921,0,-2218.993415,0,-17.130966
Sep 2020,1414.236995,1.413811163,0,0,4.696345126,3.188177651,9.165272963,2.622478058,6.273180584,0,-1.628133811,0,1406.550003,1.533777499,8.050962379,3.917835688,1420.052579,0,-2236.508049,0,-17.514634
Oct 2020,798.3505724,3.476387195,0,0,2.166487185,1.274268188,2.821559257,0.921193408,3.773671121,0,1.451964572,0,791.1005141,1.132203627,2.792584845,1.104200936,796.1295035,0,-2242.323633,0,-5.815584
Nov 2020,335.5330523,1.521699622,0,0,0.489495813,0.512647094,1.082582282,0.044274823,0.613782834,0,0.370065017,0,333.3975698,1.174785886,1.015156178,0,335.5875119,0,-2240.102564,0,2.221069
Dec 2020,716.975557,0.138892581,0,0,0.487996376,0.510743413,1.080295097,0.044274823,0.2824308,0,-0.990768974,0,716.5542336,1.152408592,1.013273237,0,718.7199155,0,-2240.157023,0,-0.054459
Jan 2020,762.7967128,0.264249988,0,0,0.488852994,0.516591096,1.08256771,0.044274823,0.492473936,0,-0.605144471,0,762.0399888,0.897132561,1.010554785,0,763.9476762,0,-2241.901382,0,-1.744359
Feb 2020,647.0154811,0.077889988,0,0,0.489075064,0.516865968,1.082963781,0.044274823,0.365149468,0,-1.298860381,0,646.5724417,1.404541273,1.010898054,0,648.987881,0,-2243.052345,0,-1.150963
Mar 2020,489.5245696,0.279938503,0,0,0.855925167,0.739487454,1.257562524,0.099865573,0.37880262,0,-3.267140227,0,488.8658285,3.430641018,1.274134663,0,493.5706041,0,-2245.024745,0,-1.9724
Apr 2020,575.363789,3.389495994,0,0,1.985673883,1.108618293,2.920690203,0.977990796,4.874949939,0,-3.312870897,0,567.0993431,5.825311301,2.819754998,1.454577444,577.1989868,0,-2249.07078,0,-4.046035
May 2020,148.0154215,6.081769268,0,0,8.022785898,6.032794062,18.99059256,5.065091619,10.02848472,0,-5.539027566,0,131.9051675,9.630804998,15.91549278,4.895521607,162.3469869,0,-2250.905978,0,-1.835198
Jun 2020,423.4903874,4.504784733,0,0,9.601299933,7.486815345,23.84658152,6.171736065,11.21584363,0,-7.834068227,0,407.7697591,10.22436837,19.78933004,6.325064369,444.1085219,0,-2265.237543,0,-14.331565
Jul 2020,2375.675152,3.084857149,0,0,5.421544742,4.564334277,13.18760598,3.053792751,9.80168041,0,-5.24343901,0,2362.788614,7.471085694,10.9910237,5.501366334,2386.75209,0,-2285.855677,0,-20.618134
Aug 2020,1196.825479,2.607682744,0,0,6.721214872,5.101342227,15.31705251,4.012291737,8.822025665,0,-7.339534539,0,1185.395771,8.327344638,12.92463342,5.230446441,1211.878195,0,-2296.932616,0,-11.076939
Sep 2020,884.2698137,1.896287774,0,0,6.496491592,5.143190239,15.4977418,3.890925888,7.293981696,0,-2.830639729,0,875.0795442,3.37362615,12.96011726,4.382281468,895.7955691,0,-2311.985332,0,-15.052716
Oct 2020,544.9046232,3.683525851,0,0,3.427178849,1.792491342,4.167286767,1.646463416,4.894603325,0,0.840053774,0,536.326494,1.20878457,4.155510858,1.877663112,543.5684526,0,-2323.511087,0,-11.525755
Nov 2020,7.120856781,0.09450276,0,0,0.490975475,0.519204862,1.086345978,0.044276145,0.106996681,0,-1.56958178,0,6.91935734,1.692313927,1.013840447,0,9.625511714,0,-2322.174916,0,1.336171
Dec 2020,242.2090054,0.185304916,0,0,0.491177739,0.519460034,1.086719075,0.044274823,0.223406254,0,-0.314816726,0,241.8002943,0.528403936,1.014161957,0,243.3428602,0,-2324.679571,0,-2.504655
Jan 2020,0.699014336,0.08283002,0,0,0.490784096,0.519720642,1.085644139,0.044274823,0.09381822,0,-1.061329145,0,0.522366096,1.173095711,1.01243277,0,2.707894577,0,-2325.813426,0,-1.133855
Feb 2020,212.7311813,0.077107938,0,0,0.490995299,0.519981379,1.086021782,0.044274823,0.093525511,0,-1.666597699,0,212.5605479,1.772691717,1.012760878,0,215.3460005,0,-2327.822306,0,-2.00888
Mar 2020,6.84919758,0.200543499,0,0,0.743649136,0.622043683,1.362937167,0.182975254,0.596432648,0,-3.420214639,0,6.052221433,3.499152685,1.301567366,0.294542831,11.14748431,0,-2330.437125,0,-2.614819
Apr 2020,11.63766959,1.563951372,0,0,4.764225355,2.475051861,5.642598289,2.324082675,5.444961821,0,-2.771281992,0,4.628756398,2.04605987,5.607689109,2.499132739,14.78163812,0,-2334.735412,0,-4.298287
May 2020,17.97906372,1.938968331,0,0,8.356507353,6.40215515,20.31434005,5.337796368,7.719194446,0,-3.547492974,0,8.320900939,3.532109101,16.93089589,4.913034342,33.69694027,0,-2337.879381,0,-3.143969
Jun 2020,112.1376069,2.644431647,0,0,10.47275174,8.182097188,26.22491447,6.797599581,10.30510857,0,-9.557036961,0,99.18806672,9.910814051,21.71796945,6.520985672,137.3378359,0,-2353.597257,0,-15.717876
Jul 2020,945.7916399,2.255129714,0,0,8.549932823,6.486053402,20.4190388,5.400619868,9.593537722,0,-4.419891367,0,933.9429725,4.61114166,17.08229836,6.075759895,961.7121724,0,-2378.797486,0,-25.200229
Aug 2020,1071.418724,1.650671081,0,0,7.28260702,5.318811482,16.60516106,4.544818634,8.469051741,0,-4.200922596,0,1061.299002,3.887798139,14.02413797,5.492164962,1084.703103,0,-2394.718019,0,-15.920533
Sep 2020,642.3954272,3.604803156,0,0,6.412364652,5.031342098,15.83135307,4.029803877,7.635198278,0,1.803853822,0,631.1554257,0.419926779,13.18257175,4.191509228,648.9494335,0,-2408.002397,0,-13.284378
Oct 2020,568.3984345,3.291257251,0,0,2.385828017,1.300042424,3.320641598,1.1828895,4.127788988,0,1.897771269,0,560.9793883,0.307700389,3.22353769,1.428827909,565.9394543,0,-2414.556403,0,-6.554006
Nov 2020,221.3311069,0.076953329,0,0,0.492903092,0.52233631,1.089431662,0.044274823,0.064987305,0,-1.400409542,0,221.1891662,1.506796089,1.015723621,0,223.7116859,0,-2412.097423,0,2.45898
Dec 2020,1263.399442,0.821278801,0,0,0.493115894,0.522598915,1.089811802,0.044274823,0.692114393,0,0.175098033,0,1261.886049,0.675663789,1.016053958,0,1263.577767,0,-2414.478002,0,-2.380579